label,label_name,new_device,unusual_location,impossible_travel,used_vpn,credentials_breached,failed_logins,beneficiary_age_min,amount,amount_fraction
0,legit,0,0,0,0,1,1,1132.04,7231.56,0.1679
1,fraud,0,1,0,1,1,1,49.68,81919.82,0.6127
0,legit,0,0,0,0,0,0,29964.12,66295.45,0.4303
1,fraud,1,1,1,1,1,0,663.27,99792.13,0.5874
0,legit,0,0,0,0,0,0,1747.45,10622.69,0.0657
1,fraud,1,1,0,1,1,1,33.96,115459.53,0.7321
0,legit,0,0,0,0,0,0,337.26,2873.88,0.0942
1,fraud,1,1,0,0,1,2,1.46,24517.81,0.6771
0,legit,0,0,0,0,0,0,27760.6,4449.55,0.0523
1,fraud,0,0,0,1,0,2,680.12,64971.02,0.9416
0,legit,0,0,0,0,0,0,1036.17,23483.81,0.2402
1,fraud,1,1,1,1,1,0,6.29,120125.17,0.9551
0,legit,0,0,0,1,0,0,119.59,13066.86,0.1214
1,fraud,1,1,1,1,1,1,49.59,132794.6,0.7324
0,legit,1,0,0,0,0,0,39692.65,459.4,0.0075
1,fraud,1,0,0,1,0,0,413.23,80474.2,0.4269
0,legit,0,0,0,0,0,0,14633.2,30302.79,0.1906
1,fraud,1,1,1,0,1,0,2102.19,48334.44,0.9247
0,legit,0,0,0,0,0,0,11030.44,5466.75,0.125
1,fraud,1,1,0,1,0,1,240.86,6315.76,0.1494
0,legit,0,0,0,0,0,1,24625.07,11942.85,0.089
1,fraud,1,0,0,0,0,1,84.61,9879.93,0.2492
0,legit,0,0,0,0,0,0,19224.84,66140.93,0.4816
1,fraud,1,1,0,0,1,0,261.72,81916.06,0.4863
0,legit,0,0,0,0,0,0,8733.03,5367.22,0.1813
1,fraud,1,1,0,0,0,0,14.28,42162.61,0.6498
0,legit,1,0,0,1,0,0,143.17,118886.19,0.6918
1,fraud,1,0,0,0,1,1,1243.45,80963.18,0.7837
0,legit,0,0,0,0,0,0,15116.21,4110.92,0.0466
1,fraud,0,0,0,1,1,2,1170.06,66392.62,0.5729
0,legit,0,0,0,0,0,0,31745.88,12497.82,0.355
1,fraud,0,0,0,0,0,2,35.45,18657.4,0.5028
0,legit,0,0,0,0,0,0,26479.02,14664.47,0.0782
1,fraud,1,1,1,0,0,0,4734.14,40439.03,0.5887
0,legit,0,0,0,0,0,0,40533.21,13019.68,0.0811
1,fraud,0,1,0,1,0,1,35.34,96514.99,0.6726
0,legit,0,0,0,0,0,1,159.69,82491.93,0.4136
1,fraud,1,1,0,0,0,0,1565.28,54864.13,0.8661
0,legit,0,0,0,1,1,0,1154.23,20322.71,0.3229
1,fraud,1,0,0,0,0,0,7.58,86215.31,0.778
0,legit,0,0,0,0,0,0,880.82,3799.88,0.1275
1,fraud,0,1,1,1,1,3,47.07,65538.07,0.4871
0,legit,0,0,0,0,0,1,22668.81,26677.14,0.2877
1,fraud,1,1,1,1,1,1,24.59,34925.44,0.5902
0,legit,1,0,0,0,0,0,933.22,6332.34,0.0461
1,fraud,1,1,0,1,1,1,5418.97,97366.85,0.8799
0,legit,0,0,0,1,1,0,13158.33,13909.27,0.1736
1,fraud,1,1,0,0,1,0,225.15,25608.49,0.2989
0,legit,0,0,0,0,0,0,10170.25,1278.31,0.0112
1,fraud,1,0,0,0,0,0,23.62,22719.06,0.6603
0,legit,0,0,0,0,1,0,21910.65,168.68,0.0013
1,fraud,1,0,0,0,0,2,22.06,106186.63,0.9067
0,legit,0,0,0,0,0,0,490.78,974.88,0.0089
1,fraud,1,0,0,1,1,0,55.65,76422.78,0.7591
0,legit,1,0,0,0,0,0,33237.42,6506.87,0.0356
1,fraud,1,0,1,0,1,1,1398.34,165717.93,0.8403
0,legit,0,0,0,1,0,0,669.83,4360.8,0.0222
1,fraud,1,1,0,0,0,0,3.02,32845.64,0.828
0,legit,0,0,0,0,1,0,1235.77,375.28,0.018
1,fraud,1,1,0,0,1,2,51.22,47102.8,0.6382
0,legit,0,0,0,1,0,0,1438.19,4826.09,0.0658
1,fraud,1,0,0,0,1,2,8.15,44701.27,0.5212
0,legit,1,0,0,0,0,1,779.06,28062.41,0.394
1,fraud,1,0,0,0,1,1,14.56,72162.87,0.9246
0,legit,0,0,0,0,0,0,971.58,102486.46,0.615
1,fraud,1,1,1,0,0,1,2.25,81854.79,0.4246
0,legit,0,1,0,0,0,0,17496.9,341.62,0.0111
1,fraud,1,1,1,1,1,2,30.54,71222.7,0.6588
0,legit,0,0,0,0,0,0,329.07,25404.86,0.3194
1,fraud,1,1,1,1,1,2,11.38,19789.45,0.7721
0,legit,0,0,0,0,1,0,234.77,63922.87,0.4017
1,fraud,0,1,0,0,1,2,47.97,83082.86,0.6484
0,legit,0,1,0,0,1,0,1019.8,16138.91,0.1055
1,fraud,1,1,1,0,1,1,1457.31,4508.61,0.1962
0,legit,1,0,0,0,0,0,26269.14,7208.48,0.0987
1,fraud,1,1,1,0,1,1,606.71,105082.18,0.7402
0,legit,0,0,0,0,1,0,18476.47,16915.4,0.458
1,fraud,1,1,0,1,1,2,2356.48,96933.01,0.927
0,legit,0,0,0,0,0,0,39189.92,8328.46,0.0474
1,fraud,1,1,1,0,1,1,3144.8,57973.97,0.7486
0,legit,0,0,0,0,0,0,6915.1,5607.17,0.1137
1,fraud,0,1,1,0,0,0,11.23,63324.69,0.5557
0,legit,1,0,0,0,0,0,13749.76,104162.21,0.6607
1,fraud,0,0,0,1,1,0,193.83,124948.61,0.7254
0,legit,0,0,0,0,0,0,16943.51,6060.56,0.0653
1,fraud,1,0,1,0,1,0,2215.41,51674.57,0.5472
0,legit,0,0,0,0,0,0,8173.97,115592.6,0.6109
1,fraud,1,1,0,1,1,0,57.14,9704.37,0.0909
0,legit,0,0,0,1,0,1,26835.48,4607.52,0.0444
1,fraud,1,0,0,0,1,0,2914.79,25440.39,0.8767
0,legit,0,0,0,0,0,0,3.82,1149.26,0.0058
1,fraud,1,1,1,0,1,2,43.6,78259.58,0.7598
0,legit,0,0,0,0,0,0,20216.66,25368.59,0.1404
1,fraud,1,1,1,0,1,1,33.75,141223.11,0.9443
0,legit,0,0,0,0,0,0,29314.38,16267.23,0.1179
1,fraud,1,1,0,0,1,1,16.58,36183.93,0.8048
0,legit,0,0,0,0,0,0,27559.97,35726.6,0.4599
1,fraud,1,1,1,0,1,1,5129.21,54122.96,0.6939
0,legit,0,0,0,0,0,0,1072.92,51156.26,0.3245
1,fraud,1,1,0,1,1,1,13.21,15341.35,0.0919
0,legit,1,0,0,0,0,0,17729.01,20510.02,0.1027
1,fraud,1,1,0,0,1,0,433.47,83739.57,0.4671
0,legit,0,0,0,0,0,0,1428.54,47558.95,0.2379
1,fraud,1,0,1,1,1,0,547.61,41294.36,0.2553
0,legit,0,0,0,0,0,0,38149.91,4296.76,0.1152
1,fraud,1,1,1,1,0,0,1195.92,46044.12,0.9165
0,legit,0,0,0,1,0,0,32857.26,27896.2,0.2519
1,fraud,1,1,1,0,1,0,10.6,167189.61,0.9942
0,legit,1,0,0,0,0,1,277.32,3258.37,0.0545
1,fraud,1,1,0,0,0,0,36.13,70012.81,0.6512
0,legit,0,0,0,0,0,0,24996.61,11192.94,0.0789
1,fraud,1,0,0,1,0,1,56.14,23075.62,0.7515
0,legit,0,0,0,1,0,0,7064.74,1532.79,0.0088
1,fraud,1,1,1,0,1,2,1871.27,30354.55,0.7717
0,legit,1,0,0,0,0,2,18196.82,41561.85,0.5307
1,fraud,1,1,0,1,1,3,23.91,74232.84,0.5927
0,legit,0,0,0,0,0,0,27880.31,85300.72,0.4566
1,fraud,1,1,0,1,0,1,20.81,44041.4,0.4996
0,legit,0,0,0,0,0,0,1335.64,29803.56,0.2337
1,fraud,0,1,0,0,1,0,836.48,22577.9,0.9113
0,legit,0,0,1,0,0,0,25037.65,2783.72,0.0405
1,fraud,1,1,0,0,0,0,1271.84,77490.01,0.8866
0,legit,0,0,0,0,0,0,6384.35,67465.49,0.4138
1,fraud,1,0,1,1,1,1,40.13,37237.35,0.4241
0,legit,0,0,0,1,0,0,41000.07,64078.6,0.6898
1,fraud,1,1,0,0,1,1,32.12,11950.11,0.0601
0,legit,0,0,0,1,0,0,3938.26,7214.88,0.0424
1,fraud,0,1,1,1,1,3,11.44,5259.52,0.0736
0,legit,0,0,0,0,0,1,34672.13,12900.72,0.1091
1,fraud,0,1,0,1,1,0,5.48,22658.82,0.6676
0,legit,0,0,0,0,0,1,22977.96,74376.25,0.3945
1,fraud,1,1,1,1,1,2,923.87,11517.76,0.2044
0,legit,0,0,0,1,0,0,545.08,18898.38,0.1191
1,fraud,1,1,0,1,1,1,56.21,37599.89,0.6986
0,legit,0,0,0,0,0,0,4230.64,8313.28,0.0656
1,fraud,1,0,0,0,1,0,4240.15,125802.6,0.7828
0,legit,0,0,0,0,0,1,19191.41,8082.99,0.0486
1,fraud,1,1,0,1,1,1,1294.67,67244.17,0.9736
0,legit,0,0,0,0,0,0,252.67,9521.49,0.1128
1,fraud,1,1,1,0,0,0,46.95,25060.69,0.1621
0,legit,0,0,0,0,0,0,32834.36,6638.88,0.0868
1,fraud,1,1,1,1,0,2,38.62,35813.23,0.2034
0,legit,0,0,0,0,1,0,22082.57,16625.7,0.1781
1,fraud,1,1,1,0,0,3,5284.36,42951.45,0.5609
0,legit,0,0,0,0,0,0,3859.8,10992.63,0.0576
1,fraud,1,1,1,0,1,2,40.69,94252.69,0.5657
0,legit,0,0,0,0,0,0,545.09,14126.96,0.0829
1,fraud,1,0,1,1,1,2,23.77,79291.61,0.5133
0,legit,0,0,0,0,0,0,593.35,36888.74,0.3984
1,fraud,1,0,1,1,1,0,17.44,40933.78,0.2507
0,legit,0,0,0,1,0,0,36796.98,12652.15,0.1377
1,fraud,1,0,1,0,0,2,3.13,135862.66,0.7713
0,legit,0,0,0,0,0,0,759.78,92395.38,0.5997
1,fraud,1,1,1,1,1,1,47.23,155221.71,0.8419
0,legit,0,0,0,0,0,0,1417.23,21661.7,0.2598
1,fraud,0,1,1,0,1,2,58.8,154349.23,0.8621
0,legit,0,0,0,0,1,0,811.69,15728.42,0.144
1,fraud,0,1,1,0,1,1,52.01,16043.49,0.104
0,legit,0,0,0,0,1,1,915.39,41602.89,0.2703
1,fraud,1,1,1,0,0,0,254.62,54698.76,0.2805
0,legit,0,0,0,1,0,0,107.11,23336.44,0.5321
1,fraud,1,1,0,0,1,1,20.83,91461.86,0.8779
0,legit,0,0,0,0,0,0,112.41,26697.08,0.1693
1,fraud,1,0,1,0,1,1,902.26,107922.93,0.8161
0,legit,0,0,0,0,0,0,19854.6,7517.23,0.0489
1,fraud,1,0,0,1,1,2,31.77,56877.38,0.4431
0,legit,0,0,0,0,0,1,8993.73,4676.92,0.0792
1,fraud,1,0,0,1,1,0,2163.02,104235.73,0.7849
0,legit,0,0,0,0,0,0,1438.31,4781.9,0.0793
1,fraud,1,1,0,0,1,1,5470.27,51008.54,0.8997
0,legit,0,0,0,0,0,0,14838.7,10523.33,0.0888
1,fraud,1,1,0,1,1,0,51.05,85843.52,0.8556
0,legit,0,1,0,0,0,0,3734.09,22993.49,0.1844
1,fraud,1,1,1,1,1,2,1487.59,9771.29,0.1874
0,legit,0,0,0,0,0,1,13979.36,8748.39,0.0826
1,fraud,1,1,0,1,1,1,1131.77,76589.5,0.4617
0,legit,0,0,0,1,0,0,8817.61,64080.84,0.3805
1,fraud,0,1,0,0,1,2,5353.5,87022.64,0.4469
0,legit,0,0,0,0,0,0,108.49,74013.41,0.489
1,fraud,1,1,0,0,1,0,27.89,100359.1,0.5291
0,legit,0,0,0,0,0,1,30376.61,19828.1,0.1003
1,fraud,1,1,1,1,0,0,50.76,18359.55,0.1616
0,legit,0,0,0,0,0,0,30151.42,2029.37,0.0711
1,fraud,1,1,0,1,1,1,39.11,21717.54,0.549
0,legit,0,0,0,0,0,0,22951.97,4597.9,0.056
1,fraud,1,0,1,0,0,0,932.65,11344.78,0.0606
0,legit,0,0,0,0,0,0,36629.26,20179.92,0.2577
1,fraud,1,1,1,0,1,1,25.48,184173.1,0.9827
0,legit,0,0,0,0,0,0,23603.0,28573.03,0.1459
1,fraud,1,1,1,0,1,1,21.38,56292.72,0.6799
0,legit,0,0,0,0,0,0,22094.51,4935.12,0.1166
1,fraud,1,0,0,0,0,3,9.86,57490.55,0.5067
0,legit,0,1,0,0,1,0,12878.32,1259.36,0.0486
1,fraud,1,1,1,1,1,0,45.42,34919.73,0.1761
0,legit,0,0,0,0,0,0,33464.72,74.76,0.0005
1,fraud,1,0,0,1,0,0,1162.93,9564.57,0.0745
0,legit,0,0,0,0,0,0,38164.23,32297.51,0.4704
1,fraud,1,1,1,1,1,0,33.99,10780.17,0.1142
0,legit,0,0,0,0,0,0,35609.17,5854.87,0.0468
1,fraud,1,1,0,1,1,2,30.78,31354.21,0.4712
0,legit,0,0,0,0,0,0,7966.73,18681.64,0.4821
1,fraud,0,1,0,1,1,2,2799.58,54528.86,0.6497
0,legit,0,0,0,0,1,0,488.51,2792.43,0.0202
1,fraud,1,0,1,1,1,1,3.73,54564.97,0.6316
0,legit,0,0,0,0,0,0,545.88,63982.38,0.5088
1,fraud,0,0,1,1,0,3,5.66,103097.87,0.8509
0,legit,0,0,0,0,0,0,1251.5,3663.02,0.1379
1,fraud,0,1,1,1,1,1,5.71,93497.36,0.5199
0,legit,0,0,0,0,0,0,31861.4,5458.97,0.1966
1,fraud,0,0,0,1,1,0,654.99,38141.78,0.2988
0,legit,1,0,0,0,0,0,714.91,5386.76,0.029
1,fraud,1,1,1,0,1,0,747.24,111540.24,0.8961
0,legit,1,0,0,0,0,0,8552.53,1211.48,0.0373
1,fraud,1,1,0,0,1,0,51.23,40818.01,0.6557
0,legit,0,0,0,0,0,0,21386.61,20940.37,0.1166
1,fraud,1,1,1,1,1,0,15.13,79131.46,0.9233
0,legit,0,0,0,0,0,0,3413.17,49983.74,0.318
1,fraud,1,1,0,0,1,0,1427.92,31483.52,0.4744
0,legit,0,0,0,0,0,0,24653.44,17437.42,0.2371
1,fraud,1,0,1,1,1,0,31.71,2601.06,0.081
0,legit,0,0,0,0,0,0,909.73,91814.73,0.5873
1,fraud,1,1,0,0,1,1,45.39,104069.7,0.5214
0,legit,0,0,0,1,0,0,28890.27,1532.94,0.0102
1,fraud,1,1,0,1,1,1,4373.5,19335.3,0.533
0,legit,0,0,0,0,0,0,1041.72,4136.49,0.0364
1,fraud,1,1,1,0,1,0,20.36,144059.59,0.8635
0,legit,0,0,0,0,0,0,1272.54,17550.26,0.154
1,fraud,1,1,1,0,0,2,3.29,34654.83,0.1831
0,legit,0,0,0,1,1,0,210.43,157.57,0.0026
1,fraud,1,1,1,0,0,0,5338.76,130664.9,0.7721
0,legit,0,0,1,0,0,0,1957.71,18416.31,0.1648
1,fraud,1,1,0,1,0,0,17.71,92616.16,0.7862
0,legit,0,0,0,1,0,0,27233.88,16466.02,0.1159
1,fraud,1,1,1,1,0,3,33.5,28910.52,0.1863
0,legit,0,0,0,1,0,0,110.97,2358.62,0.0429
1,fraud,1,1,0,1,0,2,231.69,5281.7,0.0722
0,legit,0,0,0,0,0,0,45.96,4296.05,0.0935
1,fraud,1,1,0,0,1,2,29.71,14207.03,0.2558
0,legit,0,0,0,0,0,0,24841.21,25096.64,0.3073
1,fraud,1,1,0,0,1,1,12.64,139542.19,0.83
0,legit,0,0,0,0,0,0,957.16,80667.16,0.4681
1,fraud,1,1,0,0,1,1,13.62,109040.07,0.6365
0,legit,0,0,0,0,1,0,27092.41,10621.96,0.1057
1,fraud,1,1,0,0,0,0,5127.77,27204.84,0.5712
0,legit,0,0,0,0,0,1,38010.84,72408.38,0.3663
1,fraud,1,1,1,0,0,1,48.76,138191.15,0.9355
0,legit,0,0,0,0,0,0,37377.13,1300.58,0.0214
1,fraud,1,1,0,0,1,1,44.47,102565.45,0.6361
0,legit,0,1,0,0,0,0,9020.4,15093.1,0.1309
1,fraud,1,0,1,0,1,2,11.28,58583.12,0.5352
0,legit,0,0,0,0,0,0,970.94,709.8,0.0062
1,fraud,1,1,1,0,1,1,5721.12,45802.91,0.9325
0,legit,1,0,0,0,0,0,6323.72,8066.73,0.209
1,fraud,1,1,0,1,0,0,1764.6,40076.76,0.2616
0,legit,0,0,0,0,0,2,4000.06,12424.71,0.0976
1,fraud,1,1,1,1,1,2,115.13,14290.76,0.5695
0,legit,0,0,0,0,0,0,1412.3,3948.2,0.0258
1,fraud,1,1,1,1,1,2,947.57,85335.31,0.623
0,legit,1,0,0,0,0,0,11151.41,2558.7,0.0811
1,fraud,1,1,0,1,0,2,655.72,100283.67,0.6487
0,legit,0,0,0,0,0,0,40306.5,2958.48,0.1116
1,fraud,1,1,1,1,1,1,61.37,35860.01,0.7298
0,legit,0,0,0,1,0,0,7559.8,16995.82,0.0864
1,fraud,0,1,0,1,1,1,55.88,6784.59,0.1448
0,legit,0,0,0,0,0,0,23714.26,9107.65,0.0645
1,fraud,1,0,1,0,0,0,40.48,24958.98,0.8104
0,legit,0,0,0,0,0,0,960.41,2870.84,0.0274
1,fraud,1,1,0,1,0,0,25.15,76403.09,0.9746
0,legit,0,0,0,1,0,0,7997.38,357.93,0.0162
1,fraud,1,0,1,0,1,1,17.08,84021.15,0.6815
0,legit,0,0,0,0,0,0,1031.37,20545.31,0.1157
1,fraud,1,1,1,1,1,1,36.66,20681.83,0.1274
0,legit,0,0,0,0,0,1,36068.27,12274.35,0.0967
1,fraud,1,0,0,1,1,2,53.37,89142.89,0.5672
0,legit,0,0,0,0,0,0,683.17,11215.2,0.0914
1,fraud,1,0,0,1,0,0,13.88,152104.07,0.7707
0,legit,1,0,0,0,0,0,32739.75,13200.29,0.0675
1,fraud,0,1,0,1,1,2,743.84,69408.69,0.5293
0,legit,0,0,0,0,0,0,18549.12,8542.54,0.1619
1,fraud,1,0,0,0,0,2,36.7,69091.23,0.5332
0,legit,1,0,0,0,0,0,24274.93,123578.67,0.6664
1,fraud,0,0,0,1,1,0,10.28,186907.49,0.9756
0,legit,0,0,0,0,0,0,434.93,4799.97,0.0728
1,fraud,1,1,1,0,1,0,20.01,40947.39,0.5143
0,legit,0,0,0,0,0,0,142.03,2771.12,0.0999
1,fraud,1,1,0,1,1,0,1715.03,142020.62,0.841
0,legit,0,0,0,1,0,0,9213.15,2212.79,0.0278
1,fraud,0,1,0,0,1,1,1013.09,16641.59,0.446
0,legit,0,0,0,0,0,0,37646.15,7233.83,0.0845
1,fraud,0,1,0,1,1,0,1252.42,23676.2,0.517
0,legit,1,0,0,0,0,0,7883.72,22768.76,0.1213
1,fraud,0,1,0,1,1,0,5.81,72842.25,0.8744
0,legit,0,0,0,0,1,0,12892.49,42808.75,0.2577
1,fraud,1,0,0,1,1,1,6.82,56483.34,0.4986
0,legit,1,0,0,0,0,0,39824.12,13792.63,0.1864
1,fraud,1,0,0,1,0,1,29.39,2013.27,0.0754
0,legit,0,0,0,1,0,0,15583.93,5410.96,0.0886
1,fraud,0,1,0,0,1,1,1191.34,63604.17,0.5943
0,legit,1,0,0,0,1,0,905.19,17404.8,0.1817
1,fraud,1,1,0,1,1,3,745.83,102594.69,0.9655
0,legit,0,0,0,0,1,0,26480.09,22187.28,0.6748
1,fraud,1,1,1,1,0,0,18.74,18342.44,0.8246
0,legit,0,0,0,0,0,0,40867.52,1060.08,0.0153
1,fraud,1,1,0,0,1,1,49.32,33944.72,0.7018
0,legit,0,0,0,0,0,0,3057.06,266.82,0.0034
1,fraud,1,1,0,0,1,0,883.08,62575.85,0.8164
0,legit,0,0,0,0,1,0,22622.7,13013.82,0.135
1,fraud,1,0,1,0,0,1,41.15,18988.95,0.1598
0,legit,0,0,0,0,1,0,108.15,3845.71,0.0966
1,fraud,1,0,0,0,0,2,407.36,88339.27,0.7953
0,legit,1,0,0,0,0,0,82.99,75607.33,0.4369
1,fraud,1,1,1,1,1,2,4989.37,120135.2,0.9908
0,legit,0,1,0,0,0,0,12466.05,2593.06,0.0482
1,fraud,0,1,0,0,1,2,831.75,20068.05,0.9945
0,legit,0,0,0,1,0,0,10.17,2151.83,0.0299
1,fraud,1,1,1,0,1,1,625.11,107058.33,0.896
0,legit,0,0,0,0,0,0,30671.21,38290.34,0.2471
1,fraud,1,1,0,1,0,1,49.0,94693.22,0.6352
0,legit,0,0,0,1,0,0,22176.3,21968.58,0.1325
1,fraud,0,1,0,0,0,2,297.6,83936.5,0.7125
0,legit,0,0,0,0,0,0,36418.9,8170.44,0.0762
1,fraud,1,1,0,0,1,1,18.28,167660.32,0.9315
0,legit,0,0,0,0,0,0,1243.77,5940.5,0.0497
1,fraud,1,0,0,0,1,1,755.43,179887.85,0.984
0,legit,0,0,0,0,0,0,14262.49,10438.67,0.1041
1,fraud,1,1,0,1,0,2,43.38,27267.55,0.1476
0,legit,0,0,0,0,0,0,3294.03,130354.51,0.6531
1,fraud,0,1,1,1,1,0,1457.29,23774.56,0.5194
0,legit,0,0,0,0,0,0,526.64,2611.79,0.0536
1,fraud,1,1,0,0,0,1,4344.94,62938.16,0.4638
0,legit,0,0,0,0,1,0,35037.84,14055.87,0.121
1,fraud,1,1,1,0,1,0,51.56,43049.22,0.5855
0,legit,0,0,0,0,0,0,10321.3,104922.96,0.5718
1,fraud,1,1,1,1,1,1,36.69,64116.43,0.8744
0,legit,0,0,0,0,1,0,19217.75,19038.38,0.1768
1,fraud,1,0,0,1,1,1,32.6,90048.78,0.5796
0,legit,1,1,0,0,0,0,88.06,5365.85,0.1128
1,fraud,1,1,0,0,0,2,5035.82,42961.33,0.2837
0,legit,0,0,0,0,0,0,1385.14,4599.14,0.071
1,fraud,0,0,0,0,1,3,43.51,85982.79,0.5267
0,legit,0,0,0,1,0,0,446.13,3537.56,0.0631
1,fraud,1,0,0,1,1,0,2153.14,89642.66,0.453
0,legit,0,1,0,0,0,0,1353.45,7966.58,0.0413
1,fraud,1,1,0,1,0,3,50.18,134353.24,0.7149
0,legit,0,0,0,0,0,0,2412.63,3134.12,0.0658
1,fraud,1,0,1,1,1,0,10.77,18892.76,0.7997
0,legit,0,0,0,0,0,0,19433.75,579.82,0.0064
1,fraud,1,0,0,0,1,0,812.08,66077.81,0.9614
0,legit,0,0,0,0,0,0,30070.33,1691.31,0.0622
1,fraud,1,1,0,0,0,1,1033.52,40919.07,0.6544
0,legit,0,0,0,0,0,0,30932.75,4229.73,0.122
1,fraud,1,1,0,1,1,0,704.52,40487.45,0.4669
0,legit,1,0,0,1,0,0,31401.86,12501.95,0.0677
1,fraud,0,1,0,0,0,0,39.83,107750.45,0.9548
0,legit,0,0,0,1,0,0,1015.17,4343.11,0.0376
1,fraud,1,0,0,0,1,1,3109.14,64909.08,0.7112
0,legit,0,0,0,0,0,0,298.99,16649.54,0.1378
1,fraud,1,0,0,0,1,0,15.89,57065.85,0.6986
0,legit,1,1,0,0,0,0,302.45,15221.5,0.4181
1,fraud,1,0,0,0,1,1,5530.68,23030.97,0.5893
0,legit,1,0,0,0,1,0,19484.1,16396.65,0.358
1,fraud,1,1,1,1,1,0,39.14,26746.16,0.7487
0,legit,0,0,0,0,0,2,1410.67,14063.0,0.1463
1,fraud,1,1,1,1,1,0,552.82,125328.34,0.723
0,legit,0,0,0,0,0,0,40267.12,4066.31,0.1466
1,fraud,1,1,1,0,1,0,54.15,34794.99,0.213
0,legit,0,0,0,0,0,0,6619.07,18474.13,0.2037
1,fraud,1,0,1,0,1,2,15.66,39352.43,0.62
0,legit,0,0,0,0,0,0,422.33,79.52,0.0004
1,fraud,0,1,1,0,1,2,41.74,116854.62,0.6357
0,legit,0,0,0,1,0,0,7964.63,12538.71,0.124
1,fraud,1,1,0,0,1,1,10.77,34413.36,0.9016
0,legit,0,0,0,0,0,0,425.21,27248.16,0.1966
1,fraud,0,1,0,0,0,1,49.68,136634.84,0.8607
0,legit,0,0,0,0,0,1,1277.39,32255.7,0.361
1,fraud,1,1,0,0,0,1,30.67,78375.92,0.7018
0,legit,0,0,0,0,0,0,21251.61,1703.83,0.0258
1,fraud,1,1,1,1,1,1,68.73,122969.88,0.6706
0,legit,0,0,0,0,0,0,2250.4,20552.12,0.2216
1,fraud,0,1,0,1,0,1,1420.48,31873.05,0.2314
0,legit,1,0,0,0,0,0,4346.96,10493.49,0.0965
1,fraud,1,0,1,1,1,2,6.23,4350.91,0.0765
0,legit,0,0,0,0,1,0,30641.55,14943.45,0.1775
1,fraud,1,1,0,1,0,1,0.94,42591.72,0.531
0,legit,0,0,0,0,0,1,32021.62,17590.14,0.1105
1,fraud,1,0,0,0,0,2,30.58,136211.39,0.9127
0,legit,1,0,0,0,0,0,36776.54,1739.39,0.0532
1,fraud,0,1,0,0,1,2,766.31,23864.92,0.2483
0,legit,0,0,0,0,0,0,18342.29,34921.05,0.2005
1,fraud,1,1,0,1,0,0,2374.8,89657.33,0.4506
0,legit,1,1,0,0,0,0,23699.78,19284.82,0.1341
1,fraud,0,1,1,1,1,0,4150.57,63100.98,0.5552
0,legit,0,1,0,0,0,0,35860.22,4676.41,0.0392
1,fraud,1,1,1,0,0,2,56.39,29087.97,0.9042
0,legit,1,1,0,0,0,0,25182.52,298.21,0.0048
1,fraud,1,0,0,0,1,0,131.69,175465.79,0.9713
0,legit,0,0,0,0,0,0,1072.5,531.69,0.0129
1,fraud,1,1,1,1,1,0,294.18,140897.37,0.9378
0,legit,1,0,0,0,0,0,437.03,410.14,0.0086
1,fraud,1,0,0,0,1,1,45.42,42412.91,0.8788
0,legit,0,1,0,0,0,1,37980.97,5615.03,0.1136
1,fraud,1,1,1,0,1,0,30.69,57528.76,0.7682
0,legit,0,0,0,0,0,0,14307.38,81839.78,0.4488
1,fraud,1,1,0,1,1,0,18.95,13780.67,0.0774
0,legit,0,0,0,0,1,0,941.08,4831.72,0.0348
1,fraud,1,1,1,0,1,1,58.16,25707.46,0.4993
0,legit,0,0,0,0,0,0,22138.51,35441.21,0.2572
1,fraud,1,0,0,0,0,0,2650.47,91484.3,0.573
0,legit,0,0,0,0,0,0,21439.63,66237.85,0.6082
1,fraud,1,1,0,1,1,0,11.34,117631.13,0.7534
0,legit,0,0,0,1,0,0,33310.69,7129.45,0.1111
1,fraud,1,0,0,0,0,1,33.09,125758.99,0.7924
0,legit,0,0,0,0,0,0,3472.35,12600.71,0.4974
1,fraud,1,1,0,1,0,0,41.03,11166.04,0.5502
0,legit,0,0,0,1,0,2,12892.2,19667.44,0.1182
1,fraud,1,1,0,0,1,2,21.92,154244.68,0.8928
0,legit,1,0,0,0,0,0,967.87,19503.74,0.1231
1,fraud,1,0,1,1,0,0,58.68,58827.74,0.5989
0,legit,0,0,0,0,0,0,37234.94,585.87,0.0099
1,fraud,0,1,0,1,1,0,33.0,53126.45,0.5292
0,legit,0,0,0,1,0,0,9589.18,12452.45,0.1839
1,fraud,1,1,0,1,1,1,13.33,38400.7,0.6843
0,legit,1,0,0,0,0,0,36702.71,31151.85,0.1894
1,fraud,0,0,1,0,1,1,3404.6,22549.76,0.6451
0,legit,0,0,0,0,0,0,13184.83,31554.47,0.2273
1,fraud,1,1,0,0,1,2,1435.74,55505.98,0.6718
0,legit,0,0,0,0,0,0,29360.13,4645.93,0.0505
1,fraud,1,0,1,1,1,0,5.28,58973.62,0.6078
0,legit,0,0,0,0,0,0,26093.82,15092.89,0.1357
1,fraud,1,1,0,1,1,2,36.35,89084.97,0.9497
0,legit,0,0,0,0,0,0,28097.08,6857.69,0.1189
1,fraud,1,1,1,1,1,2,11.88,79546.15,0.6895
0,legit,0,0,0,0,1,1,22476.86,649.05,0.0035
1,fraud,1,1,0,1,0,1,0.36,44671.06,0.445
0,legit,0,1,0,0,0,2,843.05,82968.11,0.4276
1,fraud,1,1,0,1,1,0,2804.39,36206.46,0.6875
0,legit,0,0,0,0,1,0,1050.88,17841.12,0.1907
1,fraud,1,1,0,1,0,1,14.26,80537.29,0.7314
0,legit,0,0,0,0,0,0,18728.11,86865.63,0.5374
1,fraud,1,1,0,1,0,0,7.47,7512.51,0.1562
0,legit,0,0,0,0,0,0,33821.73,2317.84,0.0412
1,fraud,1,1,0,1,1,0,30.37,155304.8,0.8651
0,legit,0,0,0,0,0,0,11651.85,14063.98,0.0968
1,fraud,1,1,0,1,1,0,891.68,21236.94,0.2614
0,legit,1,0,0,0,0,0,12661.54,7314.42,0.0506
1,fraud,1,0,0,1,1,0,4507.92,9891.12,0.0804
0,legit,0,0,0,0,0,1,35470.32,5456.87,0.0353
1,fraud,1,1,1,1,0,1,13.05,61373.14,0.572
0,legit,0,0,0,0,0,0,31689.28,7729.23,0.0578
1,fraud,1,1,0,1,0,1,964.72,122034.54,0.8451
0,legit,0,0,0,0,0,0,31283.37,984.99,0.0203
1,fraud,1,1,1,1,1,0,924.78,30245.17,0.9237
0,legit,0,0,0,0,0,1,322.85,9934.92,0.1308
1,fraud,1,1,1,0,1,0,4480.29,44847.81,0.5341
0,legit,0,0,0,0,0,0,240.37,1258.68,0.0451
1,fraud,1,1,1,1,1,0,331.81,50121.63,0.692
0,legit,0,0,0,0,0,0,877.44,1592.88,0.0162
1,fraud,1,1,0,1,1,1,53.75,13052.67,0.2407
0,legit,0,0,0,0,0,2,36127.31,18980.25,0.3902
1,fraud,1,1,1,0,1,1,891.64,14895.24,0.4967
0,legit,0,0,0,0,0,0,22452.68,217.61,0.003
1,fraud,1,0,1,1,1,0,300.76,53714.72,0.4309
0,legit,0,0,0,0,0,0,33130.17,15871.13,0.1939
1,fraud,1,1,0,0,0,1,1.47,21238.92,0.1626
0,legit,0,0,0,0,0,0,1347.94,22167.67,0.5406
1,fraud,1,1,0,0,1,1,822.52,14546.53,0.5283
0,legit,0,0,0,0,0,0,720.3,401.43,0.0134
1,fraud,1,1,0,1,0,0,5310.3,12754.52,0.1192
0,legit,0,1,0,0,1,0,26058.8,8679.31,0.0851
1,fraud,0,1,1,0,0,0,231.33,61820.52,0.7754
0,legit,0,1,0,1,0,0,23502.41,11549.91,0.0834
1,fraud,1,1,0,1,1,2,899.62,114859.17,0.805
0,legit,0,0,0,0,0,0,8629.31,817.47,0.0161
1,fraud,1,1,0,1,1,1,57.77,123124.87,0.6692
0,legit,0,1,0,1,0,0,5738.41,7076.13,0.0664
1,fraud,1,1,1,0,0,1,42.78,61722.02,0.4646
0,legit,0,0,0,0,0,0,28711.94,25484.75,0.2282
1,fraud,1,1,1,1,0,2,4041.02,49637.95,0.5164
0,legit,0,0,0,0,0,0,37765.22,728.87,0.0039
1,fraud,0,0,0,1,0,1,305.34,19057.34,0.1257
0,legit,0,0,0,1,0,0,26848.89,24187.05,0.3032
1,fraud,1,0,0,0,1,0,33.29,78408.09,0.6013
0,legit,1,0,0,0,0,0,11918.12,2018.52,0.0245
1,fraud,1,1,0,1,1,0,1252.08,13370.34,0.4878
0,legit,0,0,0,0,0,0,8156.11,13000.38,0.154
1,fraud,1,0,1,1,1,2,471.41,27596.11,0.8492
0,legit,0,0,0,0,0,0,1336.8,36190.34,0.2845
1,fraud,1,1,1,1,0,2,3288.32,20773.68,0.1289
0,legit,1,0,0,0,0,0,31573.15,22852.52,0.3876
1,fraud,1,0,1,1,0,0,27.39,118571.21,0.6326
0,legit,0,0,0,0,0,0,59.28,13178.12,0.0923
1,fraud,1,1,0,1,1,0,2596.24,81834.23,0.5132
0,legit,0,0,0,0,0,0,21878.59,22908.93,0.142
1,fraud,1,0,0,0,1,0,39.52,44076.26,0.4551
0,legit,0,0,0,0,0,0,1063.94,28831.87,0.1495
1,fraud,1,1,1,1,1,1,55.91,90942.05,0.7876
0,legit,0,1,0,1,0,0,35255.96,15044.48,0.0921
1,fraud,1,1,1,0,1,1,12.65,101101.93,0.9993
0,legit,1,1,0,0,0,1,206.61,4483.64,0.0476
1,fraud,1,1,1,0,1,3,1.51,46387.38,0.7041
0,legit,1,0,0,0,0,0,851.95,4505.83,0.1179
1,fraud,1,1,0,1,1,0,672.26,52203.26,0.8041
0,legit,0,0,0,0,0,0,36578.19,5934.94,0.0523
1,fraud,1,1,0,1,1,3,885.84,73464.46,0.574
0,legit,0,0,0,0,0,0,8793.83,58607.24,0.4211
1,fraud,1,1,1,0,1,0,55.97,31834.45,0.4937
0,legit,0,0,0,1,0,0,6792.06,15788.89,0.0802
1,fraud,1,1,1,1,0,1,3896.61,56105.09,0.7682
0,legit,0,0,0,1,0,0,596.05,14460.1,0.1172
1,fraud,1,0,0,1,1,0,652.23,122019.23,0.8265
0,legit,0,0,0,0,0,0,99.45,5439.91,0.0545
1,fraud,1,1,0,0,0,0,25.33,23178.12,0.4427
0,legit,1,0,0,0,1,0,34721.53,11939.52,0.0741
1,fraud,1,1,1,0,1,1,17.4,14123.84,0.2499
0,legit,1,0,0,1,0,0,30506.67,37310.02,0.5629
1,fraud,1,1,0,1,1,1,2152.43,77163.39,0.622
0,legit,0,0,0,0,0,0,9594.78,82132.95,0.5183
1,fraud,1,1,0,0,1,0,5129.66,2204.48,0.0743
0,legit,1,0,0,0,0,0,27167.8,5175.85,0.0326
1,fraud,1,1,1,0,0,0,45.83,29476.81,0.9333
0,legit,0,0,0,0,0,0,38456.08,51653.79,0.3624
1,fraud,0,1,0,0,1,1,1147.1,79943.79,0.4406
0,legit,0,0,0,0,1,0,1084.28,3510.03,0.099
1,fraud,1,1,1,1,0,1,3470.36,72661.98,0.7698
0,legit,0,0,0,0,0,0,3008.33,15645.79,0.1061
1,fraud,1,0,0,1,0,0,1273.33,27621.68,0.1658
0,legit,0,0,0,1,0,0,39327.25,15068.38,0.1086
1,fraud,1,0,0,1,0,1,1710.22,69342.96,0.4448
0,legit,0,0,0,0,0,0,18563.71,85470.97,0.5884
1,fraud,1,1,1,0,1,1,985.9,58377.56,0.792
0,legit,0,1,0,0,0,0,15338.77,8459.03,0.1231
1,fraud,0,0,1,1,0,3,1542.37,58213.38,0.8925
0,legit,0,0,0,0,0,0,1057.72,7557.69,0.0535
1,fraud,1,1,1,0,1,0,10.02,53620.38,0.5058
0,legit,0,0,0,0,0,1,3195.2,7524.4,0.1125
1,fraud,1,0,0,1,0,0,220.91,74820.37,0.4367
0,legit,0,1,0,0,0,0,898.07,13869.88,0.191
1,fraud,1,1,1,1,1,2,1258.95,29496.3,0.4056
0,legit,0,0,0,0,0,0,66.63,23678.8,0.1192
1,fraud,1,1,0,1,1,1,4432.64,112968.54,0.8897
0,legit,1,0,0,0,0,0,20471.73,10986.48,0.1073
1,fraud,1,1,1,0,1,0,29.9,41304.28,0.5444
0,legit,0,0,0,0,0,0,43008.28,14879.7,0.0765
1,fraud,1,1,0,1,1,2,40.06,53851.96,0.6268
0,legit,0,0,0,0,0,1,17153.48,80253.79,0.6445
1,fraud,1,1,1,0,1,0,39.36,158864.14,0.9143
0,legit,0,0,1,0,0,0,35820.68,106430.86,0.6916
1,fraud,0,1,0,0,0,0,55.44,34547.67,0.6736
0,legit,1,1,0,0,0,0,19224.19,4796.51,0.0472
1,fraud,0,1,1,1,1,0,655.95,12555.94,0.1063
0,legit,1,1,0,0,0,0,580.82,11988.36,0.2507
1,fraud,0,1,1,1,1,2,0.87,9574.72,0.1809
0,legit,0,0,0,0,0,0,4918.16,18493.59,0.4966
1,fraud,1,1,0,1,1,1,1402.0,63162.12,0.7225
0,legit,0,0,0,0,0,0,41811.2,53166.95,0.2708
1,fraud,1,1,1,1,0,1,593.65,2190.87,0.0501
0,legit,1,0,0,0,1,0,1666.33,15908.58,0.1368
1,fraud,1,1,1,1,1,3,11.07,49455.05,0.494
0,legit,1,0,0,0,0,0,1055.95,10249.05,0.0622
1,fraud,1,1,1,1,1,0,4417.94,89919.38,0.7423
0,legit,0,0,0,0,0,0,611.94,14990.83,0.1655
1,fraud,0,1,1,1,1,0,1179.71,116236.22,0.8368
0,legit,0,0,0,0,0,0,21734.09,188.63,0.0067
1,fraud,1,1,0,1,1,1,8.92,81456.33,0.5739
0,legit,1,0,0,0,0,0,7929.49,4095.33,0.0353
1,fraud,1,1,1,0,1,1,29.18,50236.96,0.6602
0,legit,0,0,0,0,0,0,29364.91,17408.57,0.1019
1,fraud,1,1,0,1,1,2,4102.23,8919.49,0.1012
0,legit,0,0,0,0,0,0,11684.91,16958.05,0.0946
1,fraud,1,1,0,1,0,0,27.73,24859.79,0.4155
0,legit,1,0,0,0,0,0,386.89,6039.87,0.067
1,fraud,1,1,0,1,0,1,5361.7,174104.95,0.8776
0,legit,0,0,0,0,0,0,8197.99,8937.9,0.0596
1,fraud,1,1,0,1,0,3,41.54,91493.08,0.8239
0,legit,0,0,0,0,0,0,9135.83,18000.97,0.1044
1,fraud,1,1,0,1,1,1,25.7,66801.72,0.8283
0,legit,0,0,0,0,0,0,1047.09,6316.59,0.0579
1,fraud,0,0,1,1,1,0,3634.41,82259.24,0.7836
0,legit,0,0,0,0,0,0,30757.82,35956.35,0.2013
1,fraud,1,1,1,1,0,0,42.37,150744.57,0.8519
0,legit,0,0,0,1,0,0,27582.63,20187.03,0.2608
1,fraud,1,0,1,0,0,0,0.24,95500.51,0.8345
0,legit,0,0,0,0,1,0,40977.82,20057.7,0.1727
1,fraud,1,0,0,1,1,1,170.6,15321.96,0.637
0,legit,0,0,0,0,0,1,17665.24,27202.69,0.2445
1,fraud,1,1,0,0,0,0,41.44,89367.67,0.8564
0,legit,0,0,0,0,0,0,31665.88,2681.16,0.024
1,fraud,1,1,1,0,0,0,1376.47,134462.7,0.7643
0,legit,0,0,0,1,0,0,15958.78,1875.61,0.012
1,fraud,1,0,0,1,0,0,2567.55,12585.9,0.0901
0,legit,0,1,0,0,0,0,471.2,75703.09,0.6092
1,fraud,1,0,1,0,1,2,10.84,105916.92,0.6817
0,legit,0,0,0,0,0,0,10609.87,34375.99,0.4211
1,fraud,1,1,1,1,0,1,26.98,38285.03,0.7522
0,legit,0,0,0,0,0,0,36760.02,979.51,0.0371
1,fraud,1,0,1,0,1,0,51.26,4944.64,0.1074
0,legit,0,0,0,0,0,0,22391.66,75934.68,0.5797
1,fraud,1,1,0,1,1,1,1397.1,38639.92,0.2004
0,legit,0,0,0,0,1,1,739.97,11602.31,0.1765
1,fraud,1,0,1,1,1,0,1.14,20129.89,0.4959
0,legit,0,0,0,0,0,0,369.9,27055.25,0.2422
1,fraud,1,1,0,1,1,2,0.27,91773.06,0.9459
0,legit,0,0,0,0,0,0,834.57,55194.04,0.3394
1,fraud,1,0,1,1,0,0,37.73,15782.66,0.4154
0,legit,0,0,0,0,0,0,17180.06,78723.45,0.6152
1,fraud,1,1,0,1,0,0,1172.58,95999.7,0.9069
0,legit,0,0,0,0,0,0,38677.47,3214.65,0.1213
1,fraud,0,1,0,1,1,2,3850.36,45959.65,0.4353
0,legit,0,0,0,0,0,0,801.83,4040.12,0.065
1,fraud,1,1,0,1,1,1,9.37,135517.91,0.7782
0,legit,0,0,0,0,0,0,17268.28,13611.8,0.1428
1,fraud,1,1,1,0,1,2,1238.64,161039.27,0.9862
0,legit,1,0,0,0,0,0,1793.35,2977.14,0.0803
1,fraud,1,1,0,1,1,2,3333.61,32278.63,0.9311
0,legit,0,0,0,0,0,0,28287.02,28578.65,0.1683
1,fraud,1,1,0,1,0,1,23.76,98906.37,0.8337
0,legit,0,0,0,1,0,0,31476.0,70406.39,0.4499
1,fraud,1,1,0,0,1,2,33.39,38688.94,0.7984
0,legit,0,0,0,0,0,1,34349.93,1225.15,0.0244
1,fraud,1,1,1,0,1,0,4283.6,79203.51,0.42
0,legit,0,0,1,0,0,0,27264.49,30537.61,0.4603
1,fraud,1,1,0,0,0,1,4562.62,36305.86,0.4479
0,legit,0,0,0,0,0,0,587.49,7305.12,0.1619
1,fraud,1,1,1,1,0,0,31.75,35708.39,0.4261
0,legit,0,0,0,0,0,0,22322.83,3953.66,0.1601
1,fraud,1,1,0,1,0,2,3278.56,52503.11,0.7769
0,legit,0,0,0,0,0,0,20.43,56983.2,0.444
1,fraud,1,1,1,1,0,1,5705.31,66005.58,0.7617
0,legit,0,0,0,0,0,0,26269.19,23219.72,0.1496
1,fraud,1,1,1,1,0,0,2483.19,122843.31,0.8181
0,legit,0,0,0,0,1,0,711.72,9852.41,0.083
1,fraud,1,1,0,0,0,1,1954.91,91798.73,0.6863
0,legit,0,0,0,0,0,0,17976.65,3223.76,0.0865
1,fraud,1,1,0,1,1,3,97.45,146195.47,0.8716
0,legit,0,0,0,0,0,0,860.96,774.81,0.026
1,fraud,1,1,0,1,0,2,600.11,148449.36,0.8459
0,legit,0,0,0,0,0,0,1493.87,25126.28,0.2183
1,fraud,1,1,1,0,1,0,33.25,26542.38,0.1343
0,legit,0,0,0,0,0,0,1.88,18604.21,0.304
1,fraud,1,1,1,0,0,2,332.41,34546.42,0.9772
0,legit,0,0,0,0,0,1,16855.4,8962.29,0.0921
1,fraud,0,1,0,1,1,0,3.8,20191.3,0.2299
0,legit,0,0,0,0,0,0,34708.41,2751.2,0.0267
1,fraud,1,0,0,0,0,0,1104.31,78449.09,0.5087
0,legit,0,0,0,0,0,0,21438.05,4821.0,0.06
1,fraud,1,1,0,1,1,0,844.1,78707.71,0.9748
0,legit,0,0,0,0,0,0,331.42,12858.0,0.0936
1,fraud,0,0,1,0,1,1,2755.86,48352.85,0.4783
0,legit,0,0,0,1,0,0,19063.52,33287.78,0.2244
1,fraud,0,1,1,0,0,1,1073.89,176928.22,0.8852
0,legit,0,0,0,0,0,0,25273.38,76417.96,0.467
1,fraud,1,1,0,1,1,1,956.29,39660.49,0.4693
0,legit,0,0,0,0,0,0,4250.19,6055.66,0.0655
1,fraud,1,1,0,1,1,1,1379.26,9844.35,0.2262
0,legit,0,0,0,1,0,0,24147.79,6769.97,0.248
1,fraud,1,0,0,0,0,0,1047.52,36733.2,0.5283
0,legit,0,0,0,0,0,0,9452.06,54728.5,0.2765
1,fraud,1,1,0,0,1,1,50.81,100654.07,0.8222
0,legit,0,0,0,0,0,0,770.36,61244.15,0.5443
1,fraud,1,1,1,0,0,0,5011.2,87317.33,0.7375
0,legit,1,0,0,0,0,0,30.79,4762.96,0.0755
1,fraud,1,1,0,0,0,0,8.05,46840.08,0.2494
0,legit,1,0,0,0,0,0,28424.44,12010.73,0.0609
1,fraud,0,1,0,0,0,1,684.38,15734.58,0.4758
0,legit,0,0,0,0,0,0,37744.79,31991.31,0.1643
1,fraud,1,1,1,0,0,0,3292.23,36791.39,0.5269
0,legit,0,0,0,0,0,0,6958.29,20744.97,0.1138
1,fraud,0,1,1,1,1,1,7.89,25881.82,0.9718
0,legit,0,0,0,0,0,0,690.11,99825.24,0.6293
1,fraud,1,1,1,0,0,2,50.44,21800.32,0.1871
0,legit,1,1,0,0,0,0,40903.07,4895.78,0.1565
1,fraud,1,1,1,1,1,0,44.33,25658.03,0.1475
0,legit,0,0,0,0,0,0,24077.38,11910.39,0.5302
1,fraud,1,1,0,0,1,1,1213.08,9442.05,0.1654
0,legit,1,0,0,0,0,0,42893.14,1465.74,0.0299
1,fraud,1,1,0,1,1,1,21.53,16274.74,0.27
0,legit,0,0,0,1,0,0,21179.4,13740.33,0.1272
1,fraud,1,1,0,1,0,2,39.22,45173.27,0.4231
0,legit,0,0,1,0,0,0,8845.45,848.28,0.0051
1,fraud,1,1,0,1,1,2,1324.61,68575.6,0.5762
0,legit,0,0,1,0,1,1,1097.73,23579.6,0.5975
1,fraud,1,1,0,1,1,1,26.68,113384.49,0.9787
0,legit,0,0,0,0,0,0,1031.67,63865.4,0.569
1,fraud,1,1,1,1,1,0,13.89,101072.24,0.6298
0,legit,0,0,0,0,1,0,731.05,16819.48,0.1001
1,fraud,0,1,0,0,1,0,135.4,37431.88,0.9305
0,legit,0,0,0,0,0,0,37113.09,75444.1,0.4173
1,fraud,1,1,1,0,1,1,5659.22,9442.96,0.0689
0,legit,0,1,0,0,1,0,12236.55,29447.11,0.1708
1,fraud,1,1,1,0,1,1,54.35,34242.49,0.204
0,legit,0,0,0,0,0,2,738.42,85598.37,0.6943
1,fraud,1,1,1,0,0,1,633.06,11428.97,0.1234
0,legit,0,0,0,0,0,0,18867.95,19783.53,0.6608
1,fraud,1,0,0,0,0,1,0.25,21140.07,0.1932
0,legit,0,1,0,0,0,0,4103.35,7.65,0.0001
1,fraud,1,1,0,1,1,2,1131.44,29824.8,0.6536
0,legit,0,0,0,1,0,0,27853.55,41428.81,0.3695
1,fraud,0,1,0,1,1,3,5642.95,133830.2,0.671
0,legit,0,1,0,0,0,0,2764.51,707.97,0.0074
1,fraud,1,1,1,0,1,1,31.74,78418.97,0.6565
0,legit,0,0,0,0,0,0,613.72,7623.02,0.1221
1,fraud,1,0,0,1,1,2,24.01,81995.98,0.4707
0,legit,0,0,0,0,0,0,35822.26,11617.72,0.1271
1,fraud,1,1,0,1,0,2,864.24,67269.7,0.5727
0,legit,0,0,0,0,0,0,173.87,3608.68,0.1441
1,fraud,1,0,1,1,1,0,580.91,84538.16,0.4313
0,legit,1,1,0,0,0,0,290.64,5591.92,0.038
1,fraud,1,1,1,0,0,2,389.87,75065.31,0.5061
0,legit,0,0,0,0,0,0,9588.21,1998.8,0.0121
1,fraud,1,1,0,1,0,0,35.37,107122.11,0.7324
0,legit,0,0,0,0,0,0,14701.09,25089.26,0.3827
1,fraud,1,1,0,1,0,1,41.62,71587.18,0.5564
0,legit,0,0,0,0,0,0,5911.27,7194.75,0.1031
1,fraud,1,1,0,0,1,1,47.54,50167.69,0.905
0,legit,0,0,0,1,0,0,2162.16,266.4,0.005
1,fraud,1,1,1,1,1,0,1132.57,23040.22,0.1183
0,legit,1,0,0,1,0,0,30928.02,7985.77,0.0576
1,fraud,1,1,1,0,1,0,2757.88,81831.18,0.9671
0,legit,0,0,0,0,0,0,42563.52,5745.48,0.1266
1,fraud,0,0,0,1,0,1,604.1,151033.85,0.9073
0,legit,0,0,0,1,0,0,4363.35,2906.8,0.0573
1,fraud,1,1,1,0,1,0,768.87,122362.82,0.9596
0,legit,0,0,0,0,0,0,36421.5,10820.73,0.0762
1,fraud,1,0,1,1,0,1,48.87,8033.34,0.0718
0,legit,1,0,0,0,1,0,1208.07,91941.06,0.4776
1,fraud,1,0,0,0,0,0,5531.65,26622.84,0.1903
0,legit,0,1,0,1,0,0,11138.6,22812.17,0.1192
1,fraud,1,1,0,0,1,2,3979.74,156281.08,0.8061
0,legit,0,1,0,0,0,0,281.62,31384.0,0.4653
1,fraud,1,1,1,0,0,1,563.47,48733.13,0.4007
0,legit,0,0,0,1,0,0,36529.49,39293.87,0.3837
1,fraud,1,0,0,0,1,2,4477.2,140649.74,0.7463
0,legit,0,0,0,0,0,0,1352.71,1143.09,0.0237
1,fraud,1,0,1,1,1,1,3551.13,21309.23,0.9871
0,legit,0,0,0,1,0,0,1353.02,329.81,0.0064
1,fraud,1,1,1,0,1,2,31.79,10114.07,0.0998
0,legit,0,0,0,0,1,0,865.44,11784.56,0.0918
1,fraud,0,1,1,0,1,0,43.55,72490.51,0.8263
0,legit,0,0,0,0,0,0,28573.23,114926.64,0.6297
1,fraud,1,1,0,1,0,0,15.63,54171.83,0.7629
0,legit,0,0,0,0,1,0,25415.95,13306.67,0.0742
1,fraud,0,1,1,1,1,1,13.42,72061.56,0.8129
0,legit,0,0,0,0,0,0,4593.31,961.75,0.0053
1,fraud,1,1,1,0,1,0,55.72,67603.87,0.7744
0,legit,0,0,0,1,0,1,27529.24,2035.14,0.0349
1,fraud,1,0,1,0,1,0,20.17,21174.29,0.1572
0,legit,0,0,0,0,1,0,18745.92,23502.0,0.1414
1,fraud,1,0,1,1,0,0,4272.0,58743.4,0.9543
0,legit,0,0,0,0,0,0,3909.7,85791.15,0.4458
1,fraud,0,1,1,1,1,0,8.39,33624.9,0.222
0,legit,0,0,0,0,0,0,35996.8,5395.68,0.0285
1,fraud,0,1,0,1,1,0,4576.91,44465.73,0.6535
0,legit,0,0,0,0,0,0,5854.35,1995.06,0.0398
1,fraud,1,1,0,0,1,0,632.78,56706.58,0.4014
0,legit,0,0,0,0,0,0,30327.56,344.06,0.0025
1,fraud,0,1,1,1,1,1,5199.86,31665.18,0.4219
0,legit,0,1,0,0,0,0,34904.7,6230.84,0.059
1,fraud,1,1,1,0,0,0,44.04,39726.75,0.8031
0,legit,0,0,0,0,0,0,39187.71,67944.98,0.3798
1,fraud,1,0,0,1,0,0,54.07,78513.94,0.7322
0,legit,0,0,0,0,0,0,10040.96,11945.85,0.1285
1,fraud,1,0,1,1,1,1,18.83,50126.11,0.984
0,legit,0,0,0,0,0,0,88.11,11294.3,0.0964
1,fraud,0,0,0,1,1,2,5005.34,50130.34,0.9281
0,legit,0,0,0,0,0,0,1358.16,28516.88,0.1637
1,fraud,1,0,0,0,1,1,382.91,78331.56,0.4047
0,legit,1,0,0,0,0,0,1350.08,1930.5,0.0379
1,fraud,1,1,0,1,1,1,47.56,93211.09,0.4918
0,legit,0,0,0,0,0,0,39827.16,10405.81,0.0754
1,fraud,1,1,1,1,1,0,48.13,54116.38,0.5698
0,legit,0,0,0,0,0,0,35973.63,5076.75,0.0426
1,fraud,0,1,0,0,1,2,53.27,63907.73,0.4957
0,legit,0,0,1,1,0,0,29881.98,4195.92,0.0597
1,fraud,0,0,1,1,1,3,33.78,136686.58,0.7303
0,legit,1,0,0,0,0,0,1182.14,8177.92,0.0564
1,fraud,1,1,1,0,0,0,56.94,20481.96,0.5096
0,legit,1,0,0,0,0,0,32492.38,15117.21,0.1087
1,fraud,1,1,0,1,0,1,52.49,68879.56,0.9203
0,legit,0,0,0,0,0,0,904.37,87353.6,0.4601
1,fraud,0,1,1,1,1,0,559.01,105622.29,0.9091
0,legit,0,0,0,0,0,0,37834.35,4495.47,0.044
1,fraud,1,1,1,1,1,0,59.27,74248.91,0.5334
0,legit,0,0,0,0,0,0,6244.19,19983.08,0.149
1,fraud,1,1,0,0,1,1,3.05,11370.39,0.1528
0,legit,0,0,0,1,0,0,12310.83,5682.69,0.0627
1,fraud,1,0,1,1,1,0,401.89,61029.59,0.5934
0,legit,0,0,0,0,0,0,24985.42,10917.72,0.113
1,fraud,0,0,1,0,1,1,1287.17,31778.88,0.9913
0,legit,0,0,0,0,0,0,195.94,36823.54,0.2844
1,fraud,1,1,0,1,1,2,510.75,19312.74,0.8756
0,legit,0,0,0,0,0,0,10209.88,13140.66,0.1605
1,fraud,1,1,1,1,0,0,1047.63,10707.39,0.517
0,legit,1,0,0,0,0,0,729.99,82776.4,0.4437
1,fraud,1,1,1,1,1,1,438.15,101682.55,0.871
0,legit,0,1,0,0,0,0,30424.21,30445.24,0.1748
1,fraud,1,1,0,0,1,0,10.05,68656.16,0.7573
0,legit,1,0,0,0,0,0,813.92,326.85,0.0095
1,fraud,1,0,0,1,1,2,2465.29,124086.98,0.975
0,legit,0,0,0,0,0,0,1274.99,1475.81,0.0085
1,fraud,1,1,0,0,1,1,16.88,37379.53,0.8692
0,legit,0,1,0,0,0,0,844.63,82195.06,0.4253
1,fraud,0,0,0,0,1,1,1078.17,41080.85,0.2303
0,legit,0,0,0,1,0,0,17730.98,7966.45,0.2296
1,fraud,1,1,1,1,1,1,883.71,145534.98,0.8784
0,legit,0,0,0,1,0,0,38276.7,8374.29,0.0436
1,fraud,1,1,0,0,1,1,24.43,67592.2,0.7297
0,legit,0,1,0,1,0,0,248.09,20877.2,0.1927
1,fraud,1,1,0,1,1,1,109.76,137081.15,0.8512
0,legit,0,0,0,0,0,0,9320.6,29370.41,0.1611
1,fraud,0,1,1,0,1,0,30.09,86772.2,0.6588
0,legit,0,0,0,0,0,0,10.57,1761.42,0.0215
1,fraud,1,0,1,1,1,0,57.7,17310.33,0.1045
0,legit,1,0,0,1,0,0,1131.84,33239.1,0.229
1,fraud,1,1,1,1,1,3,22.39,56674.52,0.4015
0,legit,0,0,0,0,0,0,22548.94,39807.49,0.5137
1,fraud,0,1,0,1,1,0,55.14,107231.03,0.7195
0,legit,0,0,0,0,0,0,46.42,33343.91,0.3722
1,fraud,1,1,1,0,0,1,4214.64,122907.27,0.6934
0,legit,1,1,0,1,0,0,20179.44,60077.8,0.4197
1,fraud,0,0,0,1,0,2,59.57,153026.5,0.8337
0,legit,0,0,0,1,1,0,573.81,6036.01,0.0336
1,fraud,0,1,1,1,1,0,36.48,42121.07,0.5589
0,legit,0,0,0,1,0,1,1204.24,30443.96,0.1627
1,fraud,1,0,0,0,1,2,36.23,68096.12,0.8053
0,legit,0,0,0,0,0,0,35621.29,4129.82,0.0287
1,fraud,1,1,1,1,1,0,49.22,91525.6,0.7973
0,legit,0,0,0,0,0,0,24685.25,12099.73,0.0622
1,fraud,1,1,0,0,1,1,3088.21,137740.13,0.6986
0,legit,0,0,0,0,0,0,877.44,84736.43,0.4395
1,fraud,0,0,1,0,1,1,44.08,39709.99,0.4155
0,legit,0,0,0,0,0,0,328.41,34191.03,0.2414
1,fraud,1,1,1,1,1,0,1401.85,17300.25,0.1654
0,legit,1,0,0,0,0,0,21953.75,11594.28,0.1267
1,fraud,1,1,0,1,1,2,3546.39,46037.06,0.4217
0,legit,0,1,0,0,0,2,875.87,18868.42,0.1211
1,fraud,1,1,1,1,1,1,17.69,107346.09,0.9774
0,legit,0,0,0,0,0,0,32556.94,17178.96,0.0903
1,fraud,1,1,0,0,0,2,58.66,64184.99,0.8124
0,legit,1,0,0,0,0,0,34541.79,44160.11,0.3464
1,fraud,1,1,0,0,0,0,1.83,49565.19,0.7563
0,legit,0,0,0,0,0,0,1120.35,4845.67,0.0287
1,fraud,0,1,1,0,1,1,2091.43,135485.19,0.9117
0,legit,0,0,0,0,0,0,65.29,29909.39,0.1718
1,fraud,0,0,0,1,1,1,52.36,54127.68,0.4477
0,legit,0,0,0,1,0,0,40445.56,2891.22,0.021
1,fraud,1,1,0,1,1,2,2919.84,99847.34,0.7361
0,legit,0,0,0,0,0,0,137.98,10459.21,0.0682
1,fraud,1,1,0,1,1,0,920.93,21873.17,0.7677
0,legit,0,0,0,0,0,0,1616.47,15217.23,0.0892
1,fraud,1,1,0,0,1,2,538.89,88445.03,0.5864
0,legit,0,0,0,1,0,0,738.62,4447.41,0.0283
1,fraud,1,0,0,0,1,1,3918.17,5537.44,0.0937
0,legit,0,0,0,0,0,1,22930.8,71102.73,0.3959
1,fraud,1,1,0,0,1,1,839.74,140455.69,0.8008
0,legit,0,0,0,0,0,0,6729.38,8665.17,0.0592
1,fraud,1,1,0,0,1,1,788.26,82286.14,0.4206
0,legit,0,0,0,0,0,0,1200.85,6814.83,0.0623
1,fraud,1,0,0,1,0,1,33.83,110467.7,0.5793
0,legit,0,0,0,0,0,0,361.24,10425.87,0.0635
1,fraud,1,1,1,0,0,2,16.5,5260.68,0.1089
0,legit,0,0,0,0,0,0,4881.64,44457.32,0.5189
1,fraud,1,1,0,0,1,3,1093.06,46204.89,0.7066
0,legit,0,0,0,0,0,0,8154.6,4491.77,0.1327
1,fraud,1,1,0,0,1,1,847.16,23755.21,0.4439
0,legit,0,0,0,0,0,1,519.57,1280.37,0.0171
1,fraud,1,1,0,1,1,1,48.97,52659.44,0.7834
0,legit,0,0,0,0,0,0,128.06,94179.66,0.4769
1,fraud,1,1,1,0,0,1,55.16,18801.17,0.4619
0,legit,1,1,0,0,0,0,202.28,1582.21,0.0522
1,fraud,1,1,0,1,1,0,636.46,109413.95,0.733
0,legit,1,0,0,1,0,0,35880.94,71342.8,0.4304
1,fraud,1,0,1,0,1,2,740.76,65160.55,0.6076
0,legit,0,0,0,0,0,0,40852.45,38692.26,0.3479
1,fraud,1,0,0,0,1,0,0.71,27361.29,0.8347
0,legit,0,0,0,0,0,0,16510.76,4077.63,0.0214
1,fraud,0,1,1,0,1,1,4077.12,35679.47,0.4876
0,legit,0,0,0,0,0,0,20552.95,63164.54,0.3652
1,fraud,1,0,0,1,1,2,21.72,141174.43,0.9008
0,legit,1,0,0,0,0,0,41807.24,9584.17,0.0512
1,fraud,1,1,0,1,1,1,57.48,29110.91,0.4033
0,legit,0,0,0,0,0,0,84.05,23007.06,0.1934
1,fraud,1,1,1,1,1,3,18.49,40927.52,0.9545
0,legit,0,0,0,0,0,0,21810.28,10099.75,0.1493
1,fraud,1,1,0,1,1,1,2477.89,62777.02,0.9639
0,legit,0,0,0,0,1,0,8974.89,11893.16,0.0901
1,fraud,1,1,0,0,0,1,5060.27,12004.88,0.2729
0,legit,0,1,0,0,0,0,11658.15,56380.48,0.3152
1,fraud,1,1,0,1,0,1,22.5,111912.57,0.7268
0,legit,0,0,0,0,0,0,23020.38,12828.29,0.0923
1,fraud,1,1,1,1,0,0,2.21,21487.99,0.7649
0,legit,1,0,0,0,1,0,1053.26,34786.88,0.5761
1,fraud,1,1,0,1,1,1,58.02,20726.81,0.4032
0,legit,0,0,0,0,0,0,3378.42,43069.0,0.2344
1,fraud,1,0,1,0,0,2,10.31,30522.69,0.2913
0,legit,0,0,0,0,0,0,561.65,6192.27,0.0703
1,fraud,1,1,1,1,1,1,775.56,77081.03,0.7004
0,legit,1,0,0,0,1,0,40064.49,15707.08,0.5627
1,fraud,1,1,1,0,0,0,14.33,25561.95,0.6075
0,legit,0,0,0,0,1,1,22478.81,11337.26,0.5176
1,fraud,1,1,0,0,0,0,42.78,90970.96,0.8251
0,legit,0,0,0,0,0,0,364.25,7149.67,0.0907
1,fraud,1,1,0,1,1,1,5.83,81886.85,0.4201
0,legit,0,0,0,0,0,0,419.94,4224.28,0.0593
1,fraud,1,0,1,0,1,0,49.15,46233.72,0.7293
0,legit,1,0,0,0,0,0,193.87,31467.58,0.3136
1,fraud,1,1,0,1,1,0,307.92,52935.17,0.4564
0,legit,0,0,0,1,0,0,6696.05,16370.07,0.2319
1,fraud,1,1,0,0,0,0,17.58,39884.32,0.484
0,legit,0,0,0,0,0,0,1024.33,7463.24,0.1321
1,fraud,1,1,0,1,1,1,120.62,3721.67,0.0758
0,legit,0,0,0,0,0,0,43051.13,3531.02,0.0602
1,fraud,1,0,0,0,0,1,59.97,38964.2,0.2056
0,legit,0,0,1,0,0,0,21120.75,16690.6,0.1241
1,fraud,1,1,1,0,1,2,0.93,88330.58,0.983
0,legit,0,0,0,1,0,1,41533.8,2496.81,0.0418
1,fraud,0,1,0,1,0,1,43.11,79476.37,0.5353
0,legit,1,0,0,0,0,0,22192.64,14209.14,0.1014
1,fraud,1,0,0,1,0,0,58.5,39959.26,0.2517
0,legit,0,0,0,0,0,0,13871.72,23941.8,0.3042
1,fraud,1,0,0,1,1,0,5.52,24879.54,0.5812
0,legit,1,0,0,0,0,0,36718.16,13961.97,0.1161
1,fraud,1,1,1,1,0,0,31.16,80557.19,0.4337
0,legit,0,0,0,0,1,0,15643.71,18010.11,0.1671
1,fraud,1,1,0,1,1,0,5354.84,14626.01,0.0867
0,legit,0,0,0,0,0,0,32023.65,9097.28,0.1333
1,fraud,1,1,1,1,1,1,14.66,4740.42,0.0797
0,legit,0,0,1,0,1,0,1165.15,6313.74,0.046
1,fraud,1,1,0,1,1,0,0.66,70298.57,0.739
0,legit,0,0,0,1,1,0,1033.63,17069.73,0.1225
1,fraud,1,1,1,1,1,1,521.9,38208.93,0.5496
0,legit,0,0,0,0,0,0,15540.41,12735.51,0.1666
1,fraud,1,1,0,0,0,2,41.53,11479.06,0.1527
0,legit,0,0,0,0,1,0,19160.94,14207.39,0.1351
1,fraud,1,1,0,0,1,0,44.68,103431.04,0.9903
0,legit,0,0,0,0,0,0,1284.13,19808.45,0.1804
1,fraud,1,0,1,1,0,1,35.03,147066.6,0.7438
0,legit,0,0,0,0,0,0,190.67,798.84,0.0322
1,fraud,0,1,0,1,1,3,48.46,85807.98,0.7483
0,legit,0,1,0,0,0,0,36735.04,22349.67,0.1862
1,fraud,0,1,0,1,0,2,1518.52,172797.48,0.9028
0,legit,0,0,0,0,0,0,32447.68,31985.57,0.3049
1,fraud,1,1,0,0,1,0,166.42,39273.77,0.661
0,legit,0,0,0,1,0,0,1117.3,11199.95,0.092
1,fraud,1,1,0,1,0,2,38.16,66180.97,0.516
0,legit,0,0,0,0,0,0,17998.0,122146.9,0.671
1,fraud,1,1,0,1,1,2,953.12,28165.15,0.4138
0,legit,1,0,0,0,0,0,31726.77,1527.23,0.03
1,fraud,1,1,0,1,0,1,65.44,92478.03,0.6966
0,legit,0,0,0,0,0,0,17352.04,36383.43,0.1837
1,fraud,1,0,1,1,1,1,4853.14,48246.06,0.8681
0,legit,0,0,0,0,0,0,30881.15,29551.74,0.4536
1,fraud,1,1,1,1,1,2,3157.93,21144.9,0.6603
0,legit,0,0,0,1,0,0,27964.12,6676.95,0.1547
1,fraud,1,1,0,0,1,2,2926.76,125338.39,0.8627
0,legit,0,1,0,0,0,0,4979.5,2869.9,0.1242
1,fraud,1,1,1,0,1,0,880.46,45422.05,0.2374
0,legit,1,0,0,0,0,0,22707.2,7126.51,0.0491
1,fraud,1,1,1,0,0,1,5437.43,90883.57,0.8638
0,legit,0,0,0,0,0,0,309.08,11946.21,0.0639
1,fraud,0,1,1,0,0,0,1177.07,35926.22,0.6584
0,legit,0,0,0,0,0,0,18172.02,9107.79,0.0545
1,fraud,1,1,1,0,1,1,25.93,140702.43,0.9832
0,legit,1,0,0,0,0,0,655.48,1014.53,0.0166
1,fraud,0,1,0,0,0,1,22.46,45522.66,0.242
0,legit,0,0,0,1,0,0,29727.47,57565.73,0.2987
1,fraud,1,0,0,1,0,0,51.32,74846.67,0.5788
0,legit,0,0,0,1,0,0,14360.08,89494.4,0.6144
1,fraud,0,1,1,1,0,0,43.52,8591.83,0.0859
0,legit,0,0,0,0,0,0,30748.34,30545.37,0.1538
1,fraud,1,1,1,1,1,0,464.11,30248.37,0.1936
0,legit,0,0,0,0,0,0,1221.58,20677.88,0.142
1,fraud,0,1,0,0,1,0,46.61,30522.38,0.7629
0,legit,0,0,0,0,0,0,24880.49,24741.75,0.1259
1,fraud,1,0,1,1,1,1,30.51,116644.64,0.7383
0,legit,0,0,0,0,0,2,881.27,81165.08,0.5077
1,fraud,1,1,0,1,1,0,43.31,21800.39,0.2474
0,legit,1,0,0,0,0,0,8099.15,11199.28,0.1467
1,fraud,1,1,0,0,1,2,2240.44,128295.39,0.894
0,legit,0,0,0,0,0,0,14063.51,2425.67,0.0252
1,fraud,1,0,0,0,1,1,417.92,17361.6,0.2672
0,legit,0,0,0,0,0,0,41896.28,8489.27,0.183
1,fraud,1,0,0,1,1,1,33.05,72104.27,0.5759
0,legit,0,0,0,0,0,0,4431.75,9679.32,0.0629
1,fraud,1,0,1,1,1,0,1013.03,75740.93,0.6601
0,legit,0,1,0,0,0,0,31152.02,1986.24,0.0473
1,fraud,1,1,0,1,0,1,47.98,72509.13,0.6523
0,legit,0,0,0,0,0,0,710.17,4945.11,0.0547
1,fraud,1,1,1,1,1,1,3404.25,5360.85,0.1154
0,legit,0,0,0,0,0,0,37228.43,104042.99,0.658
1,fraud,1,1,0,1,1,0,52.22,101140.12,0.9773
0,legit,0,0,0,1,0,0,21360.18,2728.43,0.0425
1,fraud,1,0,0,0,1,1,1345.75,149100.7,0.7702
0,legit,0,1,0,0,0,0,9046.27,79274.78,0.6584
1,fraud,1,1,0,0,1,0,47.13,124753.34,0.9513
0,legit,0,0,0,0,0,1,1179.3,7973.96,0.0772
1,fraud,0,1,0,0,0,2,738.79,101363.43,0.5125
0,legit,0,0,0,1,0,1,582.96,79283.65,0.6651
1,fraud,1,1,1,1,1,1,526.21,33368.06,0.4837
0,legit,0,0,0,0,0,0,1029.84,8039.11,0.0665
1,fraud,1,1,0,1,0,2,52.77,91719.32,0.4719
0,legit,0,0,0,0,0,0,415.82,17127.02,0.0876
1,fraud,1,1,0,1,0,3,394.64,133369.43,0.8958
0,legit,0,0,0,0,0,0,1311.97,14738.31,0.1301
1,fraud,1,0,1,0,1,1,5269.62,55631.59,0.5521
0,legit,1,0,0,0,0,0,12142.54,4462.31,0.0237
1,fraud,1,1,1,1,1,2,25.13,7106.28,0.0793
0,legit,0,0,0,0,1,0,32884.85,2929.27,0.0212
1,fraud,1,1,0,0,1,2,822.79,39184.63,0.6248
0,legit,1,0,0,0,0,0,136.42,9554.49,0.0682
1,fraud,1,0,0,1,1,0,207.38,67453.62,0.6989
0,legit,0,0,0,0,0,0,111.61,39854.01,0.2078
1,fraud,1,1,0,1,1,0,4814.07,51825.01,0.2766
0,legit,0,0,0,0,0,0,29957.28,9242.72,0.2189
1,fraud,1,1,1,1,0,0,54.36,99391.69,0.5592
0,legit,0,0,0,0,0,0,38342.03,17690.71,0.1172
1,fraud,1,0,0,0,1,1,1330.73,52531.58,0.4105
0,legit,0,0,0,0,0,0,16208.69,163.83,0.0018
1,fraud,1,1,0,1,1,0,44.15,21105.15,0.507
0,legit,1,0,0,0,0,0,1114.44,1211.38,0.0159
1,fraud,1,0,1,1,0,0,165.82,58499.95,0.549
0,legit,0,0,0,0,1,2,35923.23,30672.97,0.2002
1,fraud,1,1,1,0,1,1,1193.93,71772.64,0.6944
0,legit,0,0,0,0,0,0,3549.06,17379.49,0.2836
1,fraud,1,1,0,1,1,0,33.72,73154.74,0.5113
0,legit,0,0,0,0,1,0,6726.06,18405.08,0.1972
1,fraud,1,1,1,0,1,3,3315.3,8579.54,0.1403
0,legit,0,0,0,0,0,0,924.91,75225.05,0.6837
1,fraud,1,0,0,1,0,0,24.28,63443.12,0.5055
0,legit,1,0,0,1,0,0,15425.49,40339.21,0.3598
1,fraud,1,1,1,0,0,1,3224.43,39896.5,0.4213
0,legit,0,0,0,0,0,0,9612.83,32447.55,0.2232
1,fraud,1,1,0,1,1,0,27.81,46110.75,0.9536
0,legit,0,0,0,0,0,0,1329.61,28130.58,0.5526
1,fraud,1,1,1,1,0,0,53.9,42442.45,0.5725
0,legit,0,0,0,0,0,0,30928.59,190.65,0.0038
1,fraud,1,1,1,0,0,2,265.11,145772.09,0.7436
0,legit,0,0,0,0,0,0,9289.13,8983.84,0.1874
1,fraud,1,0,0,0,1,2,4557.92,18420.98,0.4723
0,legit,1,0,0,0,1,0,2905.2,75762.08,0.5058
1,fraud,1,1,1,0,0,0,16.14,12090.85,0.4154
0,legit,0,0,0,0,0,1,5129.11,31037.73,0.2003
1,fraud,1,0,1,1,1,1,52.43,93564.03,0.6148
0,legit,0,0,0,0,1,0,2459.59,29425.57,0.6193
1,fraud,1,1,0,1,0,0,1377.52,148788.77,0.842
0,legit,1,1,0,0,0,0,42699.83,5769.2,0.0497
1,fraud,1,1,0,0,1,1,51.6,74951.78,0.9985
0,legit,0,0,0,0,0,0,25231.97,9110.54,0.0981
1,fraud,1,0,0,1,0,2,857.19,24207.71,0.8364
0,legit,1,0,0,0,0,0,71.85,43200.56,0.4453
1,fraud,1,1,1,1,0,0,3930.24,26393.22,0.6587
0,legit,0,0,0,0,0,0,9351.3,2742.04,0.0576
1,fraud,1,1,0,0,0,0,4922.14,17133.81,0.5314
0,legit,0,0,0,0,0,0,1399.99,15986.3,0.1001
1,fraud,1,1,1,0,0,1,22.9,47941.1,0.4536
0,legit,0,0,0,0,0,0,566.41,2090.09,0.0572
1,fraud,1,1,0,0,1,0,17.27,38293.62,0.6073
0,legit,0,0,0,0,0,1,29463.8,9606.07,0.0676
1,fraud,1,1,0,0,0,2,4584.32,25845.1,0.7653
0,legit,0,0,0,0,0,0,23464.06,23900.33,0.197
1,fraud,1,1,0,1,0,2,18.15,71236.84,0.7932
0,legit,0,0,0,0,0,0,33873.47,547.61,0.0261
1,fraud,0,1,1,1,1,2,5086.79,96245.97,0.5612
0,legit,0,0,0,0,0,0,36768.6,22692.54,0.1495
1,fraud,1,1,0,1,1,0,31.27,27198.86,0.791
0,legit,0,1,0,0,0,0,31460.93,41870.79,0.3379
1,fraud,1,1,1,1,1,1,1026.24,7586.02,0.1443
0,legit,0,0,0,0,0,0,31229.21,30982.48,0.2493
1,fraud,1,1,0,1,1,0,1246.6,30059.18,0.7404
0,legit,0,0,0,0,0,0,21223.98,962.1,0.0296
1,fraud,1,1,0,1,1,0,531.4,56819.89,0.4153
0,legit,1,0,0,0,1,0,30641.72,11587.09,0.0858
1,fraud,1,0,1,0,1,1,40.18,92237.79,0.6042
0,legit,0,0,0,0,0,0,970.06,3821.74,0.0294
1,fraud,1,0,0,0,0,1,948.43,42140.38,0.672
0,legit,0,0,0,0,0,0,9027.95,5269.54,0.0818
1,fraud,1,1,1,1,0,1,4183.05,6038.58,0.2644
0,legit,0,0,0,0,0,0,3869.5,487.1,0.0114
1,fraud,0,1,1,1,1,1,1373.56,50055.72,0.2513
0,legit,0,0,0,0,0,0,26869.32,12966.67,0.0901
1,fraud,1,0,1,1,1,1,3998.59,121929.45,0.6388
0,legit,0,0,0,1,0,0,34771.58,1967.94,0.0758
1,fraud,1,1,0,1,1,1,16.78,131961.27,0.8877
0,legit,0,0,0,0,0,0,1175.69,44616.37,0.2736
1,fraud,1,1,0,0,0,0,23.6,139179.02,0.9
0,legit,0,0,0,0,0,0,1438.64,589.38,0.007
1,fraud,1,1,1,1,1,0,31.45,15899.5,0.1608
0,legit,1,0,0,0,0,0,299.55,8156.74,0.0755
1,fraud,1,1,1,0,1,1,46.5,7920.07,0.1303
0,legit,1,0,0,0,0,0,11185.47,15046.55,0.1486
1,fraud,1,1,1,0,0,2,51.44,75224.67,0.8828
0,legit,1,0,0,0,0,0,42822.99,9098.15,0.1768
1,fraud,0,0,0,0,1,2,23.53,8280.16,0.2786
0,legit,0,0,0,0,0,0,883.53,15083.93,0.0825
1,fraud,1,1,0,0,1,0,3623.9,86420.17,0.7467
0,legit,1,0,0,1,0,0,551.13,8304.5,0.0709
1,fraud,1,1,1,0,1,0,3118.89,94055.43,0.8424
0,legit,0,0,0,0,0,1,28542.8,13271.41,0.0903
1,fraud,1,1,0,1,0,0,54.13,143518.36,0.8072
0,legit,0,0,0,0,1,0,11380.41,26383.9,0.3629
1,fraud,1,1,1,0,1,0,25.06,100841.03,0.7871
0,legit,0,0,0,1,0,0,241.06,9235.53,0.0691
1,fraud,1,1,1,1,0,0,5750.33,133641.82,0.7983
0,legit,1,0,0,0,0,0,748.63,19012.94,0.1786
1,fraud,1,1,0,0,1,0,24.59,115303.85,0.7251
0,legit,1,0,0,0,0,0,1030.12,12853.09,0.309
1,fraud,1,1,0,1,1,1,2634.55,117916.24,0.9053
0,legit,0,0,0,0,0,0,17336.94,50237.78,0.6722
1,fraud,1,1,1,1,1,0,39.28,28041.88,0.6295
0,legit,0,0,0,0,0,0,1082.17,67589.81,0.5079
1,fraud,1,1,1,1,1,2,40.51,77637.61,0.4421
0,legit,0,0,0,0,0,0,1040.64,2245.24,0.0703
1,fraud,1,0,0,1,0,0,55.05,99935.11,0.5476
0,legit,0,0,0,0,0,0,808.68,12965.5,0.1136
1,fraud,1,1,1,0,1,0,4481.27,17810.43,0.858
0,legit,0,0,0,0,0,0,8537.36,1398.56,0.0493
1,fraud,1,1,1,0,1,2,793.32,134102.51,0.9704
0,legit,0,0,0,0,0,0,488.8,28239.31,0.195
1,fraud,1,1,0,0,1,0,9.35,16504.29,0.1622
0,legit,0,0,0,0,0,0,718.11,1467.11,0.0272
1,fraud,1,0,0,1,0,1,6.31,43338.09,0.5084
0,legit,0,0,0,0,0,0,434.21,1701.35,0.0476
1,fraud,1,1,0,1,0,0,4896.56,47157.3,0.4935
0,legit,0,0,0,0,0,0,19328.76,2172.27,0.0115
1,fraud,0,1,0,1,1,3,5435.35,31590.08,0.5409
0,legit,0,0,0,1,0,0,37676.87,3940.81,0.0246
1,fraud,1,0,1,0,1,0,1096.15,110637.97,0.7112
0,legit,0,1,0,0,0,0,26162.26,4464.89,0.0317
1,fraud,1,0,0,1,1,1,1003.0,46135.33,0.2873
0,legit,0,0,0,1,0,0,13863.61,101.46,0.0009
1,fraud,1,1,0,0,1,0,1928.84,137215.32,0.7024
0,legit,1,1,0,0,0,0,10878.05,724.73,0.0068
1,fraud,1,0,1,1,0,1,788.76,113893.12,0.641
0,legit,0,0,0,0,0,0,1121.32,15262.43,0.2124
1,fraud,1,1,1,1,1,1,961.82,20577.03,0.1682
0,legit,0,0,0,0,0,0,19709.59,14270.94,0.0799
1,fraud,1,1,0,0,0,1,13.96,26557.33,0.4482
0,legit,0,0,0,1,0,0,982.86,1931.25,0.0928
1,fraud,1,1,0,1,1,0,24.11,13110.45,0.1099
0,legit,0,0,0,1,0,0,24779.98,4994.87,0.057
1,fraud,0,1,0,0,0,0,174.53,101052.79,0.8548
0,legit,0,0,0,0,0,0,728.39,9641.96,0.0511
1,fraud,1,1,1,1,1,1,2953.63,33725.5,0.6111
0,legit,0,0,0,0,0,0,579.0,39507.35,0.4114
1,fraud,1,1,1,0,0,1,3.67,90247.05,0.8624
0,legit,0,0,0,0,0,0,608.48,27644.01,0.2022
1,fraud,0,0,1,1,0,1,2795.62,89304.08,0.5173
0,legit,1,0,0,0,0,0,42525.39,14796.2,0.0986
1,fraud,1,0,0,1,1,0,521.98,24160.7,0.1598
0,legit,1,0,1,0,0,0,23005.22,2642.28,0.0338
1,fraud,0,1,1,1,1,0,202.79,95491.2,0.6833
0,legit,0,0,0,0,0,0,30738.4,9764.18,0.1748
1,fraud,1,1,0,1,0,0,484.78,41827.83,0.7934
0,legit,0,0,0,0,1,0,20786.72,6245.41,0.0405
1,fraud,1,1,0,0,1,1,4428.22,112404.81,0.7239
0,legit,0,0,0,0,0,0,7943.37,8036.98,0.0979
1,fraud,1,1,0,1,1,1,609.59,28297.17,0.4571
0,legit,1,0,0,1,0,0,28543.22,43743.24,0.2323
1,fraud,0,0,0,1,0,0,1278.19,37983.29,0.7486
0,legit,0,1,0,0,0,0,188.78,104.74,0.0008
1,fraud,1,1,1,1,1,2,650.57,71303.15,0.4769
0,legit,1,0,0,1,0,0,41.18,16499.64,0.158
1,fraud,1,1,0,1,0,1,887.29,69824.44,0.8678
0,legit,0,0,0,1,0,0,27821.22,24484.95,0.138
1,fraud,1,0,0,1,1,1,55.71,22888.25,0.1232
0,legit,0,0,0,0,0,0,1217.74,4981.9,0.0684
1,fraud,1,1,0,0,0,0,245.9,37497.79,0.4297
0,legit,0,0,0,0,0,0,816.18,36592.85,0.389
1,fraud,1,1,1,0,1,1,1401.25,44363.19,0.9595
0,legit,0,1,0,0,0,0,347.56,4277.78,0.0875
1,fraud,1,1,1,1,0,0,46.52,75014.23,0.8799
0,legit,0,0,0,1,0,0,1323.45,36992.17,0.214
1,fraud,0,1,0,0,1,0,874.47,60002.59,0.8742
0,legit,0,0,0,0,0,0,1101.86,14228.78,0.0972
1,fraud,1,1,1,0,1,2,1216.83,52144.25,0.734
0,legit,0,0,0,0,1,0,4655.14,17849.29,0.14
1,fraud,1,1,0,1,1,0,540.26,108441.71,0.7647
0,legit,0,0,0,0,0,0,560.27,2211.67,0.0511
1,fraud,0,1,1,1,0,2,36.86,112687.09,0.6933
0,legit,0,0,0,1,0,0,36053.99,21741.67,0.1264
1,fraud,1,1,1,0,1,0,899.21,86161.09,0.9468
0,legit,1,0,0,0,0,0,34958.66,39022.94,0.4419
1,fraud,1,1,1,0,0,1,34.69,107106.23,0.8546
0,legit,0,0,0,0,0,0,30231.19,31381.16,0.3112
1,fraud,0,1,0,1,1,0,28.43,25850.1,0.4038
0,legit,0,0,0,1,0,1,138.98,96550.89,0.4873
1,fraud,1,1,0,0,1,1,1755.88,4048.18,0.0863
0,legit,0,0,0,1,0,0,14156.26,6437.52,0.034
1,fraud,1,1,0,0,1,1,261.11,48960.9,0.4099
0,legit,0,0,0,0,0,0,13206.11,25352.32,0.1913
1,fraud,1,1,0,0,1,1,45.68,39219.36,0.4347
0,legit,0,0,0,1,0,0,523.74,67272.25,0.4365
1,fraud,1,1,1,1,1,0,50.16,21745.53,0.1845
0,legit,0,0,0,0,0,1,27336.66,7826.36,0.058
1,fraud,1,0,1,1,1,2,12.58,16600.47,0.2252
0,legit,1,0,0,0,1,1,22757.09,4035.22,0.0624
1,fraud,1,1,0,0,1,1,1588.49,21612.86,0.8966
0,legit,0,0,0,0,0,0,42883.2,24119.07,0.488
1,fraud,1,1,0,1,1,3,55.74,37517.14,0.7576
0,legit,0,0,0,1,0,0,264.1,6721.18,0.0802
1,fraud,0,0,1,1,0,0,418.08,59884.41,0.6351
0,legit,0,0,0,0,0,0,36041.26,28613.5,0.5322
1,fraud,1,1,0,0,0,0,549.38,68384.19,0.5078
0,legit,0,0,0,0,0,0,6049.94,2379.65,0.0169
1,fraud,1,1,0,1,1,2,2428.6,152944.68,0.8569
0,legit,1,0,0,0,1,0,67.73,24269.57,0.1337
1,fraud,1,1,1,1,1,1,46.92,69416.97,0.9358
0,legit,0,0,0,0,0,0,14428.85,8185.62,0.396
1,fraud,0,1,0,0,1,3,782.86,56068.69,0.4066
0,legit,0,0,0,0,0,0,1391.52,25635.06,0.1422
1,fraud,0,1,1,1,1,1,46.7,30554.57,0.5933
0,legit,0,0,0,0,1,0,949.92,50740.15,0.402
1,fraud,1,1,1,1,1,0,22.87,9091.75,0.2253
0,legit,1,0,0,1,1,0,1192.74,14885.24,0.0925
1,fraud,1,0,0,0,0,1,5.16,47864.93,0.5016
0,legit,1,0,0,0,0,0,29581.1,7786.24,0.058
1,fraud,1,1,0,0,1,1,1252.83,35559.4,0.5329
0,legit,1,0,0,0,0,0,1142.54,54198.48,0.3071
1,fraud,1,0,1,1,1,0,28.03,37811.58,0.445
0,legit,0,0,0,1,0,0,32219.85,1594.87,0.0231
1,fraud,0,1,1,1,1,2,3714.8,99694.09,0.984
0,legit,0,0,0,0,0,0,1193.74,14523.23,0.1323
1,fraud,1,1,0,1,1,2,17.76,177511.64,0.9309
0,legit,1,0,0,0,0,0,7059.17,42307.01,0.2591
1,fraud,1,1,0,1,0,0,44.28,36758.86,0.7905
0,legit,0,1,0,0,0,0,1088.75,26204.26,0.1373
1,fraud,1,1,1,0,1,0,1428.88,48162.95,0.894
0,legit,0,0,0,0,0,0,1194.12,16028.54,0.2128
1,fraud,1,1,1,0,1,2,22.19,80744.57,0.5206
0,legit,0,0,0,0,0,0,779.86,11044.73,0.1833
1,fraud,1,1,0,0,0,0,54.58,104380.74,0.8486
0,legit,0,0,0,1,0,0,5473.76,68958.8,0.4188
1,fraud,1,1,1,0,1,3,1951.66,30345.51,0.2632
0,legit,0,1,0,0,0,0,608.23,9251.99,0.202
1,fraud,1,1,0,0,1,2,59.11,108563.52,0.6226
0,legit,0,0,0,0,0,0,947.83,2051.16,0.0181
1,fraud,1,1,0,1,1,2,37.35,85781.59,0.6537
0,legit,0,0,0,1,0,0,39858.13,4673.6,0.0434
1,fraud,0,1,1,0,1,1,822.52,9964.87,0.0617
0,legit,0,0,0,0,0,0,1357.84,1421.5,0.0375
1,fraud,1,1,0,1,1,1,8.99,47521.27,0.774
0,legit,0,1,0,0,0,0,15361.95,26331.63,0.4932
1,fraud,1,1,0,0,0,1,479.77,25620.38,0.2063
0,legit,0,0,0,0,0,0,706.07,4464.68,0.0561
1,fraud,1,1,1,0,1,0,506.35,36514.17,0.4024
0,legit,0,0,0,0,0,0,11598.72,13097.11,0.4222
1,fraud,1,1,1,0,1,1,2126.75,55566.48,0.9879
0,legit,0,0,0,0,0,0,23362.71,6095.02,0.0972
1,fraud,1,1,1,0,1,1,45.5,30204.22,0.1776
0,legit,0,0,0,0,0,0,796.81,84680.8,0.4769
1,fraud,1,1,0,1,0,0,51.96,97494.5,0.5156
0,legit,0,0,0,0,0,0,953.6,26749.13,0.3043
1,fraud,0,1,0,1,0,0,50.58,31339.62,0.6399
0,legit,0,0,1,0,0,0,7675.46,2962.07,0.0223
1,fraud,1,1,1,0,1,0,36.4,36099.44,0.4688
0,legit,0,0,0,1,0,0,131.18,16517.46,0.1127
1,fraud,1,0,0,0,1,2,5371.57,5516.36,0.0738
0,legit,0,0,0,0,1,0,19282.79,3729.89,0.0218
1,fraud,1,1,0,1,1,1,903.14,132188.85,0.8568
0,legit,0,0,0,0,0,0,9190.52,52314.17,0.4266
1,fraud,1,0,0,0,1,1,7.59,10906.53,0.0839
0,legit,0,0,0,0,0,0,8620.19,20531.2,0.2981
1,fraud,1,1,0,1,1,1,5327.55,138199.01,0.9514
0,legit,0,0,0,0,0,0,17759.06,7647.36,0.0634
1,fraud,1,1,1,0,1,1,21.97,130692.31,0.9241
0,legit,1,0,0,1,0,0,1088.0,31000.24,0.2786
1,fraud,1,1,1,1,0,1,3831.38,107041.91,0.8576
0,legit,0,0,0,0,0,0,30936.72,9242.07,0.1614
1,fraud,1,1,0,1,0,2,5040.18,104760.47,0.5364
0,legit,0,0,0,0,0,0,36544.3,35581.54,0.1848
1,fraud,1,0,0,1,1,1,49.13,19627.07,0.293
0,legit,0,0,0,0,0,1,3894.15,77606.3,0.3886
1,fraud,1,1,0,1,1,0,27.33,48267.34,0.7464
0,legit,0,0,0,1,0,0,1382.0,64254.71,0.4792
1,fraud,1,0,0,1,1,0,49.25,120953.79,0.8269
0,legit,0,0,0,0,0,0,563.4,9019.67,0.0625
1,fraud,1,1,0,1,0,0,1202.78,38100.4,0.2537
0,legit,0,0,0,0,1,0,1369.28,34997.62,0.2062
1,fraud,1,1,1,1,1,0,586.75,96289.19,0.9761
0,legit,0,0,0,0,0,0,20711.88,24157.37,0.2652
1,fraud,1,1,0,1,1,0,519.39,14963.83,0.6982
0,legit,0,0,0,0,0,0,34574.76,34226.96,0.5116
1,fraud,1,1,0,0,0,0,366.67,87549.35,0.9813
0,legit,0,0,0,0,1,0,29983.99,3419.03,0.0494
1,fraud,1,1,0,0,1,1,2693.8,46013.52,0.2619
0,legit,0,0,0,0,0,0,729.22,549.73,0.0106
1,fraud,1,0,1,0,1,2,26.82,118026.86,0.6424
0,legit,0,0,0,0,0,0,1220.77,25984.72,0.1776
1,fraud,1,0,0,0,0,0,828.81,44417.16,0.7291
0,legit,0,0,0,0,0,0,39899.75,7281.28,0.1516
1,fraud,1,0,1,0,0,2,4798.91,52164.21,0.9618
0,legit,0,0,0,0,0,0,33075.04,16167.03,0.0834
1,fraud,1,1,1,1,1,0,4300.0,99976.27,0.6565
0,legit,0,0,0,0,0,0,33801.13,32857.28,0.3874
1,fraud,1,1,1,1,0,1,73.43,26923.66,0.8918
0,legit,0,0,0,0,0,0,32295.74,5647.41,0.0906
1,fraud,0,0,1,1,1,2,903.68,46030.14,0.8154
0,legit,0,0,0,0,0,1,1270.75,31108.09,0.1561
1,fraud,1,1,0,1,1,0,1023.16,85019.94,0.7341
0,legit,1,0,0,0,0,0,613.38,35495.31,0.1982
1,fraud,1,1,0,0,1,0,3477.03,10602.51,0.1558
0,legit,0,1,0,0,0,1,27161.8,17481.93,0.1169
1,fraud,1,1,0,1,1,1,10.81,104641.77,0.5396
0,legit,0,1,0,1,0,0,492.77,12397.13,0.1279
1,fraud,1,1,1,1,1,2,5165.98,15646.06,0.7439
0,legit,1,0,0,1,0,0,8078.83,24874.07,0.5288
1,fraud,1,0,0,0,0,2,532.6,93539.92,0.5013
0,legit,0,0,0,0,0,0,30988.09,2201.47,0.0577
1,fraud,1,1,1,1,0,1,53.62,121336.16,0.7943
0,legit,1,0,0,1,0,0,1338.46,15168.14,0.0849
1,fraud,1,1,1,1,1,2,36.01,113022.32,0.6481
0,legit,0,0,0,0,0,0,5977.04,7736.55,0.1821
1,fraud,1,1,0,0,1,2,41.93,45908.4,0.5283
0,legit,0,0,0,0,0,0,895.34,341.59,0.0023
1,fraud,1,1,0,1,1,0,565.32,111115.63,0.7943
0,legit,0,0,0,1,0,0,470.28,2946.14,0.125
1,fraud,1,0,0,0,1,1,991.12,121544.59,0.7005
0,legit,0,0,0,0,1,0,1272.56,17341.62,0.096
1,fraud,0,1,0,0,1,2,53.59,113888.19,0.8638
0,legit,1,0,0,0,0,0,795.77,4523.3,0.035
1,fraud,1,1,1,1,1,2,4151.91,19869.88,0.1045
0,legit,0,0,0,0,0,1,518.16,120598.76,0.6114
1,fraud,1,0,0,0,1,1,112.06,20549.76,0.5764
0,legit,1,0,0,0,0,0,210.94,2099.68,0.0282
1,fraud,0,0,0,1,0,0,59.08,106927.42,0.5446
0,legit,0,0,0,0,1,0,33906.03,2944.18,0.0377
1,fraud,1,1,0,1,1,1,5682.64,13404.83,0.0841
0,legit,0,0,0,0,0,0,805.58,119444.27,0.6396
1,fraud,1,1,0,0,1,0,17.38,102899.32,0.6157
0,legit,0,0,0,0,0,2,1420.1,5775.41,0.1079
1,fraud,1,1,1,1,0,2,38.75,90198.86,0.5903
0,legit,0,0,0,0,0,0,411.92,95607.85,0.5605
1,fraud,1,1,1,0,1,0,2875.25,65333.86,0.7876
0,legit,0,0,0,1,0,0,164.11,8900.18,0.1507
1,fraud,1,1,0,1,1,1,38.22,168734.05,0.9611
0,legit,0,0,0,0,0,0,1319.86,1100.06,0.0312
1,fraud,1,1,1,0,1,1,4276.62,65430.18,0.5195
0,legit,1,0,0,0,0,0,1320.49,1292.62,0.0243
1,fraud,1,1,1,1,0,0,904.89,35576.75,0.7192
0,legit,1,0,0,0,0,0,970.47,4921.39,0.071
1,fraud,1,0,0,1,0,1,4974.0,82311.22,0.9744
0,legit,0,0,0,0,0,1,397.38,26789.72,0.1491
1,fraud,1,1,0,1,1,2,29.65,30865.46,0.5664
0,legit,0,0,0,0,1,0,39776.48,2793.24,0.133
1,fraud,1,0,1,1,0,2,33.52,146926.97,0.9328
0,legit,0,0,0,0,0,0,84.0,454.57,0.0032
1,fraud,1,1,0,1,1,0,2594.76,81024.11,0.4583
0,legit,0,0,0,0,0,0,17310.63,17840.82,0.0971
1,fraud,1,1,1,0,1,1,2444.8,136822.09,0.7558
0,legit,0,0,0,1,0,0,55.07,3323.24,0.0662
1,fraud,1,1,0,0,0,0,4083.07,71241.62,0.5453
0,legit,0,0,0,0,0,0,19803.96,451.55,0.022
1,fraud,1,0,0,0,1,1,3554.84,15388.3,0.4063
0,legit,0,1,0,0,0,0,1226.04,45345.3,0.443
1,fraud,1,0,1,0,1,0,36.16,77130.77,0.4544
0,legit,0,0,0,0,0,0,373.13,8057.11,0.0864
1,fraud,1,1,0,1,0,1,46.25,41205.41,0.463
0,legit,0,0,0,0,0,0,36119.05,11541.16,0.3108
1,fraud,1,1,0,1,1,2,306.08,66652.66,0.4079
0,legit,0,0,0,0,0,0,31780.31,641.47,0.0074
1,fraud,0,1,1,1,1,3,1066.91,139934.53,0.8793
0,legit,0,0,0,0,0,0,521.59,66057.37,0.542
1,fraud,1,1,0,0,0,2,2926.51,29244.97,0.2776
0,legit,1,0,0,0,0,0,14124.53,44685.53,0.2564
1,fraud,1,0,0,1,1,3,26.55,42265.24,0.8888
0,legit,0,0,0,0,0,0,37147.66,6611.23,0.0363
1,fraud,1,1,1,1,0,1,3487.01,47231.21,0.9076
0,legit,1,0,0,0,0,0,144.88,11709.41,0.1045
1,fraud,1,1,0,0,0,2,838.73,43735.36,0.2506
0,legit,0,0,0,0,0,0,22447.6,85133.1,0.6249
1,fraud,1,1,1,0,1,1,923.23,94177.48,0.7757
0,legit,1,0,0,0,0,0,211.72,19350.79,0.1221
1,fraud,1,1,1,0,1,3,898.21,131953.88,0.7796
0,legit,0,0,0,0,0,0,20831.22,40630.0,0.2349
1,fraud,0,0,1,1,1,2,25.16,33666.4,0.487
0,legit,0,0,0,0,0,0,34268.72,2461.9,0.0806
1,fraud,1,1,1,1,0,1,1363.92,17472.27,0.6168
0,legit,1,0,0,0,0,0,1203.82,3325.77,0.0568
1,fraud,1,1,0,1,1,0,565.91,57495.02,0.5165
0,legit,0,0,0,0,0,0,80.47,23537.33,0.1302
1,fraud,1,1,0,0,0,1,3443.4,2853.2,0.1053
0,legit,0,1,0,0,0,0,1350.42,12109.52,0.3279
1,fraud,1,1,0,0,1,1,1246.27,65095.13,0.8512
0,legit,0,0,0,0,0,0,1.5,11318.4,0.1027
1,fraud,1,1,0,1,1,1,46.31,15863.76,0.115
0,legit,0,1,0,0,0,0,26657.2,3026.09,0.0184
1,fraud,0,0,0,1,1,0,272.02,87353.55,0.4962
0,legit,1,0,0,0,0,0,700.99,3802.14,0.0568
1,fraud,1,1,1,1,1,2,40.75,12642.55,0.096
0,legit,0,0,0,0,0,1,306.14,18018.16,0.3623
1,fraud,1,1,0,1,0,1,2253.88,17744.55,0.4471
0,legit,0,0,0,0,0,0,574.52,9789.84,0.0575
1,fraud,1,0,1,0,1,1,143.53,85079.25,0.835
0,legit,0,0,0,0,0,0,25550.27,38866.73,0.5731
1,fraud,1,1,1,1,1,0,3917.0,10758.71,0.1866
0,legit,0,0,0,0,0,0,8196.08,73815.21,0.5943
1,fraud,1,1,1,1,0,0,3502.3,30997.74,0.2207
0,legit,0,0,0,0,0,0,40754.4,13891.97,0.1761
1,fraud,0,1,1,0,1,0,5028.12,20848.18,0.534
0,legit,0,0,0,0,0,0,10422.94,75847.94,0.4061
1,fraud,0,1,1,1,1,1,1294.36,38975.91,0.6152
0,legit,1,0,0,0,0,0,19373.15,14023.51,0.0829
1,fraud,1,1,0,1,1,0,4558.24,23167.45,0.8747
0,legit,0,0,0,0,0,0,41267.08,25546.61,0.1953
1,fraud,1,1,0,1,1,1,2587.67,74553.09,0.932
0,legit,1,0,0,0,0,0,29577.87,17024.65,0.1407
1,fraud,1,1,0,1,1,0,24.17,24992.95,0.1811
0,legit,0,0,0,1,0,0,25936.33,6405.89,0.1501
1,fraud,1,1,1,0,0,0,3228.04,61212.97,0.8308
0,legit,0,0,0,0,0,0,254.45,93932.5,0.5752
1,fraud,1,1,1,0,0,0,16.19,66023.27,0.5379
0,legit,0,1,0,0,0,0,633.91,18954.36,0.1158
1,fraud,0,0,1,0,0,0,108.23,17897.79,0.1421
0,legit,0,0,0,0,0,0,32671.14,11041.38,0.0754
1,fraud,1,1,0,0,0,0,57.75,6281.41,0.2031
0,legit,0,0,0,0,0,0,11917.8,15624.58,0.0817
1,fraud,1,1,0,1,1,1,12.92,127657.09,0.8806
0,legit,0,0,0,1,0,0,24111.66,4556.74,0.0426
1,fraud,1,1,0,0,1,0,97.42,65334.35,0.5435
0,legit,0,0,0,1,0,0,26943.55,59115.47,0.3813
1,fraud,1,1,0,1,1,1,32.97,84733.32,0.8387
0,legit,0,0,0,1,0,0,1037.52,4021.36,0.0628
1,fraud,1,1,1,1,0,0,1142.86,99300.48,0.7709
0,legit,0,0,0,1,0,0,979.19,84969.9,0.5338
1,fraud,0,1,1,0,0,3,20.05,130923.89,0.7799
0,legit,0,0,0,0,1,0,935.71,12649.53,0.135
1,fraud,1,1,0,1,1,3,9.73,92035.21,0.9306
0,legit,0,0,1,0,0,1,436.71,36453.92,0.2157
1,fraud,1,0,1,1,0,1,42.79,59241.4,0.46
0,legit,0,0,0,0,1,0,1363.45,6643.51,0.1071
1,fraud,0,0,1,1,1,1,4890.17,6587.27,0.0801
0,legit,0,0,0,0,0,0,23666.3,8098.57,0.0558
1,fraud,1,1,0,1,1,0,42.49,68668.27,0.9961
0,legit,0,0,0,0,1,0,31502.62,28697.55,0.149
1,fraud,1,1,0,1,0,1,1.27,66481.19,0.5292
0,legit,0,1,0,0,0,0,1279.58,18409.45,0.0972
1,fraud,1,1,0,1,0,1,651.88,174968.85,0.8844
0,legit,0,1,0,0,0,0,42072.43,8788.57,0.2391
1,fraud,1,1,0,0,1,1,567.35,121235.34,0.9268
0,legit,0,0,0,0,0,0,32106.99,29572.81,0.6793
1,fraud,1,1,0,1,1,2,18.84,15549.86,0.2856
0,legit,0,0,0,0,0,1,129.95,65772.37,0.4493
1,fraud,0,1,0,0,1,1,23.77,179288.5,0.9703
0,legit,1,0,0,0,0,2,1126.57,1226.13,0.0476
1,fraud,1,1,0,0,1,3,20.89,108030.08,0.8095
0,legit,0,0,0,0,1,0,14744.61,107704.92,0.6288
1,fraud,1,1,1,1,1,2,429.36,8792.17,0.0648
0,legit,0,0,0,0,1,0,27247.48,82883.56,0.629
1,fraud,1,1,1,0,1,0,2798.29,3960.11,0.1943
0,legit,0,0,0,0,0,0,10173.18,1434.38,0.0649
1,fraud,1,1,1,0,1,1,4547.19,65134.61,0.4747
0,legit,0,0,0,0,0,0,11264.46,1215.43,0.0412
1,fraud,1,1,0,1,1,1,1768.04,103064.9,0.5249
0,legit,0,1,0,0,0,0,20655.21,19742.59,0.3432
1,fraud,1,1,0,0,1,1,39.68,38632.83,0.4502
0,legit,1,0,0,0,0,0,19813.9,15509.69,0.1039
1,fraud,1,1,0,0,0,0,1368.2,40618.3,0.2986
0,legit,0,0,0,0,0,0,14081.7,26317.99,0.3933
1,fraud,1,1,1,0,1,0,47.91,80333.32,0.599
0,legit,0,0,0,0,0,0,41552.65,21232.25,0.1172
1,fraud,1,1,1,0,1,0,2151.86,70670.57,0.4172
0,legit,1,0,0,0,0,0,15975.45,427.54,0.0111
1,fraud,1,1,0,0,1,0,38.86,71058.6,0.9849
0,legit,0,1,0,0,0,0,42039.96,29454.68,0.2032
1,fraud,1,1,1,1,0,2,5074.93,110404.04,0.9558
0,legit,1,0,0,0,0,0,41199.79,290.87,0.0115
1,fraud,1,0,1,1,1,0,2899.94,46167.61,0.8263
0,legit,0,0,0,0,0,0,43001.55,18515.03,0.1239
1,fraud,1,1,1,1,1,0,27.37,157791.66,0.9323
0,legit,0,0,0,0,0,0,4517.6,52101.65,0.4036
1,fraud,0,0,1,1,1,2,1007.43,137188.52,0.9601
0,legit,0,0,0,1,1,0,34768.63,25.43,0.0001
1,fraud,1,0,0,1,1,1,11.2,53954.4,0.7345
0,legit,0,0,0,0,0,0,0.57,6188.22,0.0405
1,fraud,1,1,0,0,1,1,389.68,101379.85,0.8942
0,legit,0,0,0,0,0,1,37077.61,13770.58,0.2598
1,fraud,1,0,0,1,0,1,5194.54,13629.27,0.6022
0,legit,0,1,0,0,0,0,4392.65,12766.91,0.2459
1,fraud,1,0,0,1,0,3,57.02,35495.34,0.5049
0,legit,0,0,0,0,1,0,6684.13,26828.27,0.5735
1,fraud,1,0,0,1,1,1,699.05,78603.77,0.7004
0,legit,0,0,0,0,0,0,41607.42,11409.95,0.1892
1,fraud,1,1,1,0,0,1,57.6,164508.75,0.8561
0,legit,0,0,0,0,0,0,15487.64,10430.67,0.0633
1,fraud,1,1,0,0,1,0,15.6,31641.69,0.2448
0,legit,0,0,0,0,0,0,29645.13,19388.82,0.2499
1,fraud,1,1,0,0,1,0,16.65,116116.41,0.6426
0,legit,0,0,0,0,0,0,665.37,4545.45,0.0589
1,fraud,1,1,1,1,1,2,951.7,96991.74,0.5807
0,legit,1,0,0,0,0,0,16117.09,3179.57,0.0565
1,fraud,1,0,0,1,0,0,25.06,92514.01,0.7408
0,legit,0,0,0,0,0,0,17662.92,9389.33,0.0596
1,fraud,1,1,0,1,0,1,661.84,10311.33,0.2301
0,legit,0,0,0,1,0,0,2331.47,26350.38,0.1688
1,fraud,0,1,0,1,0,1,17.74,163770.93,0.8966
0,legit,0,0,0,1,0,0,1049.81,495.39,0.0087
1,fraud,1,0,0,0,1,0,2070.75,26269.26,0.8562
0,legit,0,0,0,0,0,0,41017.96,24834.17,0.2212
1,fraud,1,1,1,0,0,1,58.22,188614.4,0.9903
0,legit,0,0,0,1,0,0,12113.75,1974.71,0.0132
1,fraud,1,0,1,1,0,1,449.94,27388.7,0.4692
0,legit,0,0,0,0,0,0,23912.34,18009.56,0.1681
1,fraud,1,0,1,1,1,0,4.59,13171.75,0.4933
0,legit,0,0,0,0,0,0,5964.12,8619.34,0.0437
1,fraud,0,0,0,1,1,0,13.84,129575.24,0.9817
0,legit,0,1,0,0,0,0,515.51,1276.95,0.04
1,fraud,1,1,0,0,1,1,1031.54,6140.69,0.1306
0,legit,1,1,0,1,0,0,35266.16,911.51,0.0046
1,fraud,0,0,0,0,0,0,30.8,44157.76,0.5068
0,legit,0,0,0,0,0,0,157.14,8171.91,0.0424
1,fraud,0,1,1,1,0,0,4164.27,154760.25,0.8676
0,legit,0,0,0,0,1,0,24066.52,2439.79,0.0609
1,fraud,1,1,1,0,1,3,2074.07,58654.29,0.6173
0,legit,0,0,0,0,0,0,1388.71,13151.25,0.18
1,fraud,1,1,0,1,1,1,5.35,139239.48,0.7066
0,legit,0,0,0,0,0,0,1311.74,3920.47,0.0976
1,fraud,0,0,1,0,1,0,551.14,115854.19,0.8775
0,legit,0,0,0,0,0,0,7693.16,5593.5,0.0317
1,fraud,1,0,0,1,1,0,571.64,65693.04,0.6793
0,legit,0,0,0,0,0,0,7851.29,8874.17,0.0769
1,fraud,1,1,0,1,1,2,54.91,13921.06,0.254
0,legit,1,0,0,0,0,1,1390.87,101713.24,0.5903
1,fraud,1,0,0,1,1,0,4233.61,85146.81,0.7095
0,legit,0,0,0,0,0,0,36988.86,30095.95,0.1663
1,fraud,1,0,0,1,0,1,59.89,16161.51,0.086
0,legit,0,0,0,0,0,0,1238.06,2386.8,0.1164
1,fraud,1,1,1,0,1,1,654.56,93849.08,0.7433
0,legit,0,0,0,0,0,0,31709.23,24159.59,0.5499
1,fraud,1,1,1,0,0,2,1328.47,12328.71,0.09
0,legit,0,0,0,0,0,1,24505.65,9203.0,0.0621
1,fraud,1,1,0,1,0,2,30.5,85325.57,0.9237
0,legit,0,0,0,0,0,0,5787.54,6154.32,0.126
1,fraud,1,1,0,0,1,0,92.99,45370.75,0.272
0,legit,1,0,0,0,0,0,28321.59,40896.59,0.2151
1,fraud,0,1,1,0,1,0,357.55,15358.91,0.5715
0,legit,0,0,0,0,1,0,15196.15,24252.37,0.2876
1,fraud,1,0,0,0,1,0,31.94,90837.92,0.5194
0,legit,0,0,0,0,0,0,33528.41,16772.57,0.1077
1,fraud,1,1,1,1,0,2,1058.06,23322.54,0.1172
0,legit,1,0,0,1,0,0,858.06,37452.42,0.2318
1,fraud,1,0,0,1,0,2,5378.1,45257.73,0.5097
0,legit,0,0,0,0,0,0,21221.69,5987.99,0.0379
1,fraud,1,1,0,0,0,0,0.86,114637.17,0.9813
0,legit,0,1,0,1,1,0,1367.71,20544.01,0.1219
1,fraud,1,1,0,1,1,1,631.59,62657.08,0.8105
0,legit,0,1,0,0,0,0,6701.29,27423.77,0.5032
1,fraud,1,0,0,0,1,0,58.38,7323.76,0.0554
0,legit,0,0,0,0,0,0,34799.41,5351.78,0.1262
1,fraud,1,1,0,0,1,1,543.11,13509.15,0.0868
0,legit,1,0,0,0,0,0,1432.39,16831.21,0.4541
1,fraud,1,1,1,0,1,1,49.7,124881.66,0.6693
0,legit,0,0,0,0,0,0,15046.24,1065.61,0.0463
1,fraud,1,1,1,1,1,0,1199.19,36005.22,0.6169
0,legit,0,0,0,0,0,0,29916.47,21551.43,0.5875
1,fraud,1,0,0,1,1,2,2654.25,40724.56,0.297
0,legit,1,0,0,1,0,0,32040.59,1710.8,0.0538
1,fraud,1,1,1,0,0,0,35.38,191576.54,0.969
0,legit,0,0,0,1,0,0,149.21,38340.79,0.5634
1,fraud,1,1,1,0,1,1,41.73,26934.6,0.1429
0,legit,0,0,0,1,0,0,732.95,81705.02,0.6879
1,fraud,1,0,0,1,1,1,221.05,30081.46,0.4898
0,legit,0,0,0,0,0,0,1071.27,20074.04,0.1146
1,fraud,1,0,1,0,1,0,1901.91,31568.28,0.7086
0,legit,0,0,0,0,0,0,39303.17,19836.72,0.1104
1,fraud,1,1,0,0,1,2,1130.48,157349.4,0.9681
0,legit,0,0,0,0,1,0,450.11,9829.08,0.1553
1,fraud,1,1,0,0,0,0,5089.4,68112.95,0.4419
0,legit,0,0,0,1,0,0,28810.29,23402.91,0.1397
1,fraud,1,1,0,0,0,3,41.72,61900.21,0.5953
0,legit,0,0,0,0,0,0,804.64,2613.73,0.1265
1,fraud,1,1,0,1,0,0,1366.75,36240.4,0.417
0,legit,1,0,0,1,0,0,29759.16,7141.5,0.0844
1,fraud,1,0,1,1,0,1,16.61,15676.75,0.636
0,legit,0,0,0,0,0,1,1335.83,26148.11,0.1777
1,fraud,0,1,0,0,1,0,1524.6,11300.97,0.076
0,legit,0,0,0,0,1,0,14909.3,18502.88,0.3108
1,fraud,1,0,0,0,1,1,13.82,70730.57,0.5658
0,legit,0,0,0,1,0,0,6913.56,69661.62,0.5339
1,fraud,1,1,0,0,1,0,46.36,1554.99,0.0551
0,legit,0,0,0,0,0,0,31936.37,49520.51,0.2653
1,fraud,1,0,0,0,0,0,44.48,141405.95,0.9857
0,legit,0,0,0,1,0,1,36739.89,34098.38,0.2075
1,fraud,1,1,1,1,1,0,55.86,147279.61,0.9736
0,legit,1,0,0,0,0,0,24151.22,21864.84,0.1803
1,fraud,1,0,0,1,1,1,11.03,30171.5,0.5985
0,legit,0,0,0,0,0,0,11442.83,1143.61,0.0087
1,fraud,1,1,1,0,1,0,56.9,29449.76,0.9529
0,legit,0,0,0,1,0,0,333.56,8790.85,0.0663
1,fraud,1,0,1,0,1,1,709.67,106426.36,0.7714
0,legit,0,0,0,1,0,0,37.55,3181.07,0.027
1,fraud,1,1,0,0,1,1,55.28,87852.95,0.5459
0,legit,0,0,0,0,0,0,346.83,1952.0,0.0121
1,fraud,1,1,1,0,1,1,22.53,118050.25,0.6996
0,legit,0,0,0,0,0,0,16715.84,1793.33,0.0126
1,fraud,1,1,0,0,1,1,1366.9,31749.86,0.609
0,legit,0,0,0,0,0,0,7056.48,11981.98,0.1405
1,fraud,1,0,0,1,1,0,5239.71,81592.67,0.6229
0,legit,0,0,0,0,0,0,34652.89,21520.35,0.1708
1,fraud,1,1,1,1,0,1,10.22,13471.48,0.0675
0,legit,0,0,0,0,0,0,491.65,10396.6,0.3567
1,fraud,1,1,1,1,1,0,1221.99,27726.84,0.6476
0,legit,1,0,0,0,0,0,352.52,23961.18,0.1267
1,fraud,1,0,0,0,0,1,5579.12,145510.27,0.8955
0,legit,0,0,0,0,0,0,1254.81,77591.81,0.5014
1,fraud,0,1,1,1,1,1,133.7,136049.69,0.9085
0,legit,0,0,0,0,0,0,9814.08,5452.35,0.1226
1,fraud,1,1,0,1,0,1,23.7,40060.47,0.5905
0,legit,0,0,0,0,0,0,38732.29,13936.59,0.1081
1,fraud,1,0,1,1,1,3,734.85,162435.65,0.877
0,legit,0,0,0,0,0,0,581.46,18407.3,0.156
1,fraud,1,0,0,0,1,1,735.88,74893.05,0.6174
0,legit,0,1,0,0,0,0,41599.9,10672.97,0.0538
1,fraud,1,0,1,0,0,0,703.07,97930.03,0.8341
0,legit,0,0,0,0,0,0,18255.82,21.85,0.0002
1,fraud,1,1,0,1,0,0,37.76,17367.57,0.1558
0,legit,1,0,0,0,0,0,610.46,20219.5,0.1473
1,fraud,1,1,1,1,1,0,2589.82,104075.62,0.5326
0,legit,0,0,0,1,0,0,7281.67,239.43,0.0017
1,fraud,1,1,0,0,0,1,296.07,179499.56,0.8979
0,legit,0,0,0,0,0,0,834.67,16809.3,0.1275
1,fraud,1,1,1,1,0,1,2444.52,63510.63,0.6403
0,legit,0,0,0,1,0,0,20521.66,20792.18,0.1913
1,fraud,1,0,0,0,1,2,5.56,90154.07,0.7831
0,legit,0,0,0,0,0,0,31136.77,54125.9,0.3035
1,fraud,1,0,0,1,1,1,1319.37,139527.78,0.7623
0,legit,1,1,0,0,0,0,15002.44,8160.15,0.0699
1,fraud,1,0,0,0,1,0,57.79,56622.57,0.9666
0,legit,0,0,0,0,0,0,266.32,13813.18,0.0868
1,fraud,1,0,0,0,0,0,3463.53,60550.97,0.6364
0,legit,0,0,0,0,0,0,598.92,49634.66,0.5532
1,fraud,1,1,1,1,0,0,6.97,117429.9,0.8606
0,legit,0,0,1,0,0,0,23820.23,43362.08,0.6861
1,fraud,1,1,1,0,1,1,4780.24,124059.65,0.9573
0,legit,0,0,0,0,0,0,3569.21,12547.24,0.0757
1,fraud,0,0,0,0,0,2,58.87,28518.57,0.2401
0,legit,0,0,0,0,0,0,10124.98,12704.98,0.09
1,fraud,1,1,0,0,1,0,1423.7,20422.84,0.2406
0,legit,0,0,0,1,0,0,3927.68,22.55,0.0007
1,fraud,1,1,0,0,0,0,1229.55,94762.15,0.5055
0,legit,0,0,0,0,0,1,1463.14,15993.13,0.1358
1,fraud,1,1,0,0,1,2,5.94,82175.89,0.7066
0,legit,0,0,0,1,0,0,19739.98,105091.57,0.5979
1,fraud,1,0,1,0,0,0,1338.13,65653.63,0.9748
0,legit,0,0,0,0,0,0,42713.29,25919.5,0.1435
1,fraud,1,0,1,1,0,1,45.28,85242.2,0.6387
0,legit,0,0,0,0,0,0,28605.55,8516.18,0.1763
1,fraud,1,1,1,0,0,1,4377.07,35954.51,0.4339
0,legit,0,0,0,0,0,0,10492.38,14924.97,0.135
1,fraud,1,0,0,0,1,0,57.96,51239.11,0.9941
0,legit,0,0,0,0,0,0,402.24,105676.95,0.6397
1,fraud,0,1,1,1,1,1,44.56,22527.47,0.1501
0,legit,0,0,0,0,0,0,1031.28,6470.85,0.0389
1,fraud,1,0,0,1,1,0,50.12,100257.48,0.581
0,legit,0,0,0,1,0,0,36127.28,5401.57,0.0288
1,fraud,1,1,1,1,1,2,49.46,34612.89,0.4604
0,legit,1,0,0,0,1,0,33440.26,4898.71,0.0861
1,fraud,0,1,1,1,1,1,256.14,159291.95,0.877
0,legit,1,0,1,0,1,0,1078.64,14682.92,0.1086
1,fraud,1,1,1,1,1,1,10.81,118574.45,0.7357
0,legit,0,0,0,0,0,0,438.55,20642.4,0.1905
1,fraud,1,1,0,0,1,1,580.31,79733.18,0.8078
0,legit,1,0,0,0,0,0,31437.74,3943.18,0.0761
1,fraud,1,0,1,0,1,1,1555.86,107283.35,0.6107
0,legit,0,0,0,0,0,0,282.08,584.72,0.0039
1,fraud,1,1,0,0,1,1,16.69,41010.03,0.5246
0,legit,1,0,0,0,0,0,863.92,18279.09,0.1094
1,fraud,1,1,0,1,1,0,541.41,133923.57,0.685
0,legit,0,0,0,0,0,0,26473.71,18714.11,0.1231
1,fraud,1,1,1,1,0,1,19.19,11283.24,0.5443
0,legit,1,0,0,0,1,0,17192.95,23480.61,0.1185
1,fraud,1,1,1,0,1,0,993.14,28120.87,0.2755
0,legit,1,1,0,0,0,0,442.9,55913.87,0.3394
1,fraud,1,1,0,1,0,1,54.21,65045.16,0.6546
0,legit,1,1,0,0,0,0,27458.05,7754.48,0.0471
1,fraud,1,1,0,1,0,2,55.05,16011.04,0.6307
0,legit,0,1,0,0,0,0,835.51,21103.09,0.1791
1,fraud,1,1,0,1,1,3,6.1,7898.22,0.0652
0,legit,0,1,0,0,0,1,1214.08,109703.95,0.5992
1,fraud,1,0,0,1,1,0,46.9,48536.21,0.4524
0,legit,0,0,0,0,0,0,344.77,28534.15,0.1515
1,fraud,1,1,1,1,0,2,52.41,29160.06,0.4908
0,legit,0,0,1,0,0,0,28219.5,41696.62,0.227
1,fraud,1,1,1,0,0,2,24.14,135948.69,0.7051
0,legit,0,0,0,0,0,1,451.2,14299.85,0.1562
1,fraud,1,1,1,1,1,1,57.96,169132.1,0.921
0,legit,0,1,0,0,0,0,1019.41,21399.21,0.1392
1,fraud,1,1,0,1,0,1,9.78,37659.88,0.2596
0,legit,0,0,0,0,0,0,1703.85,9866.83,0.0767
1,fraud,1,0,0,0,1,1,853.47,50542.59,0.4516
0,legit,0,0,0,0,0,2,13827.04,925.59,0.0297
1,fraud,1,1,1,1,1,0,11.01,47659.85,0.6191
0,legit,0,0,0,0,0,0,1030.24,104559.01,0.5337
1,fraud,1,1,0,0,1,0,785.1,147736.59,0.8892
0,legit,1,0,0,0,0,0,35061.26,3942.1,0.0646
1,fraud,1,0,0,0,0,1,2213.94,19031.75,0.5764
0,legit,0,0,0,0,0,0,1127.05,12973.13,0.0764
1,fraud,1,0,1,1,1,1,32.37,97913.29,0.7004
0,legit,0,0,0,0,0,0,28239.61,15616.41,0.0809
1,fraud,1,0,0,0,0,0,1307.06,51425.54,0.8319
0,legit,0,1,0,0,0,0,35123.77,8678.05,0.1238
1,fraud,1,1,0,0,1,0,32.85,15242.57,0.2497
0,legit,0,0,0,0,0,0,8012.08,8825.76,0.1684
1,fraud,1,0,0,1,0,1,29.49,10805.72,0.0776
0,legit,0,0,0,1,0,0,3990.84,28670.21,0.1822
1,fraud,0,1,0,1,1,0,20.29,9564.03,0.0555
0,legit,1,0,0,0,0,0,2169.96,25781.41,0.1685
1,fraud,1,1,0,0,0,1,14.3,76977.04,0.652
0,legit,1,0,1,0,0,1,3756.2,15597.6,0.2127
1,fraud,1,0,0,1,0,1,2642.28,122069.36,0.6121
0,legit,0,0,0,1,0,0,24092.76,663.13,0.004
1,fraud,1,0,0,0,1,1,4546.97,32896.38,0.8799
0,legit,0,0,0,0,0,0,18263.13,11217.54,0.0788
1,fraud,1,0,0,1,0,0,133.11,74999.84,0.6515
0,legit,0,0,0,0,0,0,144.83,3955.14,0.0539
1,fraud,1,0,0,0,0,0,4515.05,11929.79,0.2638
0,legit,0,0,0,0,0,0,1664.58,7262.93,0.0485
1,fraud,1,1,1,1,1,0,594.55,104163.77,0.829
0,legit,0,0,0,0,1,0,165.54,40410.19,0.2217
1,fraud,0,0,0,0,1,0,3160.41,89220.18,0.531
0,legit,0,0,0,0,0,0,195.0,8249.52,0.0963
1,fraud,1,0,1,0,1,0,55.88,79757.94,0.6198
0,legit,0,0,0,0,0,0,37634.5,30414.28,0.4542
1,fraud,1,1,0,1,0,1,32.38,24058.92,0.1487
0,legit,0,1,0,0,0,0,493.62,4797.85,0.1014
1,fraud,1,1,0,0,1,1,26.84,21450.33,0.4655
0,legit,0,0,0,0,0,0,25622.37,3725.91,0.1539
1,fraud,1,1,1,1,1,1,891.91,154757.93,0.9331
0,legit,0,0,0,0,1,2,405.41,5037.02,0.0418
1,fraud,1,1,0,1,0,1,321.18,63152.0,0.5802
0,legit,0,0,0,0,0,0,732.48,4022.08,0.1093
1,fraud,1,1,0,0,0,3,408.13,32989.05,0.8625
0,legit,0,0,0,0,0,0,13276.79,13426.49,0.1696
1,fraud,1,1,0,1,1,1,20.39,68470.07,0.8872
0,legit,0,0,0,0,0,0,737.07,73411.77,0.6735
1,fraud,0,1,1,1,0,0,34.93,31326.93,0.5377
0,legit,0,0,0,0,0,0,789.84,4002.64,0.1334
1,fraud,1,1,0,1,1,0,37.32,64918.33,0.4713
0,legit,0,0,0,0,0,0,700.05,544.24,0.0144
1,fraud,1,1,1,1,1,3,7.72,96933.61,0.5684
0,legit,0,0,0,0,0,0,34531.41,56401.62,0.3207
1,fraud,1,1,0,1,0,1,4435.09,85779.93,0.4946
0,legit,0,0,0,0,0,0,1141.49,4940.15,0.1206
1,fraud,1,1,1,0,1,2,50.79,92743.18,0.8324
0,legit,0,0,0,0,0,0,321.93,19699.2,0.1552
1,fraud,1,0,0,0,0,1,1353.65,103456.14,0.9007
0,legit,0,0,0,0,0,0,764.95,4383.61,0.059
1,fraud,1,1,0,1,0,2,58.73,103956.8,0.9457
0,legit,0,0,0,0,0,0,26605.97,1056.52,0.0141
1,fraud,1,1,1,0,0,1,5563.71,14231.13,0.5423
0,legit,0,0,0,0,0,0,6328.39,2681.63,0.1124
1,fraud,1,1,1,0,1,0,19.36,12066.49,0.1069
0,legit,0,0,0,0,1,1,631.33,25574.76,0.2054
1,fraud,1,1,1,1,1,0,32.55,83947.22,0.6757
0,legit,0,0,0,0,0,0,7143.66,14366.6,0.5374
1,fraud,1,1,1,1,1,0,4547.85,51563.88,0.2803
0,legit,0,0,0,0,0,0,35727.95,22109.49,0.1374
1,fraud,1,1,1,0,1,0,34.88,4434.19,0.0515
0,legit,0,1,0,0,0,0,588.24,17887.27,0.111
1,fraud,0,0,0,0,1,0,4237.02,42503.28,0.4325
0,legit,0,0,0,1,0,0,13.72,55.16,0.0009
1,fraud,1,0,0,0,1,0,2498.89,37423.86,0.207
0,legit,0,0,0,0,0,0,40958.37,4352.21,0.0323
1,fraud,0,1,0,1,0,1,18.28,36367.29,0.4786
0,legit,0,0,0,0,0,0,612.43,83731.83,0.607
1,fraud,1,1,0,0,1,1,4910.29,30178.6,0.7109
0,legit,0,0,0,0,0,0,1169.91,91645.11,0.4967
1,fraud,1,0,0,1,0,0,3999.96,6397.64,0.2406
0,legit,0,0,0,0,1,0,24020.67,4133.79,0.0949
1,fraud,1,0,0,0,1,1,34.2,173146.28,0.9573
0,legit,0,0,0,0,0,0,41820.31,36489.05,0.5725
1,fraud,1,1,0,1,1,0,4447.47,75448.22,0.6848
0,legit,0,1,0,0,0,0,959.72,21677.1,0.4801
1,fraud,1,1,1,0,1,0,2421.63,12150.07,0.0682
0,legit,0,0,0,0,0,0,28709.18,12364.85,0.1546
1,fraud,0,1,1,1,1,3,11.79,133834.56,0.6905
0,legit,0,0,0,0,0,0,35296.27,20221.14,0.1676
1,fraud,0,0,1,1,1,0,1076.81,112277.24,0.9254
0,legit,0,0,0,1,0,0,8508.18,3741.33,0.0652
1,fraud,0,0,1,1,0,0,6.53,11764.6,0.093
0,legit,0,0,0,0,0,0,161.02,18901.13,0.1231
1,fraud,1,1,1,1,1,0,246.13,42441.35,0.6694
0,legit,1,0,0,0,0,0,11831.53,6587.48,0.0541
1,fraud,0,0,0,1,1,3,2370.96,48358.57,0.8919
0,legit,0,0,0,0,0,0,31106.5,21640.66,0.161
1,fraud,1,1,1,0,0,0,1066.27,97955.7,0.4996
0,legit,0,0,0,0,0,0,20083.34,2079.24,0.0327
1,fraud,1,0,1,1,1,1,34.49,147802.8,0.8053
0,legit,0,0,0,1,0,0,20488.95,9055.61,0.157
1,fraud,1,1,1,1,1,2,43.63,37720.97,0.7521
0,legit,0,0,0,0,0,0,4241.74,9009.05,0.0853
1,fraud,1,1,0,0,1,2,40.16,16196.96,0.7746
0,legit,0,0,0,1,0,0,1175.25,35106.33,0.4417
1,fraud,1,1,1,1,1,2,5594.53,65681.26,0.8815
0,legit,0,0,0,0,0,0,32171.51,15048.35,0.1149
1,fraud,0,1,0,0,0,0,22.67,86041.09,0.5241
0,legit,0,0,0,0,0,0,32289.69,26927.54,0.4655
1,fraud,1,1,1,0,1,2,845.68,163498.64,0.937
0,legit,0,0,0,1,0,0,27668.25,762.38,0.0349
1,fraud,1,1,1,0,0,0,4.9,78042.64,0.9425
0,legit,0,0,0,0,0,0,259.77,3910.54,0.0267
1,fraud,1,1,0,0,0,0,273.34,97553.88,0.6876
0,legit,0,0,0,1,0,0,17243.78,106970.31,0.6697
1,fraud,1,1,0,1,1,3,22.55,169567.12,0.9625
0,legit,0,0,0,0,0,0,14962.85,47241.47,0.6909
1,fraud,1,0,1,0,1,1,937.44,157726.94,0.9095
0,legit,0,0,0,0,0,0,22632.02,114195.08,0.6431
1,fraud,1,0,1,0,1,0,1141.93,53098.28,0.8399
0,legit,0,0,0,0,0,0,21798.07,13922.61,0.1789
1,fraud,1,1,1,1,0,2,42.69,121780.96,0.7164
0,legit,1,0,0,0,0,0,42833.27,34512.27,0.2627
1,fraud,1,1,1,1,0,0,1596.26,180343.33,0.9631
0,legit,1,0,0,0,1,0,802.59,93332.0,0.6982
1,fraud,1,1,1,0,0,1,21.25,19793.38,0.2216
0,legit,1,0,0,0,0,0,39142.53,6641.63,0.0393
1,fraud,0,1,0,1,1,0,4439.08,15018.8,0.2889
0,legit,0,0,0,1,0,0,1207.53,2694.74,0.0147
1,fraud,1,1,1,0,1,0,1006.99,74962.98,0.6628
0,legit,0,0,0,0,0,0,294.75,89368.3,0.5112
1,fraud,1,1,1,0,0,0,35.9,71225.81,0.7518
0,legit,0,1,0,0,0,0,10801.5,20697.97,0.2001
1,fraud,1,0,0,1,1,2,20.89,27557.45,0.5681
0,legit,0,0,0,0,0,0,16453.59,3352.38,0.0726
1,fraud,1,0,1,1,1,2,8.55,104716.28,0.7867
0,legit,0,1,0,1,0,1,1417.34,14074.61,0.0838
1,fraud,1,1,0,1,0,1,13.65,118182.13,0.5949
0,legit,0,0,0,0,1,0,914.82,5916.12,0.0415
1,fraud,1,0,1,1,1,2,731.43,9853.51,0.4302
0,legit,0,0,0,0,1,1,40404.87,21132.37,0.1479
1,fraud,1,1,1,0,1,0,41.15,38412.16,0.4381
0,legit,0,0,0,0,0,0,1364.79,7066.8,0.1122
1,fraud,1,1,0,0,1,1,0.46,20805.05,0.6983
0,legit,0,1,0,0,1,0,690.53,14091.73,0.491
1,fraud,1,0,0,0,0,0,512.69,76198.98,0.4326
0,legit,0,0,0,0,1,0,17530.7,80323.58,0.5639
1,fraud,1,1,0,0,0,0,252.42,42622.9,0.2751
0,legit,1,0,0,0,0,0,29996.37,20262.99,0.1458
1,fraud,1,1,1,1,0,0,54.72,153007.88,0.872
0,legit,0,0,0,0,0,0,39739.46,2901.92,0.0186
1,fraud,1,0,0,1,0,0,5236.83,148272.93,0.8766
0,legit,0,0,0,0,0,0,27123.91,65696.6,0.6452
1,fraud,1,0,1,1,1,1,12.14,76377.57,0.6544
0,legit,0,0,0,0,1,0,640.97,34299.72,0.615
1,fraud,1,1,0,0,0,0,165.45,66623.74,0.8266
0,legit,1,0,0,1,0,0,36377.49,293.96,0.0095
1,fraud,1,1,1,0,0,2,49.37,59815.37,0.4484
0,legit,1,0,0,0,0,0,1017.56,64255.82,0.5855
1,fraud,1,1,1,0,1,0,28.89,13725.18,0.1546
0,legit,0,0,0,0,0,0,644.57,63319.75,0.3448
1,fraud,1,0,0,1,1,1,6.63,65658.93,0.493
0,legit,0,1,0,0,0,0,1284.19,51497.83,0.3985
1,fraud,1,0,0,1,1,0,11.1,173302.69,0.8902
0,legit,1,0,0,0,0,0,3660.93,25885.65,0.1335
1,fraud,1,1,0,0,1,2,821.15,86129.86,0.839
0,legit,1,0,0,0,0,0,23415.09,41749.0,0.3564
1,fraud,1,0,0,1,0,0,399.99,70128.61,0.543
0,legit,0,0,0,0,0,0,5909.19,40983.24,0.3995
1,fraud,1,0,0,1,0,1,1134.18,13380.17,0.2125
0,legit,0,0,0,1,0,0,1281.74,6429.44,0.0721
1,fraud,1,1,1,0,0,1,341.95,49569.92,0.5263
0,legit,0,0,0,0,1,0,30403.75,3163.52,0.0172
1,fraud,0,0,0,0,1,0,1055.89,3804.72,0.0631
0,legit,0,0,0,0,0,0,942.02,17598.15,0.1613
1,fraud,1,1,1,0,0,3,34.33,92599.51,0.749
0,legit,0,0,0,0,0,0,12313.01,30253.22,0.1553
1,fraud,0,0,0,1,1,2,11.65,12661.1,0.5763
0,legit,0,0,0,0,0,0,233.46,5291.14,0.0514
1,fraud,1,0,1,1,0,1,23.4,52042.96,0.6667
0,legit,0,0,0,1,1,0,1138.9,1420.36,0.0357
1,fraud,1,1,0,1,1,1,290.42,113950.25,0.8447
0,legit,0,0,0,0,0,2,199.12,12552.02,0.0993
1,fraud,0,1,1,1,0,0,18.26,89324.53,0.6256
0,legit,1,0,0,1,0,0,26183.6,4149.9,0.149
1,fraud,1,1,0,1,1,2,46.89,113947.95,0.9595
0,legit,1,0,0,0,0,0,40908.45,55078.62,0.4163
1,fraud,1,1,1,1,0,2,20.99,105417.71,0.8103
0,legit,0,1,0,0,0,1,23779.49,32357.09,0.4151
1,fraud,1,1,1,1,1,2,4129.99,50857.91,0.4382
0,legit,0,0,0,1,0,0,919.6,5170.48,0.0462
1,fraud,1,1,0,1,1,1,55.31,50207.97,0.2911
0,legit,0,0,0,1,0,0,29364.93,14921.34,0.0809
1,fraud,1,1,0,1,0,0,57.59,55687.23,0.7119
0,legit,0,0,0,0,0,0,18616.53,5193.46,0.0276
1,fraud,0,1,0,0,0,1,56.55,21704.67,0.1562
0,legit,0,0,0,1,0,0,17.26,358.49,0.0053
1,fraud,1,1,0,1,1,3,47.9,18347.6,0.2559
0,legit,0,0,0,0,0,0,42788.74,1697.42,0.0325
1,fraud,0,1,1,0,0,1,1608.09,78093.07,0.5927
0,legit,0,0,0,1,0,0,39316.54,26360.37,0.6333
1,fraud,1,1,0,1,1,2,4756.26,156354.82,0.8678
0,legit,0,0,0,0,0,0,734.51,6503.48,0.0972
1,fraud,1,1,0,0,0,0,42.74,28968.53,0.5907
0,legit,1,0,0,0,0,2,1391.17,693.9,0.0251
1,fraud,0,1,1,0,0,2,4356.05,84425.42,0.4745
0,legit,0,0,0,0,0,0,40183.53,8863.83,0.1024
1,fraud,1,1,0,0,1,2,3373.55,28638.59,0.7946
0,legit,0,0,0,0,0,0,35867.7,2448.17,0.0171
1,fraud,1,1,1,1,1,0,218.88,22507.22,0.5619
0,legit,0,1,0,0,0,0,11018.43,14919.43,0.1236
1,fraud,0,1,1,1,1,2,39.78,46423.54,0.5938
0,legit,0,0,0,0,1,0,27278.17,8544.14,0.0792
1,fraud,1,1,0,1,0,0,48.21,142780.32,0.8125
0,legit,1,0,0,0,0,0,56.13,2085.99,0.0389
1,fraud,1,1,1,0,0,1,698.65,38486.77,0.9311
0,legit,0,0,0,0,0,1,12367.05,9576.76,0.0581
1,fraud,1,0,0,1,0,0,59.02,12129.96,0.0656
0,legit,0,0,0,0,0,0,13566.03,29689.66,0.2596
1,fraud,1,1,1,1,1,2,29.81,21825.63,0.249
0,legit,1,0,0,0,0,0,724.04,21891.93,0.2509
1,fraud,1,1,1,1,0,0,3049.61,34192.62,0.2452
0,legit,0,0,0,0,0,0,333.92,37569.74,0.5215
1,fraud,1,1,0,0,1,2,26.51,99509.68,0.5745
0,legit,0,0,0,0,0,0,799.19,3029.43,0.0185
1,fraud,1,1,0,0,1,1,332.13,63677.44,0.6479
0,legit,0,0,0,0,0,0,9589.78,1618.72,0.014
1,fraud,1,1,1,0,1,1,55.84,74844.33,0.7419
0,legit,0,0,1,0,0,0,92.11,57348.82,0.3307
1,fraud,1,1,1,0,1,1,464.2,107523.27,0.6079
0,legit,0,0,0,0,0,1,31924.62,6665.99,0.0542
1,fraud,1,0,0,1,1,0,42.93,4127.6,0.1625
0,legit,0,0,0,0,0,0,10498.2,946.24,0.0092
1,fraud,1,1,1,1,1,2,4686.92,47482.82,0.4219
0,legit,0,0,0,0,0,0,39927.96,19228.89,0.477
1,fraud,0,0,1,0,1,0,36.63,21361.04,0.9854
0,legit,0,0,0,0,0,1,349.67,9494.44,0.1632
1,fraud,1,1,1,1,0,2,657.03,158119.89,0.9324
0,legit,1,0,0,0,1,0,2234.87,8073.83,0.0507
1,fraud,1,0,0,1,0,2,504.35,69797.07,0.675
0,legit,0,0,0,0,0,0,781.15,5933.07,0.0316
1,fraud,1,1,1,0,1,0,37.68,132826.78,0.8755
0,legit,0,0,0,0,0,1,113.32,13767.8,0.1225
1,fraud,1,1,1,1,1,1,570.6,107362.24,0.9787
0,legit,1,0,0,0,0,0,711.07,13581.0,0.205
1,fraud,1,0,1,0,1,0,2212.83,50223.78,0.6247
0,legit,1,0,0,0,0,0,407.61,50662.47,0.6362
1,fraud,1,1,0,1,1,1,3879.14,8555.75,0.0791
0,legit,0,0,0,0,0,0,680.21,1987.19,0.0938
1,fraud,1,1,1,0,1,0,32.39,101750.39,0.525
0,legit,0,0,0,0,0,0,57.2,39241.91,0.2269
1,fraud,1,1,0,0,1,1,25.49,141309.58,0.8699
0,legit,0,0,0,1,0,1,1273.42,78.08,0.0007
1,fraud,1,0,1,0,1,2,36.55,99421.14,0.5322
0,legit,1,0,0,0,1,0,1001.68,1626.67,0.0403
1,fraud,1,1,0,0,0,0,25.58,144275.02,0.7281
0,legit,0,0,0,0,0,0,39257.1,12856.99,0.0854
1,fraud,1,1,1,0,0,2,18.67,77168.7,0.4874
0,legit,0,0,0,0,0,0,24951.04,6699.71,0.058
1,fraud,1,1,0,1,1,3,1122.75,21648.81,0.1953
0,legit,0,0,0,0,0,0,33799.91,2511.52,0.0322
1,fraud,1,0,1,0,0,0,23.57,82267.69,0.4822
0,legit,0,0,0,0,1,0,1246.3,2735.96,0.0565
1,fraud,1,1,1,0,1,2,4566.6,89640.5,0.4554
0,legit,1,0,0,0,0,0,1220.44,14720.88,0.0836
1,fraud,1,0,1,0,1,1,60.0,31710.74,0.8662
0,legit,0,0,0,0,0,0,40032.23,451.37,0.009
1,fraud,0,1,1,0,1,1,427.2,81870.5,0.8711
0,legit,0,0,0,0,0,0,762.52,852.88,0.0048
1,fraud,1,0,0,1,0,2,3417.02,156588.47,0.7919
0,legit,0,0,0,0,0,0,462.76,16583.28,0.1619
1,fraud,1,1,1,0,1,0,11.83,5508.8,0.1921
0,legit,0,0,0,0,0,0,27692.98,7864.42,0.1661
1,fraud,1,1,0,1,1,1,888.1,132701.84,0.9246
0,legit,0,0,0,0,0,0,32308.71,31044.32,0.2335
1,fraud,1,0,0,1,1,1,51.87,74671.12,0.6383
0,legit,1,0,0,0,0,0,38399.37,18159.5,0.2124
1,fraud,1,1,0,0,0,1,2.67,28438.25,0.5123
0,legit,0,0,0,0,0,0,210.74,24361.06,0.6687
1,fraud,1,1,0,1,1,0,46.87,63816.96,0.4972
0,legit,1,0,0,0,0,0,19732.5,5879.18,0.1643
1,fraud,1,1,0,0,1,0,2101.54,47162.03,0.6754
0,legit,0,0,0,0,0,0,9379.25,1472.96,0.0119
1,fraud,1,1,1,1,1,0,4918.58,26646.45,0.6958
0,legit,0,0,0,0,0,1,1054.04,19366.45,0.1023
1,fraud,1,0,0,1,0,0,35.22,82181.83,0.8568
0,legit,0,0,0,0,0,0,35363.56,86220.89,0.5327
1,fraud,1,0,0,1,1,1,1298.64,91885.91,0.9774
0,legit,0,1,0,0,0,0,36184.39,46148.81,0.2573
1,fraud,1,1,1,1,0,1,62.37,155309.79,0.9542
0,legit,0,0,0,0,0,0,52.43,91261.26,0.6597
1,fraud,1,1,0,1,0,0,46.34,55018.11,0.5925
0,legit,0,0,0,0,0,0,4029.34,84.98,0.0042
1,fraud,1,1,1,1,0,2,2357.7,29235.53,0.2855
0,legit,0,0,0,0,0,0,1023.16,7298.23,0.1583
1,fraud,1,0,1,1,0,0,32.8,35129.52,0.4332
0,legit,0,0,0,0,0,0,42801.03,3157.43,0.1219
1,fraud,1,1,1,1,1,1,2.83,105576.71,0.5586
0,legit,0,0,0,0,0,1,1423.47,12266.14,0.103
1,fraud,1,1,1,1,1,2,257.73,86868.11,0.8979
0,legit,0,0,0,0,0,0,10197.17,21145.38,0.1464
1,fraud,1,1,0,0,0,0,328.36,89792.42,0.4916
0,legit,0,0,0,0,0,0,10124.31,8690.49,0.0483
1,fraud,0,1,0,1,1,3,356.36,46587.98,0.2501
0,legit,1,0,0,0,0,0,21401.61,13591.3,0.1002
1,fraud,1,1,0,1,1,1,428.03,108537.01,0.5621
0,legit,0,0,0,1,0,0,29944.2,10047.19,0.1108
1,fraud,1,1,0,1,1,0,888.12,82923.08,0.7174
0,legit,0,0,0,0,0,0,14835.5,153.38,0.0008
1,fraud,1,1,0,1,0,0,2424.78,12059.85,0.5217
0,legit,0,0,0,0,0,0,9747.38,1549.73,0.0093
1,fraud,1,1,1,1,1,3,167.9,23474.46,0.4829
0,legit,0,1,0,1,0,0,548.64,5430.5,0.0674
1,fraud,1,1,1,1,1,1,982.97,175955.02,0.9291
0,legit,0,0,0,0,0,0,11322.84,8996.74,0.0553
1,fraud,1,0,0,0,1,0,47.13,71908.25,0.6163
0,legit,0,0,0,0,0,0,40282.49,2922.64,0.0322
1,fraud,1,0,1,1,1,1,4968.19,42541.87,0.5482
0,legit,0,0,0,0,0,0,13796.22,23984.45,0.2705
1,fraud,1,0,0,1,1,1,41.4,104206.52,0.6821
0,legit,0,0,0,0,0,0,440.37,16784.13,0.1759
1,fraud,1,1,0,0,0,2,47.19,121907.53,0.9851
0,legit,0,0,0,1,0,0,35568.88,6200.12,0.0549
1,fraud,1,1,0,1,1,1,27.08,35578.54,0.1895
0,legit,0,0,0,1,0,0,13650.44,5144.59,0.0396
1,fraud,1,1,1,1,1,3,45.42,71301.69,0.9236
0,legit,0,0,0,0,0,0,31749.94,71746.34,0.4195
1,fraud,0,1,1,1,1,0,259.81,103134.98,0.8227
0,legit,0,0,0,0,0,0,881.94,6991.26,0.0382
1,fraud,1,0,1,1,1,3,1070.98,3441.04,0.064
0,legit,0,0,0,0,0,0,4543.49,11015.58,0.5487
1,fraud,1,1,0,0,0,0,227.64,133427.6,0.8175
0,legit,1,0,0,0,0,0,29144.3,5171.31,0.0323
1,fraud,1,1,0,1,1,0,10.71,142252.07,0.9545
0,legit,0,0,0,0,0,0,201.59,17073.4,0.1491
1,fraud,1,1,1,0,1,0,56.11,131008.78,0.9043
0,legit,0,0,0,0,0,0,5838.17,67768.94,0.6038
1,fraud,1,1,0,0,1,1,10.01,30265.22,0.5042
0,legit,0,0,0,0,1,2,1305.72,21626.6,0.1886
1,fraud,1,0,1,1,0,0,335.37,59644.11,0.6942
0,legit,0,0,0,0,0,0,21467.32,26812.94,0.1653
1,fraud,0,0,0,0,0,1,699.65,13495.77,0.2211
0,legit,0,0,0,0,0,0,1438.46,100667.08,0.5721
1,fraud,1,1,1,0,1,1,21.23,52694.71,0.6631
0,legit,1,0,0,0,0,0,1326.24,19008.28,0.1076
1,fraud,1,1,0,0,1,1,40.72,120976.21,0.927
0,legit,0,0,0,0,0,0,38518.33,309.73,0.0075
1,fraud,1,1,0,1,0,1,609.09,55001.13,0.8323
0,legit,0,1,0,0,1,0,37976.32,4415.83,0.037
1,fraud,1,1,0,0,1,1,978.78,114647.71,0.8549
0,legit,0,0,0,0,0,0,1247.22,2464.06,0.04
1,fraud,1,1,1,0,1,0,1144.02,162091.33,0.9313
0,legit,0,0,0,0,0,0,13202.7,1659.73,0.0211
1,fraud,1,1,0,0,0,1,17.49,142377.72,0.819
0,legit,0,0,1,0,0,0,11895.39,12614.06,0.5566
1,fraud,1,1,0,1,0,2,8.05,67468.72,0.5694
0,legit,0,0,0,0,0,0,22002.17,16674.45,0.0917
1,fraud,1,1,1,1,1,1,1017.45,15729.73,0.7628
0,legit,0,0,0,0,0,0,9974.95,2512.35,0.0702
1,fraud,1,1,0,0,0,1,3190.7,88064.71,0.5411
0,legit,0,0,0,0,0,2,250.32,42658.71,0.2706
1,fraud,1,1,1,0,0,2,48.33,55785.79,0.5632
0,legit,0,0,0,0,0,0,31993.19,15537.75,0.2183
1,fraud,1,0,0,1,0,0,37.69,187099.86,0.9852
0,legit,0,0,0,1,0,0,11366.72,52855.09,0.2751
1,fraud,1,1,1,0,1,1,1457.92,155650.21,0.9222
0,legit,0,0,1,0,0,0,21096.24,1441.28,0.0417
1,fraud,1,1,1,1,0,1,1135.51,103115.57,0.7766
0,legit,0,0,0,0,0,0,130.52,59574.99,0.6071
1,fraud,1,1,1,1,1,1,8.31,8946.82,0.4023
0,legit,0,0,0,0,0,0,14493.15,29885.95,0.2539
1,fraud,1,1,0,0,1,1,3613.34,111007.33,0.5585
0,legit,0,0,0,0,0,0,1081.3,1870.2,0.0594
1,fraud,1,1,0,0,1,0,3714.88,124652.69,0.7531
0,legit,0,0,0,0,0,0,19485.59,22887.68,0.185
1,fraud,1,1,1,1,0,1,2112.98,123476.14,0.8089
0,legit,0,1,0,0,0,0,39483.65,15477.02,0.2015
1,fraud,1,1,0,0,1,0,37.14,123653.24,0.633
0,legit,0,0,0,0,0,0,31060.26,5589.96,0.1098
1,fraud,1,1,0,1,0,0,2220.08,17721.94,0.1948
0,legit,0,1,1,0,0,0,1100.41,37402.12,0.2006
1,fraud,1,1,1,0,0,0,13.6,112254.58,0.9253
0,legit,0,0,0,0,0,0,29090.52,80661.89,0.4829
1,fraud,1,1,1,1,1,1,40.73,105166.55,0.8043
0,legit,0,1,0,1,0,0,17359.29,15943.98,0.1062
1,fraud,0,1,0,1,1,3,358.34,74959.33,0.8109
0,legit,0,0,0,0,0,0,21612.95,7897.3,0.0441
1,fraud,1,0,0,1,1,1,18.86,136817.64,0.9777
0,legit,0,0,0,1,0,0,1057.86,531.09,0.0183
1,fraud,1,0,1,1,1,0,4351.34,115971.5,0.8074
0,legit,0,0,0,0,0,0,15325.46,3675.47,0.0388
1,fraud,1,0,1,0,0,2,22.34,79900.85,0.7809
0,legit,0,0,0,0,0,0,35418.88,3284.97,0.0799
1,fraud,1,1,0,1,1,0,335.57,4184.52,0.1321
0,legit,0,0,0,0,0,0,6007.87,2839.11,0.0695
1,fraud,1,1,0,1,1,1,17.98,54649.72,0.6151
0,legit,1,0,0,1,0,0,8673.54,27603.77,0.1469
1,fraud,1,1,1,1,0,0,131.43,114575.18,0.7176
0,legit,0,0,0,1,0,0,2733.77,8824.22,0.1558
1,fraud,1,1,0,0,0,2,5086.83,135043.59,0.7571
0,legit,0,0,0,0,0,0,8154.56,6479.74,0.077
1,fraud,1,1,1,1,1,1,55.01,84961.37,0.6365
0,legit,1,1,0,0,0,0,1290.18,1614.21,0.053
1,fraud,1,1,1,0,1,2,0.41,143985.47,0.8348
0,legit,0,1,0,1,1,1,525.52,55807.31,0.3883
1,fraud,1,0,0,1,1,0,953.65,47756.19,0.6842
0,legit,0,0,0,0,0,0,404.92,68067.16,0.3507
1,fraud,1,1,1,0,1,0,13.4,97353.15,0.8991
0,legit,0,0,0,0,0,0,42616.97,73470.26,0.4628
1,fraud,1,1,0,1,0,0,1242.76,122780.18,0.7711
0,legit,0,0,0,0,0,1,18111.31,31570.1,0.6398
1,fraud,0,1,1,0,1,0,4.48,20348.92,0.2308
0,legit,0,0,0,0,1,0,37090.49,5574.8,0.0326
1,fraud,1,1,0,0,0,0,92.98,15735.43,0.4343
0,legit,0,0,0,0,0,1,179.32,18138.77,0.2126
1,fraud,1,1,0,0,1,0,16.14,17133.26,0.238
0,legit,0,0,0,0,0,0,6712.84,23084.59,0.152
1,fraud,1,0,1,1,0,1,13.54,176406.26,0.9267
0,legit,0,0,1,0,0,0,17697.74,53.87,0.0006
1,fraud,1,1,0,1,0,0,1110.9,106572.73,0.952
0,legit,1,0,0,0,0,0,37268.26,11938.63,0.0819
1,fraud,1,1,0,1,1,0,19.43,17626.56,0.5313
0,legit,0,0,0,0,0,0,841.28,72526.67,0.6789
1,fraud,1,1,0,1,1,1,2738.07,22819.77,0.1267
0,legit,1,0,0,0,1,0,13852.53,33235.8,0.1792
1,fraud,1,0,1,0,1,2,1297.33,19869.61,0.1475
0,legit,0,0,0,0,0,0,36570.8,23743.39,0.3096
1,fraud,1,1,0,1,0,2,48.62,86410.12,0.6059
0,legit,0,1,0,0,0,1,36948.74,19439.97,0.1184
1,fraud,1,0,0,0,1,1,38.42,78422.32,0.5044
0,legit,1,0,0,1,0,0,498.3,1791.6,0.0511
1,fraud,1,1,0,1,0,0,9.52,119325.68,0.7492
0,legit,0,0,0,0,0,0,687.26,6032.16,0.0788
1,fraud,1,1,1,1,1,1,59.81,37142.42,0.9258
0,legit,1,0,0,0,0,0,83.28,92214.39,0.5824
1,fraud,1,1,0,1,0,0,1745.73,30314.84,0.4823
0,legit,0,1,0,1,0,0,17106.59,45398.25,0.6141
1,fraud,0,1,0,0,1,2,6.56,71773.46,0.6629
0,legit,0,0,0,0,0,0,1195.06,2042.73,0.027
1,fraud,1,1,1,1,0,1,45.29,17086.64,0.7228
0,legit,0,0,0,0,0,0,40679.45,18075.72,0.214
1,fraud,1,1,0,0,1,1,46.59,36680.56,0.7244
0,legit,0,0,0,1,0,0,356.76,84.88,0.002
1,fraud,1,0,1,0,1,1,5.46,62354.19,0.7453
0,legit,0,0,0,0,0,0,19051.66,11062.54,0.0836
1,fraud,1,1,0,1,1,1,285.75,180534.68,0.9896
0,legit,0,0,0,0,0,0,844.09,882.22,0.0136
1,fraud,0,1,1,1,1,0,1851.19,21531.58,0.1204
0,legit,0,0,0,0,0,0,435.51,16418.33,0.3412
1,fraud,1,1,1,1,0,0,68.02,21759.05,0.2437
0,legit,0,0,0,0,0,0,4495.37,9282.45,0.2238
1,fraud,1,1,0,0,1,0,1412.17,14539.67,0.1454
0,legit,0,0,0,0,0,0,1137.05,1786.67,0.0732
1,fraud,1,0,1,0,0,2,250.87,85570.79,0.6002
0,legit,0,0,0,0,0,1,439.37,3126.42,0.1011
1,fraud,1,1,1,0,1,0,4.25,13544.98,0.2611
0,legit,0,0,0,0,0,0,22402.19,4911.02,0.2186
1,fraud,1,1,0,1,1,0,37.46,99636.17,0.721
0,legit,0,0,0,0,0,0,939.67,7671.95,0.0634
1,fraud,1,1,0,0,0,0,5094.51,98244.0,0.5606
0,legit,0,0,0,0,0,0,18838.26,31590.38,0.1757
1,fraud,1,1,1,0,0,0,46.15,51733.15,0.7501
0,legit,0,1,0,0,1,0,12053.85,17297.03,0.0882
1,fraud,1,1,0,0,0,0,624.43,103712.23,0.9852
0,legit,0,0,0,1,0,0,875.54,3202.67,0.0432
1,fraud,1,0,0,0,0,0,12.57,136179.68,0.7247
0,legit,0,0,0,0,0,1,18747.9,11053.2,0.0727
1,fraud,1,1,0,0,0,0,15.12,58335.36,0.4723
0,legit,0,0,0,0,0,0,27224.14,28214.54,0.1502
1,fraud,1,0,1,1,1,3,31.33,146027.21,0.7587
0,legit,1,0,0,0,0,0,18352.81,60828.91,0.4206
1,fraud,1,1,0,0,1,0,982.42,47336.09,0.5932
0,legit,0,0,0,0,0,0,802.96,3296.1,0.1061
1,fraud,1,1,0,1,1,2,16.51,8915.38,0.0952
0,legit,0,0,0,1,1,0,283.26,9738.0,0.1107
1,fraud,1,0,0,0,1,3,4.14,123002.1,0.7369
0,legit,1,0,0,0,0,0,31090.82,1304.22,0.0539
1,fraud,1,1,0,1,1,3,47.87,15961.89,0.7091
0,legit,1,0,0,0,0,0,15476.05,15093.48,0.5368
1,fraud,1,1,1,1,1,1,2.76,77217.65,0.6528
0,legit,0,0,1,0,0,0,157.72,15039.2,0.1176
1,fraud,1,1,1,1,1,1,24.17,86894.74,0.8302
0,legit,0,1,0,0,0,2,1043.05,5033.97,0.1494
1,fraud,1,0,0,1,1,2,4970.28,18364.91,0.1395
0,legit,1,0,0,0,0,0,31291.35,10427.2,0.2192
1,fraud,1,1,0,1,0,2,7.36,16880.65,0.5333
0,legit,0,0,0,0,0,0,1423.66,43537.31,0.2242
1,fraud,1,0,1,1,1,1,48.56,68535.56,0.6179
0,legit,0,0,0,0,0,0,28090.32,12284.14,0.0869
1,fraud,1,1,0,1,1,2,14.5,63332.01,0.5234
0,legit,0,1,0,1,0,0,786.25,981.72,0.0129
1,fraud,1,1,1,1,1,2,1015.56,83686.57,0.7813
0,legit,0,0,0,0,0,0,38365.49,4.11,0.0001
1,fraud,1,1,0,0,0,0,2415.41,107506.21,0.8219
0,legit,0,0,0,0,0,0,443.95,10012.01,0.1004
1,fraud,1,1,1,1,1,2,48.15,191734.11,0.9821
0,legit,0,0,0,0,0,0,40819.37,3413.98,0.0532
1,fraud,1,1,1,0,1,1,551.53,109935.68,0.7055
0,legit,0,1,0,0,0,0,30012.71,17439.59,0.3247
1,fraud,0,1,1,1,1,3,7.26,87290.96,0.4435
0,legit,1,0,0,1,0,0,30830.26,20891.95,0.1351
1,fraud,1,1,0,1,1,2,38.6,99298.36,0.69
0,legit,0,0,0,0,1,0,480.06,11004.94,0.0696
1,fraud,1,0,0,1,1,2,3165.41,19955.37,0.1283
0,legit,0,0,0,0,0,0,29470.94,1582.35,0.0534
1,fraud,1,1,1,0,1,1,49.32,28416.76,0.537
0,legit,0,0,0,0,0,0,38530.73,7470.25,0.3166
1,fraud,1,1,1,0,1,2,1414.84,109570.25,0.6455
0,legit,0,0,0,0,0,0,41854.24,14358.71,0.0835
1,fraud,1,1,0,0,1,0,19.26,123950.87,0.9718
0,legit,0,0,0,0,0,0,10431.5,5583.21,0.1189
1,fraud,0,1,0,0,1,2,6.24,182449.67,0.9574
0,legit,1,0,0,0,0,0,1277.73,11475.89,0.0649
1,fraud,0,1,0,1,1,3,47.21,43874.91,0.7362
0,legit,0,0,0,0,1,0,1641.57,2137.22,0.0158
1,fraud,1,0,0,0,1,1,42.46,17201.32,0.7037
0,legit,0,0,0,0,0,0,36821.73,6561.44,0.2194
1,fraud,1,1,0,0,1,0,1074.98,79301.83,0.7175
0,legit,0,0,0,0,1,0,925.72,46807.49,0.4483
1,fraud,1,1,1,0,0,0,25.47,107741.81,0.9731
0,legit,0,0,0,0,0,0,9632.9,4268.25,0.0454
1,fraud,0,1,0,1,1,0,825.73,13141.8,0.0968
0,legit,0,0,0,0,1,0,11592.53,96685.37,0.5311
1,fraud,1,0,1,1,0,2,148.9,82018.32,0.5529
0,legit,0,0,0,0,0,0,656.97,31051.95,0.2475
1,fraud,0,1,0,0,1,1,3629.0,177251.63,0.9515
0,legit,0,0,0,0,0,0,34761.55,11948.34,0.1274
1,fraud,0,1,0,0,0,0,1219.35,108511.8,0.6713
0,legit,1,0,0,0,0,0,17261.79,16080.9,0.3778
1,fraud,1,1,1,1,1,0,722.63,86150.21,0.614
0,legit,0,1,0,0,0,0,656.57,10385.77,0.0895
1,fraud,1,1,0,1,1,1,3.92,66945.36,0.9026
0,legit,0,0,0,0,0,0,41460.48,1190.21,0.0165
1,fraud,0,0,1,0,1,1,25.34,32325.32,0.1741
0,legit,1,0,0,1,0,0,31368.08,7173.85,0.2151
1,fraud,1,1,0,1,0,2,5572.04,23058.47,0.1232
0,legit,0,0,0,0,0,0,958.29,473.85,0.0167
1,fraud,1,1,1,0,1,1,50.87,83684.66,0.7891
0,legit,0,0,0,0,0,1,12812.32,18034.68,0.2371
1,fraud,1,1,0,1,1,0,23.03,77378.44,0.5429
0,legit,0,0,0,0,0,0,544.79,7726.71,0.042
1,fraud,1,1,0,0,0,2,2826.34,168664.31,0.8642
0,legit,0,0,0,0,0,0,11926.87,10890.36,0.0951
1,fraud,1,1,0,0,1,0,702.61,42562.51,0.561
0,legit,0,0,0,0,0,0,33713.66,28081.01,0.1531
1,fraud,0,1,0,0,1,0,2540.83,88937.01,0.7604
0,legit,0,0,0,0,0,0,902.91,10386.47,0.4782
1,fraud,1,1,1,1,1,2,243.61,104479.71,0.7086
0,legit,0,0,0,1,0,0,25067.75,265.81,0.0015
1,fraud,1,1,0,1,1,0,712.07,36116.32,0.8723
0,legit,0,0,0,0,0,0,42400.07,6940.8,0.0657
1,fraud,1,1,1,1,1,1,7.84,94509.8,0.7672
0,legit,1,0,0,0,0,0,17206.24,43538.92,0.4339
1,fraud,1,0,1,0,1,3,43.46,35526.62,0.2985
0,legit,0,0,0,0,0,0,451.01,957.15,0.0174
1,fraud,1,1,0,1,1,1,251.95,34704.36,0.2245
0,legit,0,0,0,1,0,0,861.83,30101.65,0.1827
1,fraud,1,1,0,1,0,1,388.66,28551.27,0.7882
0,legit,0,0,0,1,0,0,11475.36,53588.66,0.3162
1,fraud,1,1,0,1,0,2,51.45,126354.76,0.8914
0,legit,0,0,0,0,0,0,17530.65,12971.23,0.2055
1,fraud,1,1,0,0,1,1,32.5,105682.74,0.7081
0,legit,0,0,0,0,0,0,54.89,14511.52,0.1145
1,fraud,1,1,0,0,1,0,2307.66,32583.72,0.4364
0,legit,0,1,0,0,0,0,761.96,10962.37,0.3574
1,fraud,1,1,0,1,1,2,453.88,87461.25,0.6966
0,legit,0,0,0,0,0,0,1133.5,101667.46,0.6299
1,fraud,0,1,1,0,1,0,21.83,59318.75,0.4019
0,legit,0,0,0,0,0,1,40721.42,5085.51,0.0753
1,fraud,1,1,1,0,0,0,238.8,96021.15,0.5144
0,legit,0,0,0,0,0,0,5371.72,25617.94,0.1826
1,fraud,1,1,0,1,1,1,703.2,153968.46,0.9528
0,legit,0,0,0,1,0,1,1040.27,28448.25,0.3219
1,fraud,1,1,0,0,1,1,9.42,33408.68,0.536
0,legit,0,0,0,0,0,0,39377.99,758.08,0.0127
1,fraud,1,0,0,1,0,2,2.7,42546.83,0.8166
0,legit,0,0,0,1,0,0,409.05,1413.08,0.0407
1,fraud,1,0,1,1,1,0,566.63,57831.35,0.5882
0,legit,0,0,0,0,1,0,26170.89,21237.85,0.6038
1,fraud,1,1,1,1,0,1,51.03,152460.11,0.8236
0,legit,0,0,0,0,0,0,16414.72,5669.95,0.1626
1,fraud,0,1,1,0,1,2,893.43,37884.1,0.7731
0,legit,1,0,0,0,0,0,45.2,74459.66,0.4084
1,fraud,1,1,0,1,1,2,250.26,79968.69,0.6027
0,legit,0,0,0,0,0,0,197.11,16544.3,0.5929
1,fraud,1,1,1,1,1,1,38.43,49530.88,0.2583
0,legit,0,0,0,0,0,0,317.67,17684.4,0.3718
1,fraud,1,1,0,1,1,2,3498.43,133615.36,0.8219
0,legit,0,0,0,0,0,0,29796.66,502.61,0.0048
1,fraud,1,0,1,1,1,0,560.45,3181.25,0.0771
0,legit,0,0,0,0,0,0,1697.38,35221.49,0.186
1,fraud,1,1,0,0,1,0,790.71,90026.76,0.9673
0,legit,0,0,0,1,0,0,530.03,20636.24,0.5039
1,fraud,1,1,0,0,0,2,58.31,41057.36,0.7074
0,legit,1,0,0,0,0,0,14395.37,36187.61,0.2142
1,fraud,1,1,1,0,0,3,27.25,114362.08,0.7243
0,legit,0,0,0,0,0,0,7683.46,109658.94,0.6619
1,fraud,1,1,1,1,1,1,55.86,69612.83,0.9185
0,legit,0,0,0,0,0,0,34994.08,7864.3,0.0632
1,fraud,1,1,0,1,1,0,17.38,78793.56,0.5484
0,legit,1,1,0,0,0,0,38946.09,26071.08,0.251
1,fraud,1,1,1,1,1,3,35.45,68452.74,0.5978
0,legit,0,0,0,1,0,0,260.69,50285.86,0.3688
1,fraud,1,1,1,0,0,1,48.43,24990.53,0.4535
0,legit,0,0,0,0,0,0,1320.18,714.81,0.0064
1,fraud,1,1,1,1,1,1,9.8,66976.34,0.5822
0,legit,0,0,0,0,0,0,39360.79,2511.06,0.0229
1,fraud,1,0,0,1,1,3,4143.91,27336.73,0.4902
0,legit,0,0,0,1,0,1,1269.78,9806.01,0.0991
1,fraud,1,1,0,1,1,0,1355.38,91955.03,0.9841
0,legit,0,0,0,0,0,0,7930.32,98808.44,0.6454
1,fraud,0,1,0,0,1,0,34.97,8072.43,0.0567
0,legit,0,0,0,0,0,0,7950.7,6191.25,0.2138
1,fraud,1,1,0,1,1,2,1029.17,44103.17,0.2861
0,legit,0,0,1,0,0,0,40549.46,3685.44,0.1155
1,fraud,1,1,0,0,1,1,42.49,177293.69,0.9713
0,legit,0,0,0,1,0,1,34574.01,5913.62,0.0979
1,fraud,1,1,1,0,1,2,5.4,108478.25,0.6759
0,legit,0,0,0,0,1,0,8748.6,8704.91,0.0893
1,fraud,0,0,1,0,0,0,13.16,21173.6,0.6044
0,legit,0,0,0,0,0,0,29640.22,8889.32,0.0815
1,fraud,1,0,0,0,1,1,32.49,57450.44,0.6355
0,legit,0,0,0,0,0,0,35166.67,7865.43,0.0421
1,fraud,1,0,0,0,0,1,822.34,56622.25,0.5949
0,legit,0,0,0,1,0,0,2825.14,779.05,0.0098
1,fraud,1,1,0,0,1,0,36.84,17262.63,0.7522
0,legit,0,0,0,0,0,0,4349.89,766.47,0.0278
1,fraud,1,1,0,1,1,3,43.88,2464.25,0.0501
0,legit,0,0,0,0,0,0,7955.55,24252.37,0.3644
1,fraud,1,1,1,1,1,0,2.36,20669.19,0.8462
0,legit,1,0,0,0,0,2,1445.79,1052.31,0.0391
1,fraud,1,0,0,0,1,2,6.93,29207.23,0.2461
0,legit,0,0,0,0,0,0,37986.83,30812.82,0.1555
1,fraud,1,0,0,0,1,0,3931.48,32376.94,0.5445
0,legit,1,1,0,0,0,0,21434.12,23805.62,0.1355
1,fraud,1,1,1,0,1,2,36.24,17105.93,0.7658
0,legit,1,0,0,0,0,0,17156.73,2001.44,0.0316
1,fraud,1,1,1,1,1,0,406.79,6874.87,0.1457
0,legit,0,0,0,0,0,0,21617.65,2198.51,0.0531
1,fraud,1,0,0,1,0,1,30.03,37078.85,0.7969
0,legit,0,0,0,0,1,0,504.29,1430.83,0.0153
1,fraud,0,1,0,1,0,1,5748.08,17723.92,0.2231
0,legit,0,1,0,0,0,0,18827.58,5650.92,0.0345
1,fraud,1,0,1,0,0,2,730.84,19068.8,0.7132
0,legit,0,0,0,0,0,0,22489.26,12302.47,0.135
1,fraud,1,1,0,0,1,1,46.01,36525.2,0.7968
0,legit,0,0,0,0,0,0,5935.37,31146.64,0.1587
1,fraud,1,1,0,0,1,0,2.06,67111.16,0.5346
0,legit,0,0,0,0,0,0,17639.56,28991.53,0.1634
1,fraud,0,1,0,0,0,0,403.51,2496.99,0.057
0,legit,1,0,0,0,0,0,929.74,11927.32,0.1924
1,fraud,1,0,1,0,0,1,163.69,57863.86,0.8663
0,legit,0,0,0,0,1,0,783.64,9352.55,0.0877
1,fraud,1,1,1,1,1,2,5435.74,23732.03,0.4292
0,legit,0,0,0,0,0,0,61.54,2121.35,0.0108
1,fraud,1,1,0,1,0,0,2608.17,14918.92,0.1041
0,legit,1,0,0,0,0,0,1122.14,3066.2,0.1435
1,fraud,1,0,1,0,0,2,729.2,7894.53,0.2409
0,legit,0,0,0,0,0,0,1278.42,5111.96,0.0439
1,fraud,1,1,0,1,1,1,690.71,46729.16,0.861
0,legit,1,0,0,0,0,0,7081.07,1309.14,0.0423
1,fraud,1,0,0,1,1,1,782.86,70046.98,0.61
0,legit,0,0,0,0,0,0,35098.66,66987.69,0.3444
1,fraud,1,0,0,1,1,1,16.96,114388.44,0.8275
0,legit,0,0,0,0,0,0,26272.17,12227.83,0.0637
1,fraud,0,1,1,0,1,1,1145.7,90037.87,0.9046
0,legit,0,0,0,0,0,0,444.15,110142.51,0.5911
1,fraud,0,1,0,1,1,1,44.27,79029.25,0.7489
0,legit,1,0,0,0,0,0,936.14,10975.2,0.1633
1,fraud,1,0,1,0,1,1,3217.99,13362.58,0.4775
0,legit,1,0,0,1,0,0,398.0,17591.69,0.1909
1,fraud,1,1,0,1,1,1,19.17,67035.61,0.5449
0,legit,0,0,0,0,0,2,987.33,4881.71,0.1631
1,fraud,1,0,1,0,0,2,15.6,105982.79,0.5516
0,legit,0,0,0,0,0,0,1304.26,14326.91,0.0881
1,fraud,1,1,0,1,0,0,45.98,124424.16,0.9272
0,legit,0,1,0,1,0,0,42357.08,3644.34,0.0901
1,fraud,1,0,1,1,0,2,50.37,152878.5,0.7914
0,legit,0,0,0,0,0,0,19792.52,1802.98,0.0534
1,fraud,1,1,1,0,1,1,575.55,14224.6,0.5949
0,legit,0,0,0,0,0,1,23992.44,15873.62,0.5378
1,fraud,1,1,1,0,1,1,46.36,9800.54,0.169
0,legit,0,0,0,0,0,0,35337.22,41394.2,0.6445
1,fraud,1,1,0,0,1,0,25.44,25718.05,0.7882
0,legit,0,0,0,0,0,0,23262.07,20791.16,0.651
1,fraud,1,0,0,0,1,1,0.67,118399.96,0.6672
0,legit,0,0,0,0,0,0,29535.92,17303.87,0.0898
1,fraud,1,0,1,0,1,2,56.08,48266.77,0.5171
0,legit,0,0,1,0,0,1,1065.05,17572.4,0.173
1,fraud,1,1,0,1,1,0,1.21,43022.03,0.4647
0,legit,0,0,0,0,0,0,25271.47,37161.62,0.3139
1,fraud,1,1,0,1,0,1,5504.26,26289.07,0.2342
0,legit,0,0,0,0,0,0,561.42,9061.81,0.0685
1,fraud,1,1,1,1,1,1,20.78,168713.29,0.9367
0,legit,0,0,0,0,0,0,711.41,16358.47,0.0953
1,fraud,1,0,1,1,0,1,1009.68,28435.25,0.6541
0,legit,0,0,0,0,0,1,114.09,16785.5,0.1684
1,fraud,1,0,1,1,0,0,32.93,125473.5,0.6452
0,legit,0,0,0,0,0,1,983.09,1786.09,0.0166
1,fraud,1,1,1,1,1,0,1150.33,24747.33,0.4093
0,legit,0,0,0,0,0,0,42274.31,7837.37,0.0448
1,fraud,1,1,0,1,0,2,4184.14,40802.01,0.4651
0,legit,0,1,0,0,1,0,13962.78,22593.74,0.1283
1,fraud,1,1,1,0,0,2,14.5,10484.52,0.4238
0,legit,1,0,0,0,0,0,30887.29,2059.61,0.024
1,fraud,1,1,0,0,1,0,59.02,33928.07,0.4454
0,legit,0,0,0,0,0,0,1255.26,70365.66,0.6246
1,fraud,1,0,0,1,1,2,2820.32,126396.23,0.9325
0,legit,0,0,0,1,0,0,37816.78,7807.83,0.0917
1,fraud,1,1,0,1,1,0,34.89,57866.69,0.6977
0,legit,1,0,0,1,0,1,452.72,189.0,0.0019
1,fraud,0,1,1,1,0,1,4568.05,187953.12,0.9699
0,legit,0,0,0,0,0,0,1099.92,4168.24,0.0266
1,fraud,0,1,0,0,0,1,1006.44,82829.78,0.5756
0,legit,0,0,0,0,0,0,66.55,20537.98,0.507
1,fraud,1,1,0,0,1,0,924.8,171870.97,0.9248
0,legit,0,0,0,0,0,0,29676.04,24082.59,0.1453
1,fraud,1,0,0,1,0,1,2471.65,13022.83,0.5226
0,legit,0,0,0,0,0,0,43000.19,83713.6,0.6039
1,fraud,1,1,0,1,0,0,33.14,96117.0,0.8701
0,legit,0,0,0,0,0,0,1821.0,3300.98,0.0216
1,fraud,1,1,0,1,0,3,1235.2,146851.72,0.7404
0,legit,0,0,0,1,0,0,582.27,79371.56,0.6057
1,fraud,1,1,1,0,1,2,58.86,84350.25,0.8376
0,legit,0,0,0,0,0,0,428.08,20398.85,0.1253
1,fraud,1,1,1,0,0,1,47.15,101917.96,0.5755
0,legit,0,0,0,0,0,0,27705.38,32494.96,0.1705
1,fraud,1,1,0,0,0,3,14.43,39078.64,0.5395
0,legit,1,0,0,0,0,0,14192.82,38327.05,0.4743
1,fraud,1,1,0,0,1,0,11.3,81932.93,0.4841
0,legit,1,0,0,0,0,0,20861.13,16499.25,0.117
1,fraud,1,0,1,1,0,0,754.61,66997.98,0.866
0,legit,0,0,0,1,0,2,868.86,59352.71,0.652
1,fraud,1,1,1,1,1,0,2240.07,17600.8,0.2895
0,legit,0,0,0,0,0,0,1123.72,4465.39,0.1109
1,fraud,1,1,0,0,1,0,59.6,9693.68,0.1827
0,legit,0,0,0,0,0,0,28715.04,1999.66,0.0245
1,fraud,1,1,1,0,1,2,1148.88,63128.6,0.846
0,legit,0,0,0,0,0,0,19444.55,57297.99,0.42
1,fraud,1,1,1,0,0,1,1903.83,104434.76,0.8902
0,legit,1,0,0,0,0,2,23697.42,17793.63,0.091
1,fraud,1,1,0,0,1,2,53.29,9854.29,0.0589
0,legit,0,0,0,0,0,0,400.36,8389.72,0.088
1,fraud,1,1,0,0,0,3,29.88,120955.07,0.7271
0,legit,0,0,0,0,1,0,1165.35,19320.87,0.153
1,fraud,1,1,0,0,1,1,5238.01,105384.96,0.8081
0,legit,0,0,0,0,0,0,13175.3,12756.72,0.1239
1,fraud,1,1,1,1,1,1,727.04,95811.74,0.662
0,legit,1,0,0,0,0,0,41422.81,4383.29,0.0787
1,fraud,0,0,1,1,0,0,27.45,76309.64,0.792
0,legit,0,0,1,1,0,0,5763.3,2799.13,0.0457
1,fraud,1,1,0,0,1,2,1958.59,112688.4,0.8018
0,legit,1,1,0,1,0,0,17845.26,2278.77,0.0334
1,fraud,1,1,1,1,0,0,25.85,33042.05,0.9584
0,legit,1,0,0,0,0,0,1235.03,9685.06,0.0731
1,fraud,1,1,0,1,0,0,776.63,98823.62,0.8502
0,legit,0,0,0,1,0,0,1149.06,29107.27,0.4503
1,fraud,1,1,0,1,1,0,1326.78,54364.82,0.4085
0,legit,0,0,0,0,1,0,31981.94,21682.21,0.1322
1,fraud,1,1,0,0,1,3,9.38,55598.0,0.9925
0,legit,0,0,0,0,0,0,1487.6,92187.69,0.487
1,fraud,1,0,1,1,0,1,849.36,79802.94,0.5294
0,legit,0,0,0,0,0,0,21308.44,12484.08,0.0659
1,fraud,1,1,0,0,1,2,4107.62,63571.99,0.7691
0,legit,0,0,0,0,1,0,1103.94,32456.83,0.1632
1,fraud,1,0,0,1,1,0,9.55,9157.04,0.097
0,legit,1,0,0,0,0,0,1197.09,30455.51,0.563
1,fraud,1,1,0,1,1,0,9.86,18313.68,0.698
0,legit,0,0,0,1,0,0,467.63,38869.28,0.2077
1,fraud,1,1,0,0,0,2,4664.26,43143.97,0.7696
0,legit,0,0,0,0,0,0,522.38,221.66,0.0034
1,fraud,1,1,0,0,1,1,1419.49,67475.82,0.8766
0,legit,0,0,0,1,1,0,972.07,15711.05,0.0965
1,fraud,0,0,1,0,0,1,20.11,171223.57,0.8648
0,legit,0,0,0,0,0,0,16456.88,1754.65,0.0212
1,fraud,1,0,1,1,1,1,1402.8,58108.4,0.9495
0,legit,0,0,0,0,0,0,1234.08,2584.47,0.0416
1,fraud,1,0,1,0,0,0,1082.17,67972.76,0.8941
0,legit,0,0,0,0,0,0,19455.05,35910.86,0.2347
1,fraud,1,0,1,0,1,1,1667.05,33341.91,0.7118
0,legit,0,1,0,0,0,0,801.61,17074.02,0.0861
1,fraud,1,1,1,1,0,1,50.33,47685.42,0.4883
0,legit,1,0,0,1,0,0,700.42,13354.57,0.0879
1,fraud,1,1,1,1,1,1,0.51,127883.8,0.9412
0,legit,0,0,0,0,0,0,31410.92,12112.01,0.0826
1,fraud,0,1,0,0,1,1,500.83,5657.8,0.0749
0,legit,0,0,0,0,0,0,31800.57,15938.79,0.0904
1,fraud,1,0,0,1,0,1,448.19,19927.85,0.5297
0,legit,0,0,0,0,0,0,31527.55,1014.54,0.0097
1,fraud,1,1,1,1,1,0,374.16,77237.07,0.8123
0,legit,0,0,0,0,0,0,17140.28,91343.52,0.6022
1,fraud,1,1,1,0,1,0,55.53,17581.81,0.5143
0,legit,0,0,0,0,0,0,28242.88,1031.42,0.0179
1,fraud,1,1,0,1,1,2,23.68,63040.59,0.6651
0,legit,0,0,0,1,0,0,28854.86,19870.8,0.1574
1,fraud,1,1,1,1,1,1,50.56,20320.53,0.1066
0,legit,0,0,0,0,0,0,1395.96,30383.16,0.1523
1,fraud,1,1,0,1,1,1,5058.43,67205.93,0.7396
0,legit,0,1,0,0,0,1,1170.69,321.46,0.0017
1,fraud,0,1,1,1,1,1,1163.79,76055.6,0.4797
0,legit,0,0,0,0,0,0,1254.84,61136.33,0.5084
1,fraud,1,1,0,0,1,1,1276.42,136301.38,0.9156
0,legit,0,0,0,1,0,0,269.7,23390.06,0.1437
1,fraud,0,1,1,0,1,1,3516.66,26507.75,0.8264
0,legit,0,0,0,1,0,1,10755.12,7944.28,0.042
1,fraud,0,1,1,1,1,0,22.39,107418.03,0.6547
0,legit,1,0,0,0,0,0,38824.41,16463.28,0.1808
1,fraud,1,1,1,0,1,0,1839.57,96668.27,0.5336
0,legit,1,0,0,0,0,0,1254.64,50179.1,0.5542
1,fraud,1,1,1,1,0,3,134.52,25628.35,0.7946
0,legit,0,1,0,1,0,0,19929.37,348.63,0.0087
1,fraud,1,1,1,1,0,1,270.58,20564.84,0.1099
0,legit,0,0,0,0,0,0,637.31,25126.08,0.2335
1,fraud,1,1,0,0,0,1,54.74,28338.47,0.2044
0,legit,0,0,0,0,0,0,20148.1,3250.4,0.1251
1,fraud,1,1,0,1,0,1,42.36,20297.13,0.5805
0,legit,0,0,0,1,0,0,877.67,14424.15,0.4791
1,fraud,1,1,0,1,1,1,492.36,53381.06,0.5758
0,legit,0,0,0,0,0,0,27845.53,718.5,0.0053
1,fraud,1,0,1,1,1,1,3115.85,59097.99,0.837
0,legit,0,0,0,1,0,0,20636.12,33149.79,0.2743
1,fraud,1,1,0,0,1,1,3195.2,160096.97,0.8344
0,legit,0,0,0,1,0,0,2858.22,5910.72,0.0708
1,fraud,1,0,1,0,1,0,22.97,69272.13,0.5859
0,legit,0,0,0,0,0,0,16917.49,54009.47,0.4273
1,fraud,0,1,1,1,0,1,712.11,38327.9,0.2215
0,legit,0,0,0,0,0,0,803.99,5604.27,0.0392
1,fraud,1,0,0,0,1,3,21.29,185210.42,0.9601
0,legit,0,0,0,0,0,0,18134.34,73526.12,0.4297
1,fraud,1,1,1,0,1,0,1154.96,14122.45,0.1658
0,legit,0,0,0,0,0,1,17689.29,114947.19,0.6487
1,fraud,1,1,1,1,1,1,378.09,23267.81,0.1407
0,legit,0,0,0,0,0,0,26684.72,11015.18,0.0688
1,fraud,1,0,0,0,1,2,50.48,102275.99,0.5857
0,legit,0,0,0,0,0,0,22183.03,24014.14,0.6367
1,fraud,1,1,1,1,0,2,6.7,23534.68,0.5218
0,legit,0,0,0,0,0,0,1167.16,16219.6,0.108
1,fraud,1,1,1,1,1,0,20.8,15926.0,0.0913
0,legit,0,0,0,0,1,0,32741.68,13642.65,0.1202
1,fraud,1,0,0,1,1,0,5043.17,35297.87,0.8179
0,legit,0,0,0,0,0,0,651.77,5462.58,0.0364
1,fraud,1,1,0,1,1,1,23.45,86063.8,0.9925
0,legit,0,0,0,1,0,0,36796.13,11557.93,0.0638
1,fraud,1,1,1,0,0,0,47.96,164358.46,1.0
0,legit,0,0,0,0,0,0,37655.72,852.85,0.0073
1,fraud,1,1,1,1,1,2,37.7,66800.08,0.5683
0,legit,0,0,0,0,1,0,21999.09,3544.89,0.0356
1,fraud,0,1,1,0,1,0,42.89,54450.74,0.4492
0,legit,0,0,0,0,0,0,880.45,3268.58,0.0271
1,fraud,1,1,0,0,0,0,53.49,49499.84,0.5776
0,legit,0,0,0,0,0,0,84.2,18768.61,0.1482
1,fraud,1,0,0,1,1,0,22.39,57103.76,0.4975
0,legit,0,0,0,0,0,0,16861.93,19328.92,0.1148
1,fraud,1,1,0,0,1,1,24.28,18295.47,0.2359
0,legit,0,0,0,0,0,0,39047.16,3484.63,0.0441
1,fraud,1,1,1,1,1,0,1360.11,17697.67,0.7955
0,legit,0,0,0,0,0,0,1308.57,60612.89,0.5626
1,fraud,1,0,0,1,0,0,4996.01,77761.33,0.577
0,legit,0,0,0,0,0,0,1242.19,22152.04,0.1545
1,fraud,1,1,0,0,1,2,3957.92,24178.37,0.7839
0,legit,0,0,0,1,0,0,5708.16,52464.42,0.4756
1,fraud,1,1,0,1,1,1,53.74,136794.22,0.9224
0,legit,0,0,0,0,0,0,40513.14,12601.95,0.1417
1,fraud,1,1,1,1,1,1,27.44,64733.59,0.5343
0,legit,0,0,0,0,0,2,888.58,5184.67,0.0498
1,fraud,1,1,1,0,0,0,1166.68,21319.28,0.178
0,legit,0,0,0,0,0,0,19048.36,5175.04,0.0595
1,fraud,1,0,0,1,0,2,11.46,19798.62,0.5987
0,legit,0,0,0,0,1,0,6132.1,2827.93,0.0888
1,fraud,1,0,0,1,1,0,4729.85,76277.06,0.8257
0,legit,0,0,0,0,0,0,12099.4,32274.25,0.3523
1,fraud,1,1,1,1,0,1,403.43,75017.65,0.6483
0,legit,0,1,0,0,0,1,7979.57,315.92,0.0086
1,fraud,0,1,1,1,1,0,22.96,55336.56,0.6365
0,legit,1,1,0,0,0,0,222.26,33236.73,0.4631
1,fraud,1,1,1,0,0,2,1017.78,6698.47,0.086
0,legit,0,0,0,0,0,0,45.17,8330.24,0.1088
1,fraud,0,0,0,1,1,1,39.35,12455.15,0.1435
0,legit,0,0,0,0,0,0,20952.94,754.41,0.0041
1,fraud,1,1,0,1,0,2,46.38,39856.34,0.2014
0,legit,0,0,0,0,0,0,260.22,15592.18,0.0852
1,fraud,1,1,1,0,0,2,15.38,61224.94,0.9823
0,legit,0,0,0,0,1,0,40093.2,8413.1,0.0623
1,fraud,1,1,0,0,0,3,3549.51,13416.74,0.5181
0,legit,0,0,0,0,0,1,2041.29,8477.36,0.0606
1,fraud,0,1,0,0,1,1,21.02,20706.39,0.7543
0,legit,0,0,1,0,0,0,33186.99,18031.95,0.0965
1,fraud,1,1,1,0,1,0,922.77,17871.94,0.2746
0,legit,0,0,0,0,0,0,735.39,9054.83,0.1015
1,fraud,1,1,0,1,0,0,8.76,50680.13,0.6244
0,legit,0,0,0,0,0,0,2618.85,54550.73,0.4224
1,fraud,1,1,1,0,1,1,3981.86,44514.43,0.8487
0,legit,0,0,0,0,0,0,18381.56,71320.52,0.546
1,fraud,1,1,0,1,1,1,54.14,64848.55,0.6819
0,legit,0,0,0,0,0,0,376.06,9273.37,0.0585
1,fraud,1,0,0,0,0,1,205.91,53000.37,0.4388
0,legit,0,0,0,0,0,0,24456.91,35680.46,0.3469
1,fraud,0,1,1,1,1,1,1892.82,9198.04,0.0777
0,legit,0,0,0,0,0,1,32644.84,4236.04,0.1785
1,fraud,1,1,1,1,1,0,49.29,7986.74,0.1113
0,legit,0,0,1,0,0,0,33919.24,11507.33,0.1251
1,fraud,1,0,1,1,1,2,47.65,129751.77,0.8643
0,legit,0,0,0,0,0,0,1180.68,15376.61,0.1374
1,fraud,1,1,1,0,0,0,249.25,132675.55,0.8488
0,legit,1,0,0,0,0,0,8330.38,19610.21,0.1754
1,fraud,1,0,0,0,1,3,2.15,84460.61,0.8573
0,legit,1,0,0,0,0,0,32597.88,90.6,0.0005
1,fraud,0,1,1,1,1,2,3634.27,27379.02,0.1894
0,legit,0,0,0,1,0,0,14068.84,16335.79,0.114
1,fraud,1,1,0,0,1,1,53.85,162689.11,0.9071
0,legit,0,1,0,0,0,0,26072.56,4985.29,0.0468
1,fraud,1,1,1,0,1,1,35.01,137318.54,0.7821
0,legit,0,0,0,0,0,0,18470.33,4953.06,0.2009
1,fraud,1,1,0,1,0,1,1774.61,76152.13,0.5841
0,legit,0,0,0,1,0,0,399.7,2244.31,0.0239
1,fraud,1,1,0,1,1,0,459.03,132466.27,0.9284
0,legit,0,0,0,1,0,0,1389.36,1804.88,0.0387
1,fraud,1,1,1,0,0,0,45.78,4167.65,0.1824
0,legit,0,0,0,0,0,0,853.13,23408.88,0.2299
1,fraud,1,1,1,1,0,1,5621.41,16701.06,0.5795
0,legit,0,0,0,0,0,0,37838.93,4077.33,0.1614
1,fraud,1,1,1,0,0,0,1886.41,36768.63,0.8581
0,legit,0,0,0,0,0,0,27750.9,17926.41,0.2712
1,fraud,1,0,1,1,1,1,26.6,41258.04,0.9768
0,legit,1,0,1,0,0,0,20308.48,2395.66,0.07
1,fraud,1,1,0,0,1,1,5.69,25365.31,0.4247
0,legit,0,0,0,0,0,0,22632.69,11659.43,0.0704
1,fraud,1,1,0,0,1,1,2431.86,19218.84,0.4951
0,legit,0,0,0,0,0,0,12733.6,9259.91,0.0901
1,fraud,1,1,1,0,1,0,3.64,46892.48,0.4242
0,legit,0,0,0,0,0,0,14492.8,44851.67,0.4422
1,fraud,1,1,0,1,0,0,465.24,31238.08,0.4807
0,legit,1,0,0,0,0,0,1411.46,18896.31,0.1906
1,fraud,0,0,0,0,0,1,59.12,80206.57,0.4675
0,legit,0,0,0,1,0,0,723.42,2226.4,0.0803
1,fraud,0,1,0,0,1,0,1483.51,101116.67,0.5808
0,legit,0,0,0,0,0,0,39886.19,8945.66,0.0495
1,fraud,1,1,1,0,1,2,0.77,77259.25,0.6709
0,legit,0,0,0,0,0,0,29277.68,7363.03,0.0777
1,fraud,1,1,0,1,1,1,28.04,16379.72,0.8017
0,legit,0,0,0,0,0,0,31255.66,8014.44,0.1254
1,fraud,1,1,1,1,1,0,49.39,74794.58,0.625
0,legit,0,0,0,0,0,0,4528.32,17303.17,0.5779
1,fraud,1,0,0,1,0,0,612.98,15940.77,0.6356
0,legit,0,0,0,0,0,0,612.8,8641.45,0.0868
1,fraud,1,0,0,1,1,0,40.38,155440.61,0.9378
0,legit,0,0,0,0,0,1,236.96,9192.51,0.1373
1,fraud,1,1,1,1,0,1,900.46,52374.16,0.4642
0,legit,1,0,0,0,0,0,23306.02,20960.07,0.525
1,fraud,1,1,0,1,1,2,5255.74,140133.35,0.7075
0,legit,0,0,0,0,0,0,1317.67,9080.19,0.1875
1,fraud,1,1,0,1,1,2,22.92,54231.49,0.6429
0,legit,0,0,0,0,0,0,18466.64,16653.38,0.0852
1,fraud,1,1,0,1,0,2,381.0,70517.21,0.9816
0,legit,0,0,0,0,1,0,231.53,1586.22,0.0492
1,fraud,1,1,0,0,1,2,5267.61,6040.97,0.1965
0,legit,1,0,0,0,0,0,38592.82,26785.25,0.5753
1,fraud,1,1,0,0,1,0,45.39,31034.99,0.6342
0,legit,0,0,0,1,0,0,1031.98,3372.45,0.0808
1,fraud,1,0,0,0,1,2,4262.83,11253.03,0.275
0,legit,0,0,0,0,0,0,38564.65,30073.4,0.1695
1,fraud,1,1,0,0,1,0,2847.33,26414.93,0.2643
0,legit,0,0,0,0,0,0,22659.65,46529.76,0.2436
1,fraud,1,1,0,1,0,2,3291.36,120203.35,0.707
0,legit,1,0,0,0,0,2,4977.27,6636.55,0.0626
1,fraud,1,1,0,0,1,0,107.02,67628.14,0.5251
0,legit,0,1,0,0,0,0,1069.18,87410.45,0.4985
1,fraud,1,1,0,1,0,1,47.64,6367.77,0.1351
0,legit,0,0,0,0,0,0,35269.12,26434.52,0.1512
1,fraud,0,1,0,1,0,1,2900.59,19341.29,0.2277
0,legit,0,0,0,1,0,0,36639.78,8120.71,0.0892
1,fraud,0,1,1,0,1,2,46.59,20018.22,0.6888
0,legit,0,0,0,0,0,0,68.56,2534.0,0.0737
1,fraud,1,1,0,1,0,2,5133.09,177617.11,0.9452
0,legit,0,0,0,0,0,0,16453.51,444.98,0.0054
1,fraud,1,0,0,1,1,1,53.68,2112.27,0.0579
0,legit,0,0,0,0,1,0,215.84,12472.62,0.5531
1,fraud,1,1,1,0,1,0,58.85,23393.04,0.6868
0,legit,0,0,0,0,0,0,625.43,72283.85,0.4243
1,fraud,1,1,0,1,0,1,1889.01,46793.43,0.4725
0,legit,0,0,0,0,0,0,13488.54,19383.83,0.2608
1,fraud,1,1,0,1,1,2,1067.09,152222.92,0.8455
0,legit,0,0,0,1,0,0,5135.24,1354.69,0.0102
1,fraud,1,1,1,1,1,2,35.54,111077.66,0.597
0,legit,0,0,0,0,0,0,42845.11,12791.62,0.0658
1,fraud,1,0,0,0,1,0,39.59,49468.27,0.2631
0,legit,0,0,0,0,1,0,245.29,2814.24,0.0209
1,fraud,1,1,0,1,1,1,5332.67,21401.51,0.9265
0,legit,0,0,0,0,0,0,43014.38,9329.34,0.0914
1,fraud,1,1,1,0,1,0,32.5,149526.55,0.8696
0,legit,0,0,0,1,0,0,41157.29,4684.92,0.0603
1,fraud,0,0,1,0,1,1,1173.78,6553.7,0.1037
0,legit,1,0,0,0,0,0,33245.85,37111.02,0.6145
1,fraud,1,0,0,1,0,1,35.83,38943.79,0.9985
0,legit,0,0,0,0,0,0,947.89,17568.0,0.134
1,fraud,1,1,1,0,1,0,17.42,138604.87,0.9117
0,legit,0,1,0,0,0,0,461.58,10242.31,0.0865
1,fraud,1,0,0,0,1,1,54.72,27269.06,0.4377
0,legit,0,0,0,0,0,0,975.24,28283.19,0.2099
1,fraud,1,0,1,1,1,2,52.3,78478.99,0.9718
0,legit,0,0,0,0,1,1,41773.5,30981.29,0.176
1,fraud,1,1,0,0,0,3,1522.13,86792.41,0.7692
0,legit,0,0,0,0,0,0,14109.48,32586.1,0.1968
1,fraud,0,1,0,0,0,0,660.6,53633.32,0.7512
0,legit,0,0,0,1,0,0,11268.39,17669.56,0.2165
1,fraud,1,1,1,0,1,0,46.47,61839.69,0.4044
0,legit,0,1,0,0,0,0,969.52,1560.31,0.0151
1,fraud,1,1,1,1,1,0,930.97,167572.37,0.8408
0,legit,1,0,0,0,0,0,967.33,7717.03,0.0504
1,fraud,1,1,0,1,1,1,1286.88,143879.48,0.9671
0,legit,0,0,0,0,0,0,28529.99,19847.64,0.1359
1,fraud,1,1,1,1,1,0,3782.52,91693.85,0.5714
0,legit,1,1,0,0,1,0,11685.94,2339.09,0.0137
1,fraud,1,1,0,0,1,1,4193.95,137253.9,0.7078
0,legit,0,0,0,0,0,0,1349.84,3872.38,0.1129
1,fraud,1,1,0,0,1,1,22.22,103331.83,0.5637
0,legit,0,0,0,0,0,0,1354.22,2699.96,0.0298
1,fraud,1,0,0,0,1,1,2795.19,60342.62,0.4778
0,legit,0,0,0,1,0,0,1036.2,21848.54,0.2309
1,fraud,1,0,1,1,1,0,50.25,28166.59,0.411
0,legit,0,0,0,1,0,0,1057.64,5679.05,0.0904
1,fraud,1,1,0,1,0,1,24.3,66671.6,0.5332
0,legit,0,0,0,0,0,0,33307.0,30508.87,0.226
1,fraud,1,1,0,0,1,0,1977.92,23845.89,0.2504
0,legit,0,1,0,0,0,0,40726.53,7767.74,0.1269
1,fraud,1,1,0,0,1,0,1225.61,156543.11,0.8409
0,legit,0,0,0,0,0,0,37308.06,36440.47,0.6437
1,fraud,1,1,1,1,0,1,53.93,65195.69,0.432
0,legit,0,0,0,0,0,0,991.38,6143.17,0.0517
1,fraud,1,1,1,1,1,0,1784.31,77405.58,0.9179
0,legit,0,0,0,0,0,0,33508.21,10435.74,0.0761
1,fraud,1,1,1,0,1,2,5.4,102881.88,0.7372
0,legit,0,0,0,0,0,0,19030.58,3759.71,0.1287
1,fraud,0,0,0,1,0,1,3935.86,5087.54,0.2498
0,legit,1,0,0,0,0,0,10149.55,3791.5,0.0205
1,fraud,1,0,1,1,0,1,1.71,30055.36,0.1811
0,legit,0,0,0,0,0,0,4101.27,28765.23,0.3192
1,fraud,1,1,1,1,1,0,1829.73,29873.1,0.7926
0,legit,1,1,0,0,0,0,175.96,11224.69,0.1829
1,fraud,1,1,0,1,1,2,816.03,11303.91,0.0882
0,legit,0,0,0,1,0,0,30038.51,50905.98,0.5994
1,fraud,1,0,1,0,1,0,32.16,59352.57,0.5278
0,legit,0,0,0,0,0,0,37679.46,10465.79,0.0569
1,fraud,1,1,0,1,1,0,1075.38,72127.12,0.5421
0,legit,1,0,0,0,0,0,36172.86,28938.94,0.2158
1,fraud,1,0,0,1,1,1,4881.97,29821.39,0.401
0,legit,0,0,0,0,1,0,5693.8,36107.03,0.3339
1,fraud,0,1,1,1,1,2,480.08,23166.77,0.7779
0,legit,1,0,0,0,0,0,36321.4,20690.26,0.1982
1,fraud,1,1,0,0,0,2,11.03,183513.69,0.9826
0,legit,0,0,0,0,0,0,7849.0,21233.28,0.6861
1,fraud,0,0,0,0,1,0,3511.28,86956.21,0.5834
0,legit,0,0,0,0,0,0,29749.51,50610.16,0.4941
1,fraud,0,0,0,0,1,1,338.01,49646.34,0.8473
0,legit,1,0,0,1,0,0,39826.94,1021.16,0.0467
1,fraud,1,1,1,0,0,0,4412.06,46336.87,0.5755
0,legit,0,0,0,0,0,0,41703.53,3016.84,0.0449
1,fraud,1,1,0,0,1,2,2256.58,163659.83,0.8697
0,legit,0,0,0,0,0,0,32156.44,1632.22,0.0133
1,fraud,1,1,1,0,1,2,745.55,14065.83,0.602
0,legit,0,0,0,0,0,0,26900.1,11034.1,0.1198
1,fraud,1,1,0,0,1,3,3862.28,32678.33,0.4093
0,legit,0,0,0,0,0,0,23988.57,13202.36,0.0708
1,fraud,1,1,0,0,1,1,701.12,11427.72,0.1076
0,legit,0,0,0,0,0,0,36965.17,11947.27,0.1622
1,fraud,1,1,1,1,1,1,1271.75,14847.69,0.5131
0,legit,1,0,0,1,0,0,631.57,18713.48,0.0968
1,fraud,1,0,1,0,0,1,560.21,5916.07,0.2487
0,legit,1,0,0,0,0,0,40013.9,8840.98,0.1774
1,fraud,1,1,0,1,1,0,42.57,100724.83,0.8696
0,legit,0,1,0,0,0,1,1139.08,8961.38,0.0563
1,fraud,1,1,1,0,1,2,3162.41,55730.56,0.6852
0,legit,0,0,0,0,0,0,34979.53,13178.47,0.1881
1,fraud,1,0,1,0,0,2,1013.39,35245.67,0.9334
0,legit,0,0,0,0,1,0,37389.34,28519.95,0.1584
1,fraud,0,0,0,1,1,0,235.73,85855.93,0.4528
0,legit,0,1,0,0,0,0,31255.16,1774.57,0.012
1,fraud,1,1,1,0,1,0,45.37,43532.75,0.4819
0,legit,1,0,0,0,0,0,10857.2,24881.56,0.1435
1,fraud,1,1,0,0,1,0,58.49,66692.65,0.9668
0,legit,0,0,0,0,0,2,39861.51,1960.44,0.0226
1,fraud,1,1,0,0,1,2,8.16,56485.11,0.896
0,legit,1,0,0,0,0,0,6114.12,27784.07,0.5187
1,fraud,1,0,0,1,1,2,421.71,54401.98,0.8023
0,legit,0,0,0,0,0,0,31473.94,88534.01,0.4944
1,fraud,1,1,0,0,1,1,41.67,28825.14,0.4409
0,legit,0,0,0,0,0,0,1273.14,3732.29,0.029
1,fraud,1,1,0,1,0,1,2029.72,102925.79,0.9204
0,legit,0,0,0,0,0,0,109.95,5545.74,0.084
1,fraud,0,1,0,0,1,1,766.28,22435.81,0.1656
0,legit,0,0,0,0,0,0,21326.22,9850.69,0.1701
1,fraud,1,1,0,1,1,2,4742.37,18313.97,0.2548
0,legit,1,0,0,0,0,0,20545.41,12524.55,0.0895
1,fraud,1,0,1,1,1,0,5577.57,37785.79,0.4551
0,legit,0,1,0,0,0,1,33918.44,31797.05,0.1876
1,fraud,1,1,0,1,1,1,1327.74,46641.86,0.4788
0,legit,0,0,0,0,1,0,16001.92,32544.63,0.1775
1,fraud,1,1,0,0,0,1,26.07,38656.52,0.418
0,legit,0,0,0,1,0,0,39586.24,983.28,0.0051
1,fraud,1,1,0,0,1,1,5051.56,18534.16,0.4232
0,legit,0,0,0,0,0,0,5258.19,3464.22,0.097
1,fraud,1,0,1,1,0,2,4172.7,58394.1,0.5654
0,legit,0,0,0,0,0,0,40550.3,35839.93,0.3521
1,fraud,1,1,1,0,0,0,795.88,78792.44,0.6094
0,legit,1,0,0,0,0,0,15480.39,3294.71,0.0234
1,fraud,1,1,0,1,0,0,20.1,104355.73,0.6889
0,legit,0,0,0,0,0,0,13557.48,6620.25,0.1531
1,fraud,1,1,1,1,1,2,10.58,81881.67,0.9519
0,legit,0,0,0,0,0,0,6801.02,11567.09,0.2549
1,fraud,0,1,0,1,1,1,55.19,97172.28,0.5168
0,legit,0,0,0,0,0,0,35120.68,13740.66,0.0976
1,fraud,1,1,0,1,0,0,5346.57,20272.06,0.1526
0,legit,0,1,0,0,0,1,37181.15,34068.71,0.2079
1,fraud,1,1,0,0,0,3,1152.56,82890.05,0.6856
0,legit,0,0,0,0,0,0,1436.47,29957.91,0.1968
1,fraud,1,1,0,1,0,1,36.1,118704.75,0.8211
0,legit,0,1,0,0,0,0,388.65,14109.81,0.073
1,fraud,1,0,0,0,1,2,8.13,119565.24,0.756
0,legit,0,0,0,0,0,0,11199.79,1138.26,0.0147
1,fraud,1,1,1,0,1,1,1104.43,59430.46,0.5207
0,legit,0,0,0,0,0,0,42.29,19101.8,0.1072
1,fraud,1,1,1,0,1,0,52.19,60934.33,0.8484
0,legit,0,0,0,1,0,0,16565.04,18358.44,0.1631
1,fraud,1,0,0,1,1,3,3138.51,6559.14,0.2134
0,legit,0,0,0,0,0,0,19371.95,32612.99,0.2373
1,fraud,1,1,1,1,1,1,21.18,23092.26,0.4226
0,legit,0,0,0,0,0,0,1253.77,12562.99,0.2074
1,fraud,1,1,0,1,1,1,1188.06,64043.57,0.442
0,legit,0,0,0,0,0,0,22497.5,12048.99,0.2049
1,fraud,1,1,0,1,0,0,918.7,69332.11,0.6313
0,legit,0,0,0,0,0,0,26183.97,91213.75,0.5673
1,fraud,0,1,0,0,0,2,3482.73,84720.93,0.4421
0,legit,0,0,1,0,0,0,25446.33,5554.21,0.0399
1,fraud,1,0,0,1,1,1,4990.79,41442.41,0.2283
0,legit,0,1,0,0,1,0,6.62,59405.78,0.3608
1,fraud,1,1,0,0,1,1,2610.93,72024.27,0.5234
0,legit,0,0,0,0,0,0,11306.7,47545.41,0.6662
1,fraud,1,1,0,0,1,0,18.45,92559.95,0.8149
0,legit,0,0,0,0,0,0,16131.29,14098.54,0.0968
1,fraud,1,1,0,0,0,1,50.81,79332.01,0.9946
0,legit,0,0,0,0,0,0,8974.51,10749.13,0.3426
1,fraud,0,1,0,1,1,0,35.48,1947.14,0.0511
0,legit,0,0,0,0,0,0,6279.32,5488.5,0.1823
1,fraud,1,1,1,0,1,1,5.92,36375.6,0.7185
0,legit,0,0,0,0,0,0,1885.28,436.42,0.0187
1,fraud,1,1,1,1,1,0,1635.99,3459.97,0.1165
0,legit,0,0,0,0,1,0,33214.86,18273.21,0.2044
1,fraud,0,1,0,0,0,2,1012.11,22578.53,0.7593
0,legit,0,0,0,0,0,0,874.91,14987.89,0.15
1,fraud,1,1,0,0,1,0,8.75,37720.31,0.9761
0,legit,0,0,0,0,0,0,1295.06,40433.47,0.2145
1,fraud,1,1,1,1,1,0,50.97,33700.66,0.1884
0,legit,0,0,0,0,0,0,42141.7,2365.88,0.0464
1,fraud,1,0,0,1,1,1,23.73,63669.76,0.8899
0,legit,0,0,0,0,0,0,20074.0,5719.08,0.0782
1,fraud,1,0,1,1,1,1,2841.1,66668.32,0.7578
0,legit,0,0,1,0,0,0,39318.66,1163.82,0.0076
1,fraud,1,0,0,0,1,0,129.74,24539.54,0.5453
0,legit,0,1,0,0,0,1,998.52,4221.6,0.0962
1,fraud,1,0,1,0,1,0,2881.83,81464.58,0.783
0,legit,0,0,0,0,0,0,1066.66,1817.63,0.0167
1,fraud,1,1,0,1,1,0,983.51,84608.76,0.6054
0,legit,0,1,0,0,0,1,35433.74,3378.16,0.0265
1,fraud,0,1,0,1,1,0,43.46,42652.49,0.9218
0,legit,0,0,0,0,0,0,28347.93,8694.39,0.1466
1,fraud,0,1,0,0,1,2,40.21,51085.04,0.8521
0,legit,0,0,0,0,0,0,30020.9,6276.55,0.124
1,fraud,1,1,0,1,1,0,1981.07,94307.61,0.8786
0,legit,0,0,0,0,0,0,42910.67,1282.57,0.0135
1,fraud,1,0,0,0,0,0,3404.5,100803.67,0.5716
0,legit,0,0,0,0,0,0,32705.36,37801.38,0.2044
1,fraud,1,1,1,1,1,0,41.1,103170.86,0.7636
0,legit,0,0,0,0,0,0,17371.96,7655.02,0.2043
1,fraud,1,0,1,0,0,2,56.52,1505.09,0.0574
0,legit,0,0,0,0,0,0,42171.72,57128.14,0.6117
1,fraud,1,1,0,0,0,2,2865.61,62007.87,0.5303
0,legit,0,0,0,0,0,0,9001.58,2311.5,0.014
1,fraud,1,1,1,1,1,0,14.16,71792.53,0.7156
0,legit,0,0,0,0,0,0,16916.81,39819.76,0.2603
1,fraud,1,1,1,0,1,0,2978.8,37529.88,0.7714
0,legit,0,0,0,1,0,0,6494.06,34271.88,0.3655
1,fraud,0,0,0,0,0,0,220.93,21444.36,0.1963
0,legit,0,0,0,1,0,0,786.33,3442.01,0.0794
1,fraud,1,0,0,1,0,0,25.69,26608.63,0.5869
0,legit,0,0,0,0,0,0,6770.98,45259.84,0.2533
1,fraud,1,0,1,0,1,0,306.27,36705.39,0.4412
0,legit,0,0,0,0,0,0,12814.65,3670.64,0.0452
1,fraud,1,1,1,1,1,1,1015.21,85034.77,0.4356
0,legit,0,0,0,1,0,0,10592.16,15749.98,0.0817
1,fraud,1,1,0,1,1,0,48.98,76001.51,0.527
0,legit,0,0,0,0,1,0,19.25,2575.78,0.0717
1,fraud,1,1,1,1,1,2,1281.32,76525.38,0.5115
0,legit,0,0,0,1,0,0,42306.92,9946.54,0.1691
1,fraud,1,1,0,0,0,1,55.69,113627.07,0.9702
0,legit,0,0,0,0,0,0,13658.54,1053.11,0.0385
1,fraud,1,1,1,1,1,1,2384.36,37029.08,0.7639
0,legit,0,0,0,1,0,1,23554.03,2575.05,0.022
1,fraud,1,1,0,0,1,1,37.41,92253.02,0.9805
0,legit,0,0,0,0,0,0,574.67,6438.19,0.0443
1,fraud,0,1,1,0,1,2,25.32,31775.59,0.2225
0,legit,1,0,0,0,0,0,21403.44,4734.54,0.0484
1,fraud,1,1,1,0,1,1,1219.51,115448.15,0.6747
0,legit,0,0,0,0,0,0,29013.75,16933.31,0.1928
1,fraud,1,0,1,1,0,1,39.14,121751.81,0.6914
0,legit,1,0,0,0,0,0,1108.2,2726.81,0.0161
1,fraud,1,1,0,1,1,0,24.62,51749.11,0.4453
0,legit,1,0,0,0,0,0,753.41,4460.09,0.0863
1,fraud,1,1,0,1,1,1,10.1,93847.1,0.932
0,legit,0,0,0,0,0,0,5366.15,7181.31,0.0882
1,fraud,1,1,1,1,1,0,43.13,96440.24,0.7116
0,legit,0,0,1,1,0,1,1105.56,7022.57,0.0541
1,fraud,1,1,0,0,1,1,1317.4,52201.65,0.5859
0,legit,0,0,0,0,0,0,15070.35,21251.98,0.2056
1,fraud,1,1,1,0,1,0,30.83,139449.98,0.9134
0,legit,0,0,0,0,0,0,41422.62,6630.63,0.0846
1,fraud,1,1,1,0,1,1,41.0,84514.07,0.8191
0,legit,0,0,0,0,0,0,20633.42,7728.33,0.0752
1,fraud,1,0,1,1,1,0,1610.89,33650.83,0.5756
0,legit,0,0,0,0,0,0,31378.97,17412.27,0.1334
1,fraud,1,0,0,1,1,1,1417.42,87781.3,0.8618
0,legit,0,0,0,0,0,0,28774.7,26600.67,0.3999
1,fraud,1,1,1,0,0,2,32.24,27957.5,0.5929
0,legit,0,0,0,0,0,0,803.11,12230.0,0.1329
1,fraud,1,0,1,1,0,3,1162.5,127457.03,0.6706
0,legit,1,0,0,0,0,0,16121.98,3194.92,0.048
1,fraud,1,1,0,0,1,2,5608.49,74728.55,0.4422
0,legit,1,0,0,0,0,0,20.33,2024.16,0.0711
1,fraud,1,1,0,1,0,0,2.1,85940.96,0.5253
0,legit,0,0,0,0,0,0,32746.73,527.87,0.0201
1,fraud,1,0,1,0,0,0,31.27,135036.24,0.9599
0,legit,0,0,0,0,0,0,6669.85,9762.29,0.0694
1,fraud,1,1,0,0,1,1,416.17,3403.94,0.074
0,legit,0,0,0,0,0,0,254.97,56848.49,0.6934
1,fraud,0,0,0,1,1,1,18.42,21292.58,0.5871
0,legit,0,0,0,0,0,0,4220.82,11138.93,0.0893
1,fraud,0,1,0,0,0,1,210.26,65750.14,0.4507
0,legit,1,0,0,0,0,0,27576.26,7733.61,0.0706
1,fraud,1,1,1,1,1,2,1565.25,7488.86,0.1354
0,legit,0,0,0,0,0,0,312.99,44732.18,0.667
1,fraud,1,1,0,1,1,1,28.8,14944.04,0.0973
0,legit,1,0,0,0,0,0,41712.92,850.42,0.005
1,fraud,1,1,0,1,0,0,4807.11,7867.65,0.0901
0,legit,1,0,0,1,0,0,20708.37,6556.81,0.2248
1,fraud,1,0,1,1,1,0,65.91,16262.49,0.1124
0,legit,1,0,0,1,0,0,1046.12,3006.63,0.05
1,fraud,0,1,0,0,0,0,34.05,13700.54,0.4299
0,legit,0,0,0,0,0,0,32594.1,87613.48,0.4972
1,fraud,1,1,1,1,1,0,296.96,78474.3,0.4307
0,legit,0,0,0,1,0,0,7632.92,324.39,0.0133
1,fraud,1,1,0,0,1,2,1066.04,128007.55,0.7243
0,legit,0,0,0,1,0,0,6812.68,6607.27,0.0521
1,fraud,0,1,1,0,1,0,1020.42,86702.14,0.8891
0,legit,0,0,0,1,0,0,41070.21,931.0,0.045
1,fraud,1,0,1,0,1,2,2212.5,124484.67,0.6942
0,legit,0,0,0,0,0,1,8673.08,27599.86,0.1631
1,fraud,1,1,1,1,1,0,46.51,45939.24,0.4493
0,legit,0,0,0,1,0,0,31048.48,6181.23,0.0815
1,fraud,1,0,1,0,1,1,53.75,41723.5,0.7142
0,legit,0,0,0,0,0,0,18998.2,17073.7,0.0893
1,fraud,1,0,0,1,0,3,2713.27,62491.32,0.7589
0,legit,1,0,0,0,0,1,79.33,9712.85,0.0751
1,fraud,0,1,0,1,0,2,268.09,27492.64,0.4786
0,legit,1,1,0,1,0,0,28119.53,38338.86,0.2453
1,fraud,1,1,0,0,0,0,48.07,52556.33,0.4451
0,legit,1,0,0,0,0,0,1201.09,16293.92,0.2476
1,fraud,1,1,0,0,1,1,1084.71,106592.08,0.548
0,legit,0,1,0,1,0,0,165.37,103927.19,0.6174
1,fraud,0,0,0,0,0,3,394.8,64203.26,0.9937
0,legit,0,0,0,0,0,1,41115.78,111099.5,0.6473
1,fraud,1,1,1,1,1,0,35.38,24260.54,0.5345
0,legit,1,0,0,0,0,2,68.3,5680.45,0.0958
1,fraud,1,1,0,1,0,1,21.13,55875.32,0.9342
0,legit,0,0,0,0,0,0,344.86,9701.26,0.0515
1,fraud,1,1,0,1,1,2,2174.89,60261.07,0.421
0,legit,1,0,0,0,0,0,10123.47,10124.76,0.0795
1,fraud,1,1,0,0,0,3,2977.66,114065.52,0.9813
0,legit,0,0,0,0,0,0,40771.74,147.9,0.0014
1,fraud,1,1,1,1,1,0,43.91,66460.58,0.52
0,legit,0,0,0,0,0,0,1279.58,16615.55,0.1009
1,fraud,1,1,1,0,1,0,1505.96,87284.96,0.4878
0,legit,1,0,0,0,0,0,714.56,16113.5,0.1786
1,fraud,1,0,0,0,1,1,56.09,25321.49,0.2517
0,legit,0,0,0,0,0,0,23061.61,3887.0,0.0813
1,fraud,1,1,1,0,0,0,321.34,121924.91,0.9072
0,legit,0,0,1,0,0,0,909.79,12204.72,0.0729
1,fraud,1,1,0,0,0,1,268.04,9489.57,0.1042
0,legit,1,0,0,0,0,0,1264.59,46059.37,0.4167
1,fraud,1,1,0,1,1,0,22.12,33191.48,0.1781
0,legit,0,1,0,0,0,0,1209.96,13542.57,0.3891
1,fraud,0,1,1,1,1,2,3232.38,112427.88,0.6505
0,legit,0,0,0,0,0,0,17828.38,16089.26,0.1819
1,fraud,1,1,0,0,1,1,41.56,92615.2,0.8672
0,legit,0,0,0,0,0,0,1284.41,4056.46,0.0337
1,fraud,1,0,0,1,1,0,46.42,15552.9,0.7218
0,legit,0,0,0,0,0,0,14111.09,32133.41,0.1742
1,fraud,1,1,1,1,1,0,476.93,18338.01,0.5474
0,legit,0,0,0,0,0,0,979.75,9659.43,0.0985
1,fraud,0,1,0,1,0,0,29.67,127525.59,0.8437
0,legit,0,0,0,0,0,0,22101.13,11400.6,0.1179
1,fraud,1,1,0,0,0,0,5159.86,57113.66,0.5632
0,legit,0,0,0,1,0,0,700.53,26961.49,0.1366
1,fraud,1,0,0,0,0,1,36.06,45400.25,0.4841
0,legit,0,0,0,0,1,1,37324.27,33993.24,0.2864
1,fraud,1,0,1,1,0,1,3.73,92477.7,0.7673
0,legit,0,0,0,0,0,2,855.41,19125.7,0.109
1,fraud,1,1,0,0,0,2,412.49,28698.63,0.5409
0,legit,0,0,0,0,0,2,20714.21,4980.76,0.0368
1,fraud,0,1,1,0,1,3,1203.8,119772.09,0.6533
0,legit,0,0,0,1,0,0,42959.04,2246.34,0.0465
1,fraud,0,1,1,1,1,0,5094.36,80949.13,0.7097
0,legit,0,0,0,1,1,0,12315.14,10424.15,0.1124
1,fraud,1,0,0,0,1,0,45.51,122083.05,0.6955
0,legit,0,1,0,0,1,0,612.04,36361.89,0.1847
1,fraud,1,1,0,1,1,1,50.31,123184.11,0.6668
0,legit,0,0,0,0,0,0,35652.8,108710.86,0.6958
1,fraud,1,1,0,0,1,1,2420.9,52545.3,0.6367
0,legit,0,1,0,1,0,0,511.91,1598.66,0.0116
1,fraud,1,1,0,1,0,1,56.7,5808.97,0.1323
0,legit,0,0,0,0,0,0,2356.37,1514.68,0.0316
1,fraud,0,1,0,0,1,0,255.4,95084.13,0.5599
0,legit,0,0,0,0,0,0,19692.59,7530.6,0.042
1,fraud,1,1,0,1,1,2,17.26,20481.84,0.4163
0,legit,0,0,1,0,0,0,7925.62,13414.71,0.1121
1,fraud,1,1,1,1,1,0,27.55,90107.32,0.4506
0,legit,0,0,0,0,0,0,18363.12,4061.21,0.0374
1,fraud,1,1,0,0,0,1,14.94,28094.65,0.6437
0,legit,0,0,0,1,0,0,8995.57,4862.57,0.1211
1,fraud,1,1,1,1,1,1,1310.18,91359.11,0.5379
0,legit,0,0,0,0,0,0,5634.36,16776.7,0.3344
1,fraud,1,1,1,0,1,0,318.21,54916.0,0.9885
0,legit,0,0,0,0,0,0,18063.8,7782.3,0.05
1,fraud,1,1,0,1,1,1,622.65,57538.69,0.5403
0,legit,0,0,0,0,0,0,972.78,55858.86,0.644
1,fraud,1,1,1,0,0,0,36.66,33079.36,0.9812
0,legit,0,0,0,0,0,0,778.97,38506.1,0.2064
1,fraud,1,1,1,1,1,2,141.48,71912.99,0.9101
0,legit,0,0,0,1,0,0,35739.48,55631.94,0.6024
1,fraud,1,1,0,0,1,2,777.97,16305.88,0.6966
0,legit,0,0,0,0,0,0,23687.47,18352.16,0.1266
1,fraud,1,1,1,1,1,0,2143.26,21136.04,0.1366
0,legit,0,0,0,0,0,0,1190.39,28798.41,0.365
1,fraud,0,0,0,1,0,0,29.27,48824.61,0.5508
0,legit,0,0,0,0,0,0,1243.46,42366.9,0.6654
1,fraud,1,0,0,1,1,1,403.19,73257.56,0.6674
0,legit,1,0,0,1,0,0,1421.94,7076.13,0.0372
1,fraud,1,1,1,1,1,0,1347.34,65460.54,0.724
0,legit,0,0,0,0,0,0,7790.34,7694.86,0.0879
1,fraud,1,1,0,0,1,3,1338.42,48029.81,0.6481
0,legit,0,1,0,0,0,0,5701.43,12468.82,0.0924
1,fraud,1,1,0,1,0,2,452.65,116445.3,0.9599
0,legit,0,0,0,0,0,0,15694.02,15044.5,0.0783
1,fraud,1,0,0,1,1,0,556.96,66848.67,0.9715
0,legit,1,0,0,0,0,0,1139.55,1486.02,0.0266
1,fraud,1,1,0,1,1,0,30.8,10513.0,0.4154
0,legit,0,0,0,1,0,0,826.62,73531.64,0.6237
1,fraud,1,1,1,0,1,0,10.13,60250.58,0.6376
0,legit,0,0,0,0,0,0,8000.98,25699.65,0.194
1,fraud,1,1,1,1,1,1,696.9,79484.66,0.6912
0,legit,0,0,0,0,0,0,1080.64,3443.22,0.0693
1,fraud,1,1,0,0,1,1,13.65,26921.11,0.4584
0,legit,0,0,0,0,0,0,2993.36,7409.98,0.0456
1,fraud,1,1,0,1,0,0,44.54,21177.01,0.1857
0,legit,0,0,0,0,0,0,37621.43,64406.59,0.5851
1,fraud,1,0,0,1,0,1,4937.66,26260.88,0.5178
0,legit,0,0,0,0,0,0,116.51,10698.02,0.1116
1,fraud,1,1,0,1,1,0,3696.75,69735.67,0.4254
0,legit,0,1,0,0,0,0,29150.77,18306.58,0.1749
1,fraud,1,1,0,1,0,1,1515.76,122589.44,0.8012
0,legit,0,0,0,0,0,0,6081.65,16577.82,0.1097
1,fraud,1,1,0,0,1,0,1979.57,127420.24,0.9457
0,legit,0,1,0,0,0,0,34780.42,3394.6,0.0955
1,fraud,1,1,0,0,1,3,3.37,51361.17,0.5299
0,legit,0,0,0,0,0,0,2044.86,276.24,0.0019
1,fraud,1,1,0,0,1,2,29.77,168074.39,0.9027
0,legit,0,0,0,0,0,0,1079.67,1603.85,0.0105
1,fraud,1,1,0,0,1,1,46.76,54244.9,0.8412
0,legit,0,0,0,0,1,0,6435.55,2202.26,0.0223
1,fraud,1,1,0,0,0,2,2943.58,105799.61,0.9534
0,legit,1,0,0,0,0,0,248.05,5223.46,0.0335
1,fraud,1,1,1,0,0,0,4.06,10285.7,0.1485
0,legit,0,0,0,0,0,0,33577.53,15497.14,0.0848
1,fraud,1,1,1,0,1,2,40.46,81912.13,0.4967
0,legit,0,0,0,0,0,2,33685.99,18852.8,0.2903
1,fraud,1,1,1,1,1,2,25.84,76068.98,0.6125
0,legit,0,0,0,0,0,0,861.86,16553.85,0.0844
1,fraud,1,1,0,1,1,0,33.18,20941.44,0.599
0,legit,0,0,1,0,0,1,20772.35,6347.73,0.0393
1,fraud,0,1,0,1,0,1,146.04,105955.56,0.5477
0,legit,0,1,0,1,0,0,43001.45,1477.06,0.0126
1,fraud,1,1,1,0,1,0,3235.34,38888.85,0.8345
0,legit,1,0,0,0,0,0,2802.23,40775.77,0.2095
1,fraud,1,1,0,1,1,1,5.9,50395.03,0.6125
0,legit,1,0,0,0,0,0,21281.02,87493.02,0.4532
1,fraud,1,1,1,1,0,2,1034.82,1848.48,0.0717
0,legit,0,0,0,0,0,0,1063.22,15060.5,0.2071
1,fraud,1,1,0,0,1,1,1035.78,70746.78,0.4367
0,legit,0,0,0,0,0,0,17466.05,6662.46,0.1422
1,fraud,1,1,0,1,0,1,58.37,66291.84,0.8425
0,legit,0,0,0,0,0,0,69.56,68162.42,0.6105
1,fraud,1,1,1,0,1,1,15.05,67141.4,0.712
0,legit,0,1,0,0,0,0,4428.18,90614.41,0.6235
1,fraud,1,1,0,0,1,0,5115.39,129871.82,0.8787
0,legit,0,0,0,0,0,0,259.92,11076.32,0.1539
1,fraud,0,1,0,0,1,1,39.8,15065.23,0.5844
0,legit,0,0,0,0,1,0,42037.51,996.34,0.0229
1,fraud,1,0,0,0,1,0,26.12,110926.13,0.5968
0,legit,1,0,0,0,0,0,13935.42,6166.77,0.0502
1,fraud,1,1,0,1,1,1,0.83,87709.41,0.4685
0,legit,0,1,0,0,0,0,39347.91,15434.6,0.3366
1,fraud,1,1,1,0,1,2,763.95,74386.66,0.9451
0,legit,0,0,0,0,0,0,198.8,4314.03,0.0841
1,fraud,1,0,1,1,0,1,671.92,66965.45,0.55
0,legit,0,1,0,0,0,1,21876.15,12258.28,0.0716
1,fraud,1,1,1,0,1,1,2431.13,23796.77,0.4088
0,legit,0,0,0,0,0,0,32105.79,9849.1,0.0827
1,fraud,1,1,1,1,1,1,212.69,58381.78,0.5405
0,legit,0,0,0,0,0,0,192.73,4299.12,0.0287
1,fraud,0,1,0,0,0,1,615.56,13542.69,0.1469
0,legit,0,0,0,0,0,0,21457.49,4204.88,0.026
1,fraud,0,1,0,1,0,2,360.6,35511.9,0.1804
0,legit,0,0,0,0,0,0,650.92,8433.02,0.0482
1,fraud,1,1,0,1,1,1,48.03,30324.78,0.6318
0,legit,0,0,0,0,1,0,17028.28,22940.74,0.3952
1,fraud,0,1,0,1,1,0,2660.71,111342.04,0.7352
0,legit,0,0,0,0,0,0,31957.33,3845.44,0.0559
1,fraud,0,1,0,0,0,0,27.57,49698.13,0.6113
0,legit,1,0,0,1,0,0,36399.21,87190.84,0.6934
1,fraud,1,0,1,0,1,1,56.16,94611.78,0.9944
0,legit,0,0,0,0,0,0,1309.77,9214.06,0.1217
1,fraud,1,0,0,1,1,2,0.93,127761.89,0.9625
0,legit,0,0,0,1,1,0,1399.3,10755.12,0.1205
1,fraud,1,1,0,1,1,0,331.21,58487.73,0.9941
0,legit,1,0,0,0,0,0,782.15,67959.66,0.3872
1,fraud,1,0,0,0,0,1,51.89,135383.16,0.7326
0,legit,1,0,0,0,0,0,837.45,27119.09,0.1677
1,fraud,1,1,1,1,0,0,57.18,151535.43,0.9144
0,legit,0,0,0,0,0,0,30904.56,19156.6,0.1182
1,fraud,1,0,1,1,1,0,11.97,2763.25,0.087
0,legit,0,0,0,1,0,0,26267.09,12251.89,0.5315
1,fraud,1,0,0,1,0,1,16.3,12538.42,0.2488
0,legit,0,0,0,0,0,0,35271.25,103102.7,0.6049
1,fraud,1,1,1,0,1,0,49.04,35539.6,0.5618
0,legit,0,0,0,0,0,0,1124.05,653.77,0.0057
1,fraud,1,1,0,0,1,1,980.5,128709.76,0.7477
0,legit,0,0,0,1,0,0,17502.09,1403.68,0.0362
1,fraud,1,0,0,0,0,0,56.97,140511.81,0.729
0,legit,1,0,0,0,0,0,1240.86,4829.13,0.0774
1,fraud,1,0,1,1,1,1,19.23,53941.91,0.8135
0,legit,1,0,0,1,1,0,28314.19,6368.15,0.0336
1,fraud,0,1,1,1,1,0,4219.6,10684.91,0.1494
0,legit,1,0,0,0,1,0,224.38,12355.69,0.0697
1,fraud,0,0,0,1,1,0,54.14,159772.15,0.8126
0,legit,0,0,0,1,0,1,16069.62,110614.23,0.6775
1,fraud,1,1,0,0,1,0,2.67,106195.22,0.5842
0,legit,0,0,0,0,1,0,1289.65,1755.76,0.0212
1,fraud,1,1,1,1,1,1,18.9,40538.21,0.5702
0,legit,0,0,0,0,0,0,17307.38,5031.45,0.1171
1,fraud,1,1,1,1,0,0,13.54,5614.37,0.0897
0,legit,1,0,0,0,0,0,34416.54,13803.4,0.1215
1,fraud,1,0,1,1,1,0,819.01,49341.74,0.6352
0,legit,0,0,0,0,0,0,39340.79,28915.32,0.1702
1,fraud,1,1,0,0,1,2,44.41,30342.33,0.1579
0,legit,0,0,0,0,0,0,23133.62,1327.69,0.0305
1,fraud,1,1,1,0,1,2,30.55,20359.16,0.4688
0,legit,0,0,0,0,0,0,1378.73,12780.46,0.127
1,fraud,1,1,1,1,0,0,15.31,56868.45,0.849
0,legit,0,0,0,0,0,0,1243.68,17586.76,0.6867
1,fraud,1,1,0,1,1,0,1273.82,28264.26,0.167
0,legit,0,0,0,0,0,0,9043.71,742.11,0.0052
1,fraud,1,1,1,1,1,0,30.32,91131.19,0.9267
0,legit,0,0,0,0,0,1,25290.3,61993.74,0.5138
1,fraud,1,1,0,1,0,2,19.1,108085.71,0.5906
0,legit,0,1,0,0,0,0,15232.87,9056.46,0.0668
1,fraud,1,1,0,0,1,2,5756.09,81774.71,0.6399
0,legit,1,0,0,0,0,0,919.52,23872.23,0.2034
1,fraud,1,1,0,0,1,1,1062.09,42700.91,0.9161
0,legit,1,0,0,0,0,0,21356.78,2329.52,0.0905
1,fraud,1,1,0,1,1,1,31.24,27625.23,0.7807
0,legit,0,0,0,0,0,0,9541.03,1651.66,0.0281
1,fraud,0,1,0,1,1,3,49.38,118472.98,0.848
0,legit,0,0,0,0,0,0,26928.91,45111.87,0.6904
1,fraud,1,1,0,1,1,2,14.92,85315.24,0.8864
0,legit,0,0,0,0,0,0,23960.2,7597.89,0.117
1,fraud,1,1,0,0,1,0,1190.61,10549.04,0.2853
0,legit,0,0,0,0,0,0,816.24,9309.18,0.092
1,fraud,1,1,1,1,1,2,1163.33,56396.23,0.5797
0,legit,0,0,0,1,0,0,25766.14,6169.71,0.1903
1,fraud,1,1,0,1,0,2,28.18,38228.83,0.4174
0,legit,0,0,0,0,0,0,24451.81,267.35,0.0055
1,fraud,0,1,0,1,1,1,1218.32,53643.19,0.5348
0,legit,0,0,0,1,0,0,1233.31,7734.92,0.1459
1,fraud,0,1,1,1,0,2,33.88,81120.62,0.6847
0,legit,1,0,0,0,0,1,38570.74,12909.05,0.0867
1,fraud,1,0,0,0,1,0,38.54,98411.54,0.5647
0,legit,0,0,0,0,0,0,1366.81,686.01,0.0204
1,fraud,1,1,1,0,0,1,1138.11,35518.85,0.2233
0,legit,0,0,0,1,0,1,357.45,4326.31,0.1163
1,fraud,1,0,0,1,1,2,30.41,99114.56,0.9929
0,legit,1,0,0,0,0,1,4838.44,6287.93,0.187
1,fraud,1,1,0,1,1,0,498.39,10748.42,0.2424
0,legit,0,0,0,0,0,0,871.8,19818.86,0.2259
1,fraud,1,1,1,1,0,0,512.16,35025.73,0.7536
0,legit,0,0,0,0,0,0,835.53,3094.14,0.104
1,fraud,1,1,0,1,1,2,16.23,116220.7,0.876
0,legit,0,0,0,1,0,0,113.5,9477.01,0.2818
1,fraud,1,0,0,1,1,1,7.09,6613.29,0.1362
0,legit,0,0,0,0,0,0,37206.12,6710.21,0.0436
1,fraud,0,1,1,0,1,1,41.69,91366.63,0.9246
0,legit,0,0,0,0,1,0,320.04,4656.35,0.0266
1,fraud,1,1,0,0,1,0,28.96,47021.57,0.2504
0,legit,0,1,0,1,1,0,1080.01,20729.67,0.6134
1,fraud,1,1,1,1,1,1,18.73,9241.92,0.0816
0,legit,0,0,0,0,0,0,18.86,1120.3,0.0257
1,fraud,1,1,0,0,1,0,1.72,83992.7,0.457
0,legit,1,0,0,0,0,0,438.95,42156.65,0.5301
1,fraud,1,0,1,1,1,0,49.88,186864.17,0.9557
0,legit,0,0,0,0,0,0,178.57,4081.83,0.0267
1,fraud,1,1,1,0,1,0,2.83,6798.58,0.0928
0,legit,0,0,0,1,0,0,2728.23,20820.6,0.1211
1,fraud,1,1,1,1,1,1,6.51,94641.0,0.7044
0,legit,1,0,0,0,0,0,1311.91,31127.19,0.3416
1,fraud,1,1,0,0,0,1,27.77,12330.47,0.4695
0,legit,0,0,0,0,0,0,22816.9,9080.5,0.1652
1,fraud,0,1,1,0,0,1,24.59,64705.28,0.5147
0,legit,0,0,0,1,0,0,1082.31,6129.99,0.129
1,fraud,1,1,0,0,1,1,4693.5,31406.77,0.7214
0,legit,0,0,0,0,0,0,331.29,9075.85,0.1655
1,fraud,1,1,0,1,1,1,59.86,50167.23,0.8044
0,legit,0,1,0,0,0,0,18656.18,36328.51,0.6809
1,fraud,0,1,0,1,1,1,3.66,165250.63,0.9558
0,legit,0,0,0,1,0,0,34239.8,27470.68,0.3297
1,fraud,1,0,0,0,0,0,966.06,8467.69,0.4233
0,legit,0,0,0,0,0,0,15566.78,28499.45,0.1768
1,fraud,1,0,1,1,1,0,925.3,125406.39,0.9817
0,legit,0,0,0,0,0,0,12013.04,249.02,0.0015
1,fraud,1,0,1,0,1,2,14.13,62913.91,0.7689
0,legit,1,0,0,0,0,0,4292.43,3570.65,0.037
1,fraud,1,1,1,1,1,0,233.76,26993.66,0.1401
0,legit,0,0,0,0,0,0,26461.79,5879.84,0.1172
1,fraud,1,1,1,0,1,1,1410.01,7877.55,0.1425
0,legit,1,0,0,0,0,0,4112.92,93667.19,0.4959
1,fraud,1,1,0,1,1,1,1945.7,128687.79,0.8078
0,legit,1,0,0,0,0,0,22854.08,17214.49,0.4649
1,fraud,1,1,0,0,1,1,673.04,28640.21,0.1793
0,legit,1,0,0,0,0,1,39812.3,32783.73,0.174
1,fraud,1,1,0,1,1,0,1038.24,45887.48,0.2688
0,legit,0,0,0,0,1,0,5727.78,18612.82,0.096
1,fraud,1,1,1,0,1,1,4844.8,113395.46,0.6711
0,legit,1,0,1,0,0,0,739.64,8969.35,0.1646
1,fraud,1,0,1,1,1,1,38.4,80308.05,0.9339
0,legit,0,0,0,1,0,0,1157.83,32306.41,0.1792
1,fraud,1,1,0,0,0,2,52.94,97043.15,0.5103
0,legit,0,1,1,0,0,1,27377.59,4296.72,0.0391
1,fraud,0,0,0,1,1,1,1294.93,46852.61,0.9359
0,legit,0,0,0,0,0,0,648.38,4083.68,0.0314
1,fraud,1,1,0,1,0,0,39.86,71350.24,0.4775
0,legit,0,0,0,0,0,0,92.2,49113.41,0.2673
1,fraud,1,1,1,0,1,1,811.52,17521.1,0.1439
0,legit,1,0,0,0,0,0,37523.0,3032.73,0.1138
1,fraud,1,1,0,0,1,0,21.59,7800.88,0.1051
0,legit,0,0,0,0,0,0,524.33,1579.82,0.0424
1,fraud,1,1,0,0,1,1,961.17,23191.37,0.716
0,legit,0,0,0,0,0,0,1218.77,67385.46,0.3808
1,fraud,1,1,0,0,1,0,8.67,42024.37,0.4525
0,legit,0,0,0,1,0,0,1279.7,20331.82,0.1134
1,fraud,1,1,0,1,0,2,1360.74,80647.46,0.7935
0,legit,0,0,0,0,0,0,240.35,13367.37,0.0797
1,fraud,0,1,1,0,1,0,0.5,9678.37,0.1797
0,legit,0,0,0,0,0,0,23436.89,30473.41,0.1772
1,fraud,1,1,0,0,1,0,2996.56,43322.63,0.2775
0,legit,0,0,0,0,1,0,38089.51,13559.39,0.2301
1,fraud,1,1,1,0,1,1,5085.45,81404.53,0.8034
0,legit,0,1,0,0,0,0,245.92,440.56,0.0051
1,fraud,1,1,0,0,1,0,704.54,20832.19,0.9638
0,legit,0,0,0,0,0,0,32258.5,4100.42,0.1125
1,fraud,0,1,0,1,0,0,51.12,90075.19,0.5172
0,legit,0,0,0,0,0,0,1339.21,27034.1,0.1839
1,fraud,1,1,1,1,1,2,24.41,132783.37,0.7457
0,legit,0,1,0,1,0,0,995.61,45161.62,0.3519
1,fraud,1,1,0,0,1,2,1124.63,173099.42,0.9741
0,legit,1,1,0,0,0,0,1361.3,24209.46,0.1528
1,fraud,1,0,1,0,1,0,42.34,18762.4,0.7893
0,legit,0,0,0,0,0,0,4558.52,42036.18,0.3893
1,fraud,1,0,0,1,0,1,3030.41,62020.15,0.6206
0,legit,0,1,0,0,0,0,7614.1,17398.17,0.4904
1,fraud,1,1,0,1,1,2,3682.11,56051.08,0.7834
0,legit,0,0,0,0,0,0,22161.5,31800.34,0.3323
1,fraud,1,1,1,1,1,1,20.56,31179.04,0.4416
0,legit,0,0,0,0,0,0,31223.82,27499.65,0.3677
1,fraud,1,0,0,0,1,1,21.92,77780.75,0.7696
0,legit,0,0,0,0,0,0,1423.85,18166.53,0.1604
1,fraud,1,1,0,1,1,1,4892.2,52709.21,0.9247
0,legit,0,0,0,0,0,0,915.12,5446.92,0.139
1,fraud,1,1,1,1,1,3,16.53,44147.6,0.6736
0,legit,0,0,0,0,0,0,13343.27,21027.36,0.1864
1,fraud,1,0,0,0,1,2,75.28,14698.33,0.1629
0,legit,0,0,0,0,0,0,1181.31,8421.68,0.0831
1,fraud,1,1,1,1,1,0,1882.02,19617.5,0.1824
0,legit,0,0,0,0,0,0,7549.19,21139.35,0.1233
1,fraud,1,1,1,0,1,0,5755.18,175078.79,0.9772
0,legit,0,0,0,1,1,0,1291.26,25914.13,0.6022
1,fraud,1,1,1,1,1,2,20.96,117557.81,0.9492
0,legit,0,0,0,0,0,0,410.1,44660.12,0.6635
1,fraud,1,0,0,1,1,0,1878.09,109115.57,0.6736
0,legit,0,1,0,0,0,0,26861.22,12221.91,0.1083
1,fraud,1,1,1,0,1,0,45.1,107637.38,0.936
0,legit,0,0,0,0,0,0,326.62,18894.48,0.1825
1,fraud,1,0,0,0,0,0,4915.14,94709.8,0.4761
0,legit,1,0,0,0,0,0,32895.03,6885.16,0.1
1,fraud,1,1,0,1,1,3,3832.96,141346.24,0.7441
0,legit,0,0,0,0,0,0,100.3,2986.36,0.1026
1,fraud,1,1,0,0,1,0,3287.95,9177.18,0.1528
0,legit,0,0,0,0,0,0,130.61,22739.82,0.6618
1,fraud,1,1,0,0,0,1,46.12,121624.49,0.6965
0,legit,0,0,0,1,0,0,25761.54,3909.33,0.1898
1,fraud,1,0,1,1,0,0,52.76,34168.29,0.5524
0,legit,0,0,0,0,0,0,1280.65,35221.47,0.2201
1,fraud,1,1,1,1,1,0,561.47,42979.8,0.2808
0,legit,0,0,0,0,0,2,19387.03,62955.63,0.3688
1,fraud,1,0,0,0,1,0,32.01,113103.18,0.6653
0,legit,0,0,0,0,0,0,2781.82,19762.95,0.1734
1,fraud,1,1,1,0,1,1,0.21,146652.55,0.9592
0,legit,0,0,0,0,0,0,1042.12,94950.45,0.6825
1,fraud,1,0,1,0,1,0,10.99,112136.82,0.6636
0,legit,0,0,0,0,1,0,9147.95,6113.71,0.1038
1,fraud,1,1,1,1,1,2,50.09,70569.66,0.6151
0,legit,0,0,0,0,0,0,1333.53,11870.3,0.1857
1,fraud,1,1,0,0,1,2,9.3,13273.63,0.2697
0,legit,1,0,0,1,1,0,24701.55,17698.82,0.6928
1,fraud,1,1,0,0,1,0,38.41,92906.24,0.8844
0,legit,0,0,0,0,0,0,20143.27,31948.21,0.1601
1,fraud,1,0,0,1,1,0,1012.01,48900.4,0.4232
0,legit,0,0,0,0,0,0,41816.25,2198.56,0.0374
1,fraud,1,1,0,1,0,0,439.84,59561.15,0.6206
0,legit,0,0,0,0,0,0,33713.63,14911.05,0.1154
1,fraud,1,1,1,1,1,1,51.38,60475.43,0.7961
0,legit,0,1,0,0,0,0,1217.87,11546.75,0.1346
1,fraud,1,1,0,1,1,0,23.17,78932.84,0.7715
0,legit,0,1,0,0,0,0,24918.1,62573.42,0.592
1,fraud,1,0,1,0,1,1,147.76,74186.33,0.4985
0,legit,0,0,0,0,0,0,42549.31,11276.43,0.0695
1,fraud,1,0,0,0,1,3,112.91,31243.3,0.9012
0,legit,0,0,0,0,0,0,33767.76,125024.6,0.6759
1,fraud,1,0,1,0,0,1,16.05,115321.35,0.6431
0,legit,0,0,0,0,0,0,619.66,4494.54,0.0576
1,fraud,1,0,0,1,1,1,816.48,75940.47,0.5643
0,legit,0,0,0,0,0,0,38020.0,10017.47,0.0717
1,fraud,0,0,1,1,0,0,57.27,15562.32,0.145
0,legit,0,0,0,0,0,1,42945.01,5912.53,0.0401
1,fraud,1,1,0,0,1,0,50.88,98664.67,0.759
0,legit,0,0,0,0,0,0,1290.57,14121.23,0.2375
1,fraud,1,1,1,0,1,0,827.04,38746.55,0.9315
0,legit,0,0,1,0,0,0,8359.54,31.56,0.0009
1,fraud,1,1,0,0,1,0,34.61,63289.97,0.658
0,legit,1,0,0,0,0,0,536.91,20876.01,0.1601
1,fraud,1,1,1,1,0,2,677.61,3438.08,0.0974
0,legit,0,0,0,0,0,0,507.39,82510.19,0.5998
1,fraud,0,0,0,0,1,3,1618.17,112309.31,0.8894
0,legit,1,0,0,0,0,0,37203.41,837.73,0.0186
1,fraud,0,0,0,1,1,1,413.19,9141.64,0.2102
0,legit,1,0,0,0,0,1,41355.11,658.73,0.0044
1,fraud,1,1,1,0,1,1,84.66,86143.12,0.9801
0,legit,0,0,0,0,0,0,30435.5,12033.63,0.0772
1,fraud,1,1,0,1,0,1,3.15,11589.18,0.0727
0,legit,0,0,0,0,0,0,17645.52,7088.18,0.2176
1,fraud,1,1,0,0,0,0,1021.76,100813.89,0.6345
0,legit,0,0,0,0,0,0,998.72,18384.14,0.3818
1,fraud,1,1,0,1,1,0,1037.37,103168.11,0.9086
0,legit,0,0,0,0,0,0,650.18,21919.67,0.1197
1,fraud,1,1,0,0,0,1,5130.97,100568.05,0.5273
0,legit,0,0,0,0,1,0,24462.99,19841.99,0.1756
1,fraud,1,1,1,0,1,0,927.47,16770.51,0.4825
0,legit,0,0,0,0,0,0,30503.03,24139.54,0.2273
1,fraud,1,1,0,0,0,1,1.15,26826.27,0.4709
0,legit,0,0,0,0,0,0,1228.1,3255.63,0.0181
1,fraud,1,1,1,1,0,1,11.92,28232.05,0.274
0,legit,1,1,0,0,0,0,5444.17,19132.59,0.2883
1,fraud,1,0,1,0,1,0,17.86,41586.81,0.7433
0,legit,0,0,0,0,0,0,590.45,7709.91,0.0727
1,fraud,1,1,0,0,1,0,558.16,60442.47,0.821
0,legit,0,1,1,0,0,0,423.22,703.31,0.0133
1,fraud,1,0,0,0,0,0,1388.58,126503.21,0.944
0,legit,0,0,0,0,0,0,1319.28,17820.2,0.3084
1,fraud,1,0,0,0,1,0,399.08,1698.66,0.0651
0,legit,0,0,0,0,0,0,821.91,58877.66,0.6012
1,fraud,1,1,0,1,1,0,656.54,121388.48,0.6299
0,legit,0,0,0,0,0,0,1183.74,25398.54,0.1964
1,fraud,1,0,1,0,0,0,423.92,26797.66,0.43
0,legit,1,0,0,1,1,0,40206.33,16221.51,0.154
1,fraud,0,1,0,0,0,1,2882.39,96213.01,0.6921
0,legit,0,0,0,0,0,0,65.45,380.28,0.0048
1,fraud,1,1,0,1,0,2,2968.18,25612.96,0.514
0,legit,0,0,0,0,0,0,440.81,30871.33,0.2129
1,fraud,0,0,1,1,0,2,57.73,17602.55,0.1011
0,legit,0,0,0,0,0,0,26530.52,45254.4,0.6746
1,fraud,1,1,1,0,0,3,20.12,72385.7,0.8007
0,legit,0,0,0,0,0,0,1237.57,29840.44,0.263
1,fraud,0,1,1,1,0,1,12.05,75159.48,0.5399
0,legit,0,1,1,0,0,0,8447.45,56056.38,0.3726
1,fraud,1,1,0,1,1,1,11.98,38093.83,0.4701
0,legit,0,0,0,0,0,0,320.73,27977.98,0.6371
1,fraud,1,1,0,0,1,2,1226.09,14386.58,0.2633
0,legit,0,0,0,0,0,0,852.38,38802.39,0.304
1,fraud,1,1,0,1,1,0,1114.0,80138.54,0.606
0,legit,0,0,0,1,0,0,26134.78,61213.07,0.3325
1,fraud,1,1,0,1,1,1,15.54,82184.37,0.4332
0,legit,1,0,0,0,1,0,26409.35,92457.91,0.4668
1,fraud,1,1,1,0,1,0,51.83,98781.85,0.8259
0,legit,0,0,0,1,0,0,1071.3,13315.99,0.2531
1,fraud,1,1,0,0,1,1,52.51,116765.23,0.6054
0,legit,0,0,0,0,0,0,652.55,39823.04,0.4814
1,fraud,1,1,0,0,1,1,27.92,52298.12,0.8863
0,legit,1,1,0,0,0,0,6516.35,4913.89,0.0313
1,fraud,1,1,0,0,0,1,37.24,94776.72,0.6812
0,legit,0,0,0,0,1,0,1137.78,39501.26,0.3987
1,fraud,1,1,1,1,1,0,14.03,61374.12,0.4975
0,legit,1,0,0,0,0,1,481.02,10360.09,0.0599
1,fraud,1,1,0,1,1,0,433.01,9326.52,0.0966
0,legit,1,0,0,1,0,0,34416.3,8479.68,0.1133
1,fraud,0,0,1,0,1,0,33.92,68682.3,0.8287
0,legit,0,0,0,0,0,0,160.64,34681.8,0.1917
1,fraud,1,0,1,0,1,1,1436.92,39449.3,0.5193
0,legit,0,0,0,0,1,0,1303.61,154.06,0.0014
1,fraud,1,0,1,0,1,0,167.87,9726.0,0.0734
0,legit,0,1,0,0,0,0,2654.57,5146.0,0.0656
1,fraud,1,0,0,0,0,2,20.84,44115.16,0.7697
0,legit,0,0,0,0,0,0,5346.23,2637.82,0.0152
1,fraud,1,1,0,0,1,0,26.79,29591.49,0.6177
0,legit,0,0,0,0,1,0,39637.88,1249.57,0.0338
1,fraud,1,0,0,1,1,0,53.88,9915.83,0.2986
0,legit,0,0,0,0,0,0,29150.5,354.05,0.0149
1,fraud,1,1,1,1,1,0,7.7,59370.1,0.7923
0,legit,0,0,0,0,0,0,24210.32,68419.3,0.3449
1,fraud,0,0,0,0,1,0,1889.24,40052.05,0.2713
0,legit,0,0,0,0,0,0,728.92,16772.37,0.1503
1,fraud,1,0,1,1,1,0,781.57,12272.76,0.6034
0,legit,0,0,1,1,0,0,22.04,4349.15,0.0344
1,fraud,1,1,0,0,1,0,50.67,93742.18,0.7154
0,legit,1,0,0,1,0,0,434.14,76024.72,0.4333
1,fraud,1,0,0,1,0,0,49.95,123135.7,0.6342
0,legit,0,0,0,0,1,0,8409.81,2163.01,0.0537
1,fraud,1,0,1,0,1,0,1163.35,7443.85,0.1924
0,legit,0,0,0,0,0,0,1433.68,7959.98,0.051
1,fraud,1,1,1,0,1,1,5134.77,41970.8,0.2483
0,legit,0,0,0,0,0,0,14753.11,44952.46,0.3062
1,fraud,1,0,1,0,0,1,44.15,159515.97,0.8262
0,legit,0,0,0,0,0,1,11754.09,14371.4,0.3251
1,fraud,1,1,0,0,0,0,4.95,70286.59,0.7563
0,legit,0,0,0,0,0,1,27212.25,15828.13,0.1696
1,fraud,1,1,0,1,1,1,979.45,96021.97,0.4825
0,legit,1,0,0,0,0,0,1146.5,16767.27,0.1129
1,fraud,1,1,0,0,1,0,51.64,52285.74,0.8661
0,legit,0,0,0,0,1,0,38665.49,61927.77,0.5329
1,fraud,1,1,1,0,1,2,1754.21,149638.96,0.8088
0,legit,0,0,0,0,0,0,365.84,21737.54,0.5799
1,fraud,1,1,0,1,1,0,387.07,60272.23,0.79
0,legit,1,0,0,0,1,1,144.28,460.37,0.0054
1,fraud,1,1,0,1,1,0,51.0,57061.47,0.5362
0,legit,0,0,0,1,1,2,79.34,215.98,0.0014
1,fraud,0,1,0,1,1,1,294.92,26570.13,0.5954
0,legit,0,0,0,0,0,0,23822.3,9381.14,0.0718
1,fraud,1,1,1,1,1,0,3827.06,17439.58,0.5109
0,legit,0,0,0,0,0,0,36878.87,3440.59,0.0189
1,fraud,1,1,1,1,1,0,1450.51,44529.4,0.9919
0,legit,0,0,0,0,0,0,16663.23,5404.91,0.1314
1,fraud,1,1,1,0,0,1,1220.7,174376.04,0.9426
0,legit,0,0,0,1,0,0,623.97,12444.13,0.0628
1,fraud,1,1,0,0,1,1,2161.84,108369.92,0.8845
0,legit,0,0,0,0,0,0,24401.59,327.76,0.016
1,fraud,0,0,0,0,0,2,680.01,113776.55,0.6836
0,legit,0,0,0,0,1,0,256.89,7576.31,0.0497
1,fraud,1,1,0,1,0,3,3193.56,87293.8,0.8174
0,legit,0,0,0,0,0,0,505.49,18069.35,0.1286
1,fraud,1,0,1,0,0,0,435.02,118446.9,0.6967
0,legit,0,0,0,0,0,0,40863.78,28115.23,0.1843
1,fraud,1,1,0,1,1,2,22.63,86568.99,0.6453
0,legit,0,0,0,1,0,0,12472.87,5516.44,0.0432
1,fraud,1,1,0,0,1,2,2541.13,84677.42,0.6145
0,legit,0,0,0,1,0,0,32012.38,6991.49,0.0487
1,fraud,0,0,1,1,1,1,36.72,5595.76,0.2612
0,legit,0,0,0,0,0,0,1196.71,3584.49,0.0582
1,fraud,1,1,0,0,1,2,841.11,59762.86,0.522
0,legit,1,0,0,0,0,0,32110.79,9212.5,0.157
1,fraud,1,0,1,1,1,0,2098.89,2852.44,0.1249
0,legit,1,1,0,0,0,0,33564.35,17607.6,0.0962
1,fraud,1,1,1,1,1,0,1559.44,97087.81,0.7559
0,legit,0,0,0,0,0,0,889.85,21996.35,0.1977
1,fraud,1,1,0,0,1,0,1158.61,126431.82,0.7882
0,legit,0,0,0,0,0,0,231.47,2621.14,0.0818
1,fraud,1,1,0,1,1,0,3619.19,22372.1,0.6193
0,legit,0,0,0,0,0,0,30637.46,1120.6,0.0211
1,fraud,1,0,0,0,0,3,2.03,128096.42,0.8606
0,legit,1,0,0,0,0,0,22537.21,20676.91,0.116
1,fraud,1,1,1,0,1,2,361.05,38560.42,0.5353
0,legit,1,0,0,0,0,0,13702.12,22834.59,0.1265
1,fraud,1,1,1,1,1,2,4067.34,14612.59,0.6405
0,legit,0,0,0,1,0,0,1119.84,72426.79,0.5572
1,fraud,1,1,0,1,1,0,577.01,118970.09,0.6014
0,legit,0,0,0,0,1,0,1255.24,2035.74,0.0145
1,fraud,1,1,0,1,0,1,38.6,15590.1,0.0894
0,legit,0,0,0,0,0,0,1139.77,25157.57,0.2321
1,fraud,0,1,0,1,1,0,10.26,105484.53,0.9015
0,legit,0,0,0,0,0,0,1235.84,7901.79,0.1206
1,fraud,1,1,0,0,1,0,4810.64,87224.89,0.6046
0,legit,0,1,0,1,0,0,18973.57,1801.96,0.033
1,fraud,1,1,0,0,0,0,58.49,94268.35,0.8663
0,legit,0,1,0,0,0,0,26247.12,668.9,0.0176
1,fraud,1,0,1,0,1,0,56.44,14619.18,0.6043
0,legit,0,0,0,0,0,0,493.37,14125.7,0.336
1,fraud,1,1,0,1,1,0,12.7,40480.49,0.9826
0,legit,0,0,0,1,0,0,32648.99,16934.12,0.5616
1,fraud,1,0,0,0,1,1,1086.44,8308.3,0.1127
0,legit,0,0,0,1,0,0,5671.7,120535.83,0.6027
1,fraud,1,1,1,0,1,0,4463.96,26105.97,0.1802
0,legit,0,0,0,1,0,0,10692.9,3239.65,0.1328
1,fraud,0,1,1,0,0,2,4929.11,100392.79,0.6265
0,legit,0,0,0,0,0,0,21005.24,51383.05,0.4124
1,fraud,0,0,1,1,0,2,35.12,35219.25,0.5041
0,legit,0,0,0,0,0,0,1300.49,38699.85,0.2385
1,fraud,1,1,0,1,1,2,3446.35,17666.7,0.165
0,legit,0,0,0,0,0,0,22423.97,31453.09,0.2401
1,fraud,1,1,1,1,0,1,1717.29,76707.84,0.881
0,legit,0,0,0,0,0,1,1714.33,5520.06,0.0422
1,fraud,1,1,1,1,1,2,34.55,14698.42,0.6996
0,legit,1,0,0,0,0,0,22167.42,1156.63,0.0289
1,fraud,1,1,0,1,1,2,47.34,12832.23,0.2465
0,legit,0,0,0,0,0,0,1937.98,14746.6,0.1197
1,fraud,1,0,0,0,1,3,5539.8,85308.9,0.533
0,legit,0,1,0,0,0,0,32068.53,1231.14,0.0162
1,fraud,1,1,1,1,1,1,2219.66,35128.99,0.4451
0,legit,0,0,0,0,0,1,6119.31,8446.48,0.0772
1,fraud,1,0,0,0,0,1,19.62,24551.65,0.2904
0,legit,0,1,0,0,0,0,12492.22,3235.52,0.1126
1,fraud,1,0,1,0,1,1,50.71,21363.59,0.9771
0,legit,1,0,0,0,1,0,184.51,91622.44,0.5308
1,fraud,1,1,0,0,0,0,353.32,30830.4,0.514
0,legit,0,0,0,0,0,0,68.2,17064.64,0.1435
1,fraud,1,0,0,0,0,1,2406.25,102308.77,0.6171
0,legit,0,0,0,0,0,0,24789.12,91681.59,0.6829
1,fraud,1,1,0,1,0,2,52.74,10679.52,0.1576
0,legit,0,0,0,1,0,1,979.87,18119.89,0.4376
1,fraud,1,1,0,1,1,0,406.01,180586.09,0.9712
0,legit,0,0,0,0,0,0,22227.68,5013.64,0.0279
1,fraud,1,1,0,0,0,1,958.58,58225.36,0.443
0,legit,0,0,0,0,0,0,38774.42,3729.77,0.0418
1,fraud,1,1,0,1,1,0,3262.04,86061.22,0.869
0,legit,1,0,0,0,1,0,170.39,14485.26,0.6452
1,fraud,1,1,0,0,1,0,4757.44,20336.16,0.202
0,legit,0,0,0,0,0,0,872.39,2578.89,0.0364
1,fraud,1,1,1,1,0,2,848.45,30746.37,0.6903
0,legit,0,0,0,0,0,0,1181.33,2517.42,0.0428
1,fraud,1,1,0,1,1,3,515.08,10754.54,0.2856
0,legit,0,0,0,1,0,0,26623.86,4810.05,0.0634
1,fraud,1,0,0,1,1,2,102.26,35298.85,0.8561
0,legit,1,0,0,0,0,0,1102.74,39008.24,0.2031
1,fraud,1,0,1,1,1,1,8.06,7606.64,0.0628
0,legit,0,0,0,0,0,0,21592.79,11762.63,0.0924
1,fraud,0,1,0,1,0,1,13.99,120780.7,0.8724
0,legit,0,0,0,0,0,0,4671.91,4389.86,0.1314
1,fraud,1,1,0,1,0,3,1077.36,104376.21,0.976
0,legit,0,0,0,1,0,1,26978.24,17148.32,0.1006
1,fraud,1,1,0,1,0,0,3976.0,157218.57,0.8349
0,legit,0,0,0,0,0,0,4257.42,283.58,0.011
1,fraud,1,1,0,1,1,2,187.81,25376.51,0.762
0,legit,0,0,0,0,0,0,4994.63,2959.21,0.0716
1,fraud,1,0,0,0,1,1,974.04,4913.3,0.1372
0,legit,0,0,0,0,0,0,837.2,59074.18,0.36
1,fraud,1,1,0,0,1,2,573.39,19097.09,0.134
0,legit,0,0,0,0,0,0,37679.97,12172.79,0.0898
1,fraud,1,1,0,1,1,2,4505.96,62100.56,0.9768
0,legit,0,0,0,0,0,0,3233.5,12901.56,0.0845
1,fraud,1,1,1,0,1,1,911.99,120957.08,0.875
0,legit,0,0,0,0,0,0,11.22,49115.13,0.57
1,fraud,1,1,1,0,1,1,881.73,60803.79,0.8762
0,legit,0,0,0,0,0,0,36085.03,5194.82,0.0271
1,fraud,1,1,0,0,0,1,35.94,53574.09,0.6226
0,legit,0,0,0,0,0,0,36639.15,98508.7,0.4976
1,fraud,0,1,1,1,0,2,39.74,49986.52,0.6677
0,legit,0,0,0,0,0,0,13941.89,160.06,0.0072
1,fraud,1,0,0,1,0,0,709.28,43960.1,0.977
0,legit,0,0,0,0,0,0,34801.83,691.69,0.0035
1,fraud,1,1,0,0,1,1,36.99,73801.14,0.7819
0,legit,1,1,0,0,0,0,3130.05,10711.77,0.0656
1,fraud,1,1,0,0,1,1,5116.26,129883.89,0.7178
0,legit,0,0,0,0,0,1,39676.09,13255.8,0.074
1,fraud,1,1,1,1,1,1,213.6,113073.86,0.6377
0,legit,0,0,0,0,0,0,6176.94,20294.06,0.1047
1,fraud,1,1,1,0,1,0,1341.66,51466.96,0.7656
0,legit,0,0,0,0,0,0,22376.12,4778.1,0.1908
1,fraud,1,1,1,1,1,1,4749.14,8713.13,0.096
0,legit,0,0,0,0,0,0,226.11,642.19,0.0153
1,fraud,1,1,1,1,1,1,52.4,113343.33,0.8611
0,legit,0,0,0,0,0,0,312.73,9611.9,0.0961
1,fraud,1,1,1,0,0,2,1522.36,29103.8,0.1632
0,legit,0,0,0,0,1,0,8.02,669.22,0.0109
1,fraud,1,1,0,0,0,2,14.44,20967.99,0.1187
0,legit,0,0,0,0,1,0,1539.08,107.84,0.001
1,fraud,1,1,1,1,0,1,918.44,48063.86,0.6142
0,legit,0,0,0,0,0,1,807.74,17435.31,0.1577
1,fraud,1,1,1,1,1,3,59.08,57492.34,0.4872
0,legit,0,0,0,0,0,0,28982.27,10992.03,0.0551
1,fraud,0,0,0,0,1,1,37.17,121604.04,0.7211
0,legit,0,0,0,0,1,0,1707.8,7685.89,0.0725
1,fraud,1,1,0,1,0,0,3678.02,179816.01,0.9238
0,legit,0,0,0,0,0,0,693.53,3516.99,0.0301
1,fraud,1,1,0,0,1,0,804.96,48583.97,0.2668
0,legit,0,0,0,1,0,0,37503.82,10491.44,0.0587
1,fraud,0,1,1,1,0,2,1203.57,71777.55,0.5006
0,legit,0,0,1,0,0,0,11337.61,9578.17,0.1765
1,fraud,1,1,0,0,1,0,25.52,33305.25,0.6998
0,legit,0,0,0,1,0,0,1059.17,16653.38,0.1266
1,fraud,1,1,1,0,1,0,5707.45,64586.17,0.5752
0,legit,0,0,0,0,0,0,503.73,8225.09,0.3948
1,fraud,1,1,0,1,0,3,22.14,20950.91,0.1408
0,legit,0,0,0,0,0,0,415.65,58950.23,0.49
1,fraud,1,1,1,1,1,1,175.99,6036.5,0.0781
0,legit,0,0,0,0,0,0,34859.35,10991.94,0.1811
1,fraud,1,0,0,1,0,2,7.75,63765.99,0.7692
0,legit,1,0,0,0,0,0,39574.43,20818.67,0.2491
1,fraud,1,0,0,1,0,1,3969.67,124275.84,0.7638
0,legit,0,0,0,1,0,0,23154.76,81103.37,0.4303
1,fraud,1,1,1,0,1,1,8.64,13657.75,0.1547
0,legit,0,0,0,0,0,0,9418.07,4838.21,0.1088
1,fraud,1,1,0,1,0,1,4739.21,159221.56,0.8866
0,legit,0,0,0,0,0,0,1187.65,6444.81,0.1153
1,fraud,1,1,0,0,0,3,1798.53,73754.47,0.8067
0,legit,0,1,0,0,0,0,18998.6,12891.47,0.0667
1,fraud,1,1,0,1,1,0,2628.92,185393.37,0.9292
0,legit,0,1,0,0,0,0,41060.09,14194.45,0.1192
1,fraud,1,1,1,0,1,1,5358.25,152762.75,0.9438
0,legit,0,0,0,1,0,0,17712.9,115449.37,0.6966
1,fraud,1,1,0,1,1,0,7.62,62366.0,0.4232
0,legit,0,1,0,0,0,0,6065.94,29891.39,0.1662
1,fraud,1,1,0,0,1,0,262.49,109705.94,0.9329
0,legit,0,0,0,0,0,0,15674.07,4352.41,0.0934
1,fraud,1,1,0,0,1,3,10.79,70160.62,0.5661
0,legit,0,0,0,0,0,0,25660.19,9138.6,0.1174
1,fraud,1,1,0,0,1,0,1009.08,61982.11,0.4973
0,legit,0,0,0,0,0,0,1272.07,34552.97,0.2323
1,fraud,1,1,1,0,1,2,14.6,122461.83,0.7167
0,legit,0,0,0,0,0,0,41501.07,18026.89,0.1059
1,fraud,1,0,0,0,0,2,4606.87,33227.65,0.6342
0,legit,0,0,0,0,0,0,63.91,5839.13,0.1342
1,fraud,1,1,1,1,0,1,27.02,31377.17,0.2358
0,legit,0,0,0,1,0,0,32274.49,8165.41,0.0678
1,fraud,1,1,1,1,0,1,5551.72,94435.49,0.9361
0,legit,1,0,0,0,0,0,24616.8,687.67,0.0056
1,fraud,1,1,1,0,0,0,58.09,13375.41,0.2898
0,legit,0,0,0,0,0,0,42296.16,5862.82,0.0425
1,fraud,1,1,1,1,0,0,4070.82,78935.0,0.7299
0,legit,0,0,0,0,1,0,40662.88,12544.76,0.1968
1,fraud,1,1,0,0,0,0,21.12,5296.8,0.0589
0,legit,0,0,0,0,0,0,23280.95,27277.9,0.2078
1,fraud,1,0,0,1,1,1,66.77,21813.91,0.204
0,legit,0,0,0,0,0,0,31987.81,38657.21,0.3707
1,fraud,1,1,1,1,1,0,845.32,33181.79,0.5705
0,legit,1,0,0,1,0,0,40672.59,28408.23,0.6367
1,fraud,1,1,1,0,0,1,11.66,21218.58,0.7051
0,legit,0,0,0,0,0,0,447.01,19539.83,0.1045
1,fraud,1,1,1,1,0,0,50.87,10439.31,0.0843
0,legit,0,0,0,0,0,0,17183.45,8877.76,0.0746
1,fraud,0,1,0,1,1,0,1060.37,40329.79,0.4366
0,legit,0,0,0,0,0,0,22747.35,104394.39,0.6883
1,fraud,1,1,0,1,1,1,1987.79,48852.76,0.6417
0,legit,0,0,0,0,0,0,837.04,34200.32,0.4456
1,fraud,1,1,0,1,1,1,961.65,33565.95,0.4055
0,legit,0,0,0,1,0,0,4539.49,42333.13,0.4268
1,fraud,1,1,1,1,1,1,58.67,143575.02,0.9988
0,legit,0,0,0,0,1,0,25848.15,50685.07,0.2712
1,fraud,1,0,0,0,0,0,1438.09,36594.5,0.2342
0,legit,0,0,0,1,0,0,1147.97,3192.66,0.0189
1,fraud,1,1,0,0,1,2,1338.89,138416.76,0.8699
0,legit,0,0,0,0,0,0,33674.53,14837.29,0.0792
1,fraud,1,0,1,0,0,1,38.14,13191.82,0.442
0,legit,0,0,0,0,0,0,18401.65,5945.95,0.0463
1,fraud,1,0,1,1,1,0,47.82,136656.33,0.9109
0,legit,1,0,0,0,0,0,34313.27,80362.49,0.5566
1,fraud,1,1,0,1,1,1,547.35,101524.59,0.6664
0,legit,0,0,0,0,0,0,925.08,93402.2,0.5807
1,fraud,1,1,0,1,1,1,4.88,120943.68,0.9323
0,legit,0,0,0,0,1,0,20441.81,19989.59,0.383
1,fraud,1,1,0,0,1,0,35.4,33247.59,0.259
0,legit,1,0,0,0,0,0,508.71,1356.69,0.0606
1,fraud,1,0,1,1,1,1,42.17,44204.49,0.4672
0,legit,0,0,0,0,0,2,18.02,7117.68,0.0673
1,fraud,1,0,0,0,1,0,11.07,21358.87,0.131
0,legit,0,0,0,0,0,0,447.65,378.38,0.0109
1,fraud,0,0,0,0,1,1,17.6,20492.86,0.2021
0,legit,0,0,0,0,0,0,37369.95,7367.79,0.3661
1,fraud,1,0,1,1,1,0,2.83,105650.76,0.9023
0,legit,0,0,0,0,0,0,244.34,2826.22,0.027
1,fraud,1,1,0,1,1,0,945.18,33387.4,0.6202
0,legit,0,0,0,0,0,0,630.36,4298.52,0.1085
1,fraud,1,1,1,1,1,1,1006.91,44582.86,0.6918
0,legit,0,0,0,0,0,0,1048.61,3088.39,0.0451
1,fraud,1,1,0,0,0,1,3322.52,140458.28,0.9529
0,legit,0,0,0,0,1,0,38363.6,3962.22,0.0243
1,fraud,1,1,1,0,1,0,85.73,116788.6,0.7806
0,legit,0,0,0,0,0,0,11173.41,2480.13,0.1027
1,fraud,1,1,0,1,1,1,8.41,13441.69,0.0803
0,legit,0,0,0,0,0,0,525.43,865.74,0.0243
1,fraud,1,1,0,1,1,2,10.85,24586.77,0.281
0,legit,0,0,0,0,0,0,22.53,11367.08,0.0584
1,fraud,1,1,0,1,0,1,568.92,37262.84,0.2139
0,legit,0,0,0,0,1,0,22664.78,43214.88,0.2944
1,fraud,1,1,0,1,1,1,3580.38,27194.78,0.2813
0,legit,0,0,0,0,0,2,12884.6,105128.14,0.5867
1,fraud,1,1,0,1,1,0,283.49,72184.72,0.6464
0,legit,0,0,0,0,0,0,40450.56,17299.99,0.5806
1,fraud,1,0,1,0,0,0,52.1,7935.69,0.1288
0,legit,0,0,0,0,0,0,6907.64,4164.99,0.0579
1,fraud,1,0,1,0,1,1,32.26,105045.08,0.6158
0,legit,0,0,0,0,0,0,1209.3,33904.59,0.2661
1,fraud,1,1,0,1,1,1,44.51,91460.96,0.6869
0,legit,0,0,0,0,0,0,483.33,3462.9,0.0559
1,fraud,1,0,0,0,1,1,40.21,59665.33,0.4676
0,legit,0,1,0,0,0,0,956.31,20678.54,0.1417
1,fraud,1,1,1,1,0,1,30.93,31897.71,0.2484
0,legit,0,0,0,0,1,0,11517.03,706.84,0.0317
1,fraud,1,1,0,0,1,2,27.26,105539.16,0.5877
0,legit,0,0,0,0,0,0,36681.14,142.46,0.001
1,fraud,1,1,0,0,1,0,31.81,77736.69,0.4678
0,legit,0,0,0,0,1,0,784.06,2129.57,0.072
1,fraud,1,1,1,0,1,2,1106.58,146819.38,0.7497
0,legit,0,1,0,1,0,0,851.45,16748.93,0.0973
1,fraud,1,1,1,1,1,1,1329.68,43302.13,0.2756
0,legit,0,0,0,0,0,0,38019.1,29479.99,0.3287
1,fraud,1,0,1,0,1,2,1180.36,83601.52,0.7172
0,legit,0,0,0,0,0,0,883.83,73000.86,0.4846
1,fraud,0,1,1,0,1,3,0.74,62543.46,0.4533
0,legit,1,0,0,0,0,1,1326.11,219.42,0.0024
1,fraud,1,1,0,1,1,0,58.43,27613.97,0.5537
0,legit,0,0,0,0,0,0,39243.91,2483.58,0.0148
1,fraud,1,0,0,0,1,0,3827.53,75282.64,0.5271
0,legit,0,0,0,0,0,0,420.56,51408.67,0.2699
1,fraud,1,1,1,0,0,0,49.75,90762.11,0.6874
0,legit,0,0,0,0,0,0,16272.57,2069.33,0.0144
1,fraud,1,0,0,0,1,1,4718.61,8006.21,0.2596
0,legit,0,0,0,0,0,0,9108.56,32508.38,0.1862
1,fraud,1,0,0,1,1,0,15.63,54991.2,0.48
0,legit,0,0,0,0,0,0,32753.12,5753.64,0.0999
1,fraud,1,1,1,0,0,0,2939.03,76466.19,0.518
0,legit,0,0,0,0,0,0,12.76,6484.34,0.1423
1,fraud,0,1,1,1,1,1,217.63,155348.31,0.9898
0,legit,0,0,0,0,1,0,25234.49,9574.5,0.0767
1,fraud,1,0,1,1,0,0,18.67,102859.85,0.856
0,legit,0,0,0,0,0,0,6.05,1663.84,0.0434
1,fraud,1,0,0,1,0,1,17.87,84059.84,0.8272
0,legit,0,1,0,1,0,0,20405.68,10693.7,0.2098
1,fraud,1,1,0,1,1,1,389.07,79961.48,0.7297
0,legit,0,0,0,1,0,0,10029.78,18467.86,0.1141
1,fraud,1,0,0,1,0,2,33.89,30192.49,0.2183
0,legit,0,0,0,1,0,0,1138.05,13370.84,0.2598
1,fraud,1,1,1,1,0,0,65.08,21341.29,0.6222
0,legit,0,1,0,0,0,0,33477.29,6846.88,0.0571
1,fraud,1,1,1,1,1,0,2.09,25871.1,0.1564
0,legit,0,0,0,0,0,0,17532.84,6941.5,0.3379
1,fraud,1,0,1,0,1,0,13.67,24572.54,0.9108
0,legit,1,0,0,0,0,0,766.7,1647.5,0.0096
1,fraud,1,1,0,0,1,0,171.87,17794.64,0.095
0,legit,0,0,0,0,0,0,13460.94,5759.18,0.0927
1,fraud,0,1,0,1,0,1,1172.75,107796.75,0.9399
0,legit,1,1,0,0,0,0,672.54,3200.35,0.085
1,fraud,1,0,0,0,1,0,998.77,113255.56,0.8881
0,legit,0,0,0,0,0,0,1378.79,37192.65,0.6678
1,fraud,1,0,1,0,1,1,1593.96,69923.85,0.4475
0,legit,0,0,0,0,1,0,1285.65,137.27,0.0016
1,fraud,1,0,1,1,1,1,3776.4,109295.39,0.5718
0,legit,0,1,0,0,0,0,11708.92,13839.08,0.1594
1,fraud,1,0,1,1,1,0,845.36,64200.05,0.9636
0,legit,1,0,0,0,1,0,29575.48,9196.85,0.4346
1,fraud,0,0,0,0,1,2,49.04,84763.24,0.6963
0,legit,0,0,0,0,0,0,1194.26,83074.62,0.4744
1,fraud,0,1,1,1,1,0,58.76,16019.4,0.2526
0,legit,0,0,0,1,0,0,20099.38,43252.77,0.4059
1,fraud,0,1,0,1,0,1,55.42,3890.08,0.0534
0,legit,0,0,0,0,0,0,22068.77,7651.64,0.0905
1,fraud,1,1,1,0,0,2,3709.98,124888.8,0.652
0,legit,0,0,0,0,0,0,724.83,58534.72,0.3387
1,fraud,0,1,0,0,0,2,527.27,78444.58,0.6188
0,legit,0,0,0,0,0,0,1139.95,2858.51,0.0341
1,fraud,0,1,0,0,1,1,166.07,113434.3,0.6874
0,legit,0,0,0,0,0,0,323.7,5251.61,0.0849
1,fraud,1,1,0,1,1,0,1914.01,10682.5,0.0694
0,legit,0,0,0,0,0,0,29399.49,61262.16,0.5155
1,fraud,1,1,1,1,1,1,1218.37,130116.11,0.7954
0,legit,0,0,0,1,0,1,6783.79,2656.13,0.074
1,fraud,1,0,1,0,0,0,1163.61,17099.78,0.7133
0,legit,0,0,0,0,0,0,42048.83,9279.28,0.0553
1,fraud,1,1,0,0,0,1,5309.46,20526.63,0.8799
0,legit,0,0,0,0,0,1,3752.15,22690.47,0.1634
1,fraud,1,1,0,0,1,0,8.84,11392.64,0.2579
0,legit,0,0,0,0,0,0,444.63,14527.76,0.0796
1,fraud,1,1,1,0,1,0,19.02,44225.09,0.6411
0,legit,0,0,0,0,1,0,4015.63,17914.72,0.0914
1,fraud,1,1,1,1,0,0,16.01,73237.61,0.6093
0,legit,0,0,0,0,0,0,528.05,4345.78,0.116
1,fraud,1,0,0,0,1,0,43.28,108499.0,0.653
0,legit,0,0,0,0,0,0,1187.4,3424.67,0.0274
1,fraud,1,1,1,0,1,1,3935.97,14858.82,0.1656
0,legit,0,0,0,0,0,0,737.12,16595.69,0.0984
1,fraud,0,1,1,0,1,0,15.19,23213.13,0.8451
0,legit,0,0,0,0,0,1,947.22,19830.55,0.6044
1,fraud,1,1,0,1,0,0,2.71,89815.42,0.7518
0,legit,0,0,0,1,0,0,26556.5,14420.28,0.4346
1,fraud,1,1,0,0,1,0,3522.31,83657.85,0.6015
0,legit,0,0,0,0,0,0,34567.15,13256.06,0.0856
1,fraud,1,0,0,1,1,2,986.56,146370.21,0.7705
0,legit,0,0,0,0,0,0,580.62,27482.47,0.205
1,fraud,1,0,1,1,0,1,1113.31,89005.51,0.6396
0,legit,1,0,0,0,0,0,646.5,9449.55,0.1415
1,fraud,1,1,0,0,1,1,17.84,104235.96,0.8931
0,legit,1,0,0,0,0,0,11928.02,17393.24,0.4614
1,fraud,1,1,0,1,1,2,2961.91,68341.42,0.9549
0,legit,0,0,0,0,1,1,18707.62,11921.02,0.0862
1,fraud,1,1,0,1,1,2,687.85,146752.26,0.975
0,legit,0,0,0,0,0,0,38895.57,43452.36,0.2983
1,fraud,1,1,0,0,1,1,12.42,6269.96,0.0785
0,legit,0,0,0,0,0,0,2326.1,14486.85,0.1894
1,fraud,1,0,0,1,0,0,3023.75,112234.88,0.7784
0,legit,0,0,0,1,0,0,27539.82,7196.71,0.2333
1,fraud,1,0,0,0,1,3,2009.19,12468.19,0.4957
0,legit,0,0,0,0,0,0,1138.64,15018.47,0.0852
1,fraud,1,0,0,0,0,0,51.4,73306.37,0.7856
0,legit,0,0,0,0,0,0,1099.5,53789.48,0.3092
1,fraud,1,1,0,1,1,2,4134.69,29916.65,0.2911
0,legit,1,0,0,1,0,0,5517.53,25724.07,0.1702
1,fraud,1,0,1,1,0,0,8.57,139017.22,0.9409
0,legit,1,0,0,0,0,0,14762.06,11546.03,0.0779
1,fraud,1,1,0,0,1,1,4043.96,83444.75,0.5946
0,legit,0,0,0,0,0,0,1332.04,5769.15,0.1319
1,fraud,0,1,0,0,0,2,13.84,5943.06,0.0598
0,legit,0,0,0,0,1,0,35083.67,4950.54,0.1804
1,fraud,1,1,0,0,0,0,809.23,77769.24,0.9279
0,legit,0,0,0,0,0,0,1429.39,29852.05,0.1561
1,fraud,1,0,0,1,1,2,46.0,121020.15,0.9104
0,legit,0,0,0,0,0,0,253.21,26056.66,0.2489
1,fraud,1,1,0,0,1,2,30.45,167595.61,0.991
0,legit,0,0,0,1,0,0,11975.87,9993.85,0.0507
1,fraud,1,0,0,0,1,1,54.25,24122.23,0.1534
0,legit,1,0,0,1,0,0,1027.75,2553.5,0.1196
1,fraud,1,0,0,1,0,1,2820.92,100159.81,0.956
0,legit,0,0,0,0,0,0,416.71,34730.94,0.308
1,fraud,1,0,0,1,1,2,36.0,9001.0,0.1449
0,legit,0,0,0,0,0,0,39380.33,1070.86,0.0248
1,fraud,1,1,1,1,1,2,827.17,6736.57,0.1372
0,legit,0,0,0,0,1,0,9284.71,34473.66,0.2674
1,fraud,1,1,1,1,0,2,1224.07,14996.48,0.4112
0,legit,1,0,0,0,0,0,1103.15,57990.93,0.6583
1,fraud,1,1,1,0,0,0,15.89,193135.51,0.9805
0,legit,0,0,0,0,0,0,17611.22,37931.89,0.3722
1,fraud,0,1,0,1,1,1,3681.46,47673.01,0.9505
0,legit,0,0,0,0,0,0,782.3,6088.57,0.1071
1,fraud,0,1,0,0,1,0,1565.44,45500.64,0.8548
0,legit,0,0,0,0,0,0,810.62,3464.09,0.0355
1,fraud,1,1,1,0,1,1,605.44,157382.3,0.8503
0,legit,0,0,0,0,0,0,757.44,3805.63,0.0847
1,fraud,0,0,0,1,0,2,564.21,97467.13,0.9096
0,legit,0,0,0,0,0,0,115.79,185.28,0.0065
1,fraud,0,1,1,0,1,1,6.86,32891.2,0.8322
0,legit,0,0,0,1,1,0,340.24,3018.89,0.0684
1,fraud,1,1,1,1,0,1,47.57,11167.62,0.4764
0,legit,1,0,0,1,0,0,4766.36,3803.98,0.0509
1,fraud,1,1,0,0,1,2,48.96,80910.17,0.6173
0,legit,0,0,0,0,1,0,8476.61,10.83,0.0001
1,fraud,1,1,0,1,0,1,1.37,11492.18,0.1312
0,legit,0,0,0,0,0,1,13634.33,117253.69,0.6826
1,fraud,1,0,1,0,0,0,45.6,25707.28,0.2637
0,legit,0,0,0,0,0,0,424.38,144.26,0.0033
1,fraud,1,1,0,0,1,1,26.41,34646.4,0.2705
0,legit,0,0,0,0,0,2,36389.93,3545.74,0.121
1,fraud,1,1,1,1,1,1,33.88,124312.92,0.9086
0,legit,1,0,0,0,0,0,40572.98,3623.35,0.1497
1,fraud,1,1,1,1,0,3,44.0,46107.46,0.4087
0,legit,0,0,0,0,0,0,169.14,5820.79,0.0712
1,fraud,1,1,1,1,1,0,31.69,33451.64,0.8617
0,legit,0,0,0,0,0,0,862.57,20639.13,0.109
1,fraud,1,1,1,0,1,2,4653.7,169251.44,0.9138
0,legit,0,0,0,0,0,0,12825.55,20067.02,0.121
1,fraud,1,0,0,1,1,2,32.65,179825.84,0.9581
0,legit,0,0,0,0,0,0,12233.6,95291.24,0.6209
1,fraud,1,1,0,1,1,3,328.22,90022.42,0.8129
0,legit,0,0,0,0,0,0,17830.54,4186.51,0.114
1,fraud,1,1,0,1,0,1,1.69,22993.15,0.6401
0,legit,0,1,0,1,0,0,31112.88,239.19,0.0035
1,fraud,0,0,1,1,1,0,1589.76,49669.21,0.9124
0,legit,0,0,0,1,0,1,919.9,11405.95,0.1085
1,fraud,1,1,0,1,1,2,1853.95,43712.5,0.8644
0,legit,0,0,0,1,0,0,803.21,60416.43,0.3189
1,fraud,1,1,0,1,0,0,850.48,30790.64,0.9546
0,legit,0,0,0,0,0,0,21207.36,106754.75,0.5491
1,fraud,1,0,1,1,1,1,18.84,72625.58,0.4507
0,legit,0,0,0,1,0,0,26373.98,2222.54,0.0158
1,fraud,1,1,1,1,0,2,3329.91,73303.75,0.5933
0,legit,0,0,0,0,0,0,28044.27,3330.34,0.0338
1,fraud,1,1,1,0,1,1,19.38,92226.05,0.6925
0,legit,0,0,0,0,0,0,35735.89,37612.06,0.3257
1,fraud,1,1,1,1,1,1,5536.73,73358.3,0.9473
0,legit,0,0,0,0,0,0,32167.35,11789.73,0.0645
1,fraud,1,0,1,1,0,2,1081.37,181986.27,0.9326
0,legit,1,0,0,0,0,0,4705.16,16107.76,0.129
1,fraud,0,1,1,0,1,0,21.85,110805.76,0.891
0,legit,0,0,0,0,0,0,585.88,1322.12,0.0312
1,fraud,1,0,0,1,0,1,2654.86,89404.3,0.9484
0,legit,0,0,0,1,0,0,11401.81,3606.17,0.0502
1,fraud,1,1,0,1,0,0,55.21,117873.44,0.751
0,legit,1,0,0,0,0,0,1014.9,35230.29,0.2325
1,fraud,1,1,1,1,1,0,1341.69,65925.07,0.434
0,legit,0,0,0,1,0,0,37751.1,78174.0,0.3931
1,fraud,1,1,0,0,0,1,4839.27,21462.08,0.7358
0,legit,0,0,0,0,0,0,464.23,16895.64,0.091
1,fraud,0,1,0,1,1,1,39.56,39693.43,0.7664
0,legit,1,0,0,1,0,2,21226.34,58147.87,0.312
1,fraud,1,1,0,1,1,1,25.51,16895.82,0.1855
0,legit,0,0,0,0,1,0,13714.62,781.87,0.0101
1,fraud,1,1,1,1,1,0,17.73,86088.63,0.4383
0,legit,0,0,0,0,0,0,34688.16,12992.8,0.3451
1,fraud,1,1,0,0,1,0,1360.87,35154.25,0.7178
0,legit,0,0,0,0,0,0,34992.14,235.89,0.0094
1,fraud,1,1,0,1,1,1,40.1,150164.62,0.7833
0,legit,0,0,0,0,0,2,37378.55,16375.53,0.1073
1,fraud,0,0,0,1,1,0,3208.78,93213.94,0.7684
0,legit,0,0,0,0,1,0,509.2,4273.36,0.0746
1,fraud,1,1,0,1,1,0,7.67,20967.78,0.232
0,legit,0,0,0,0,0,0,11695.15,9031.98,0.0595
1,fraud,1,1,0,1,0,0,20.29,37034.03,0.8342
0,legit,0,0,0,0,0,0,24171.96,1603.33,0.0623
1,fraud,0,1,0,0,1,0,16.7,124364.62,0.674
0,legit,0,0,0,0,1,1,4320.89,2642.24,0.017
1,fraud,0,1,0,0,1,1,8.08,9959.09,0.1036
0,legit,0,1,0,0,0,0,3684.72,1475.19,0.0129
1,fraud,1,1,1,0,0,0,512.89,20676.46,0.833
0,legit,0,0,0,0,0,0,30937.07,16631.78,0.0859
1,fraud,1,1,0,0,1,2,1125.37,78206.02,0.4365
0,legit,0,0,1,0,0,0,105.84,30313.63,0.213
1,fraud,1,1,1,1,1,2,26.15,74396.92,0.6587
0,legit,0,0,0,0,0,0,3077.86,1804.84,0.0277
1,fraud,1,0,1,0,1,0,6.59,118519.63,0.8804
0,legit,0,0,0,0,0,0,595.67,6456.27,0.0458
1,fraud,0,1,1,1,0,1,4358.03,41349.78,0.7194
0,legit,0,0,0,0,0,0,25662.28,43852.45,0.3939
1,fraud,0,1,1,1,1,1,0.3,64313.45,0.9648
0,legit,0,0,0,0,0,1,756.58,831.19,0.005
1,fraud,1,1,1,0,1,1,23.32,37099.55,0.2158
0,legit,0,0,0,0,0,0,1095.45,8875.97,0.0874
1,fraud,0,0,0,0,1,0,33.87,23326.77,0.1265
0,legit,0,0,0,0,0,0,28924.56,3093.68,0.0161
1,fraud,1,1,1,1,0,0,20.26,71985.67,0.4204
0,legit,0,0,1,0,0,0,74.41,423.39,0.0083
1,fraud,1,1,1,0,1,2,28.4,38274.2,0.5032
0,legit,1,0,0,1,0,0,1185.33,12994.24,0.174
1,fraud,1,0,1,0,1,0,44.93,53857.08,0.4699
0,legit,0,0,0,0,0,0,9320.24,37560.96,0.6994
1,fraud,1,1,1,1,1,1,48.1,125477.17,0.6487
0,legit,0,0,0,1,1,0,30982.05,4126.47,0.1182
1,fraud,1,1,0,0,1,0,57.92,48265.0,0.9986
0,legit,0,0,0,1,0,0,27530.4,2541.9,0.1232
1,fraud,1,0,0,1,1,2,1108.98,7293.47,0.1089
0,legit,0,0,0,0,0,1,26629.79,1234.8,0.0271
1,fraud,1,1,1,1,1,2,29.43,36179.16,0.2233
0,legit,0,0,0,0,0,0,19590.78,846.56,0.0106
1,fraud,1,1,0,0,1,0,629.66,84402.67,0.9966
0,legit,0,0,0,0,0,0,13835.93,21502.47,0.1394
1,fraud,1,0,1,0,1,1,933.42,55692.41,0.7266
0,legit,0,0,0,0,0,0,672.07,32114.41,0.1977
1,fraud,0,1,1,0,1,1,51.33,93779.59,0.4868
0,legit,0,0,0,0,0,1,520.56,46501.75,0.4904
1,fraud,0,1,1,1,1,0,420.17,22310.52,0.4495
0,legit,0,1,0,0,1,1,384.88,106281.19,0.5964
1,fraud,1,1,0,1,0,0,1425.6,18983.65,0.871
0,legit,0,0,0,1,0,0,10331.76,22657.44,0.1653
1,fraud,1,1,1,1,1,1,3237.44,24642.03,0.1564
0,legit,0,0,0,0,0,0,226.11,2060.76,0.0781
1,fraud,1,1,1,1,1,0,15.78,28140.4,0.7382
0,legit,1,0,0,0,0,1,34984.05,4849.44,0.1299
1,fraud,1,0,0,1,1,1,10.27,62295.57,0.4373
0,legit,0,0,0,0,0,0,1348.22,4116.39,0.0273
1,fraud,1,1,1,1,1,0,1971.13,131789.19,0.9874
0,legit,0,0,0,0,0,0,1648.93,18108.64,0.1208
1,fraud,1,1,1,1,0,1,29.54,99074.38,0.4967
0,legit,0,0,0,0,0,0,39358.5,11459.86,0.1004
1,fraud,1,1,1,1,0,1,5.38,62313.77,0.4014
0,legit,0,0,0,0,0,0,711.99,4086.58,0.0518
1,fraud,0,1,1,0,1,0,58.91,14712.49,0.6049
0,legit,0,0,0,0,0,0,12249.52,60101.54,0.3681
1,fraud,1,1,0,1,0,0,31.28,163331.89,0.8911
0,legit,0,0,0,0,0,0,72.96,7380.56,0.1069
1,fraud,1,1,0,1,0,0,49.99,131437.67,0.7291
0,legit,0,1,0,0,0,0,6102.66,39381.21,0.5062
1,fraud,1,1,1,0,1,0,600.52,86105.41,0.5213
0,legit,0,0,0,0,0,0,512.03,3434.09,0.0261
1,fraud,0,1,0,0,1,1,894.95,62413.3,0.5323
0,legit,0,0,0,1,0,0,7658.8,2195.19,0.0634
1,fraud,1,1,0,0,1,2,15.96,21912.75,0.2769
0,legit,0,0,0,0,0,0,25901.14,3003.13,0.0309
1,fraud,1,1,1,1,1,1,32.63,60760.56,0.5674
0,legit,0,0,0,1,0,0,11029.32,7181.91,0.0369
1,fraud,1,1,1,0,1,1,2328.29,35619.96,0.8275
0,legit,0,0,0,1,0,0,1369.87,3885.09,0.0208
1,fraud,1,1,0,0,1,2,45.11,27462.73,0.2974
0,legit,0,0,0,0,0,2,393.04,9559.96,0.2303
1,fraud,1,1,0,1,1,0,43.24,102794.02,0.986
0,legit,0,1,0,0,0,0,40661.09,12989.28,0.1078
1,fraud,1,1,1,0,0,1,790.67,43242.34,0.4947
0,legit,0,0,0,0,0,0,21026.98,2285.55,0.023
1,fraud,1,1,1,0,0,1,688.19,15551.13,0.6334
0,legit,0,0,0,0,0,1,20387.88,9285.03,0.062
1,fraud,1,0,1,0,1,0,34.88,56249.64,0.7775
0,legit,0,0,0,0,0,0,1242.15,7634.12,0.087
1,fraud,1,0,1,1,1,1,4839.57,155483.66,0.798
0,legit,0,0,0,0,0,0,76.56,1899.72,0.0115
1,fraud,1,1,1,0,0,0,52.48,30171.66,0.9267
0,legit,0,0,0,0,0,0,961.71,22912.82,0.1827
1,fraud,1,1,0,1,1,0,3460.89,69038.39,0.7524
0,legit,0,0,0,0,0,0,37442.93,19684.85,0.1042
1,fraud,1,1,0,1,1,0,58.45,13599.18,0.1929
0,legit,1,0,0,0,0,0,5561.55,41309.84,0.5614
1,fraud,1,1,1,1,0,1,10.82,44483.55,0.5227
0,legit,0,0,0,0,0,0,2227.59,84117.65,0.5033
1,fraud,1,1,1,1,0,0,3723.9,43998.34,0.4428
0,legit,0,0,0,0,1,0,872.86,2780.14,0.0574
1,fraud,1,1,0,1,0,1,8.34,122049.72,0.7886
0,legit,1,0,0,0,1,0,499.33,24110.65,0.2089
1,fraud,1,1,1,0,0,2,1449.4,133886.61,0.8648
0,legit,0,0,0,0,0,0,38520.61,2039.02,0.0534
1,fraud,1,1,1,1,1,2,886.12,5688.49,0.0984
0,legit,0,0,0,0,0,0,17663.73,13549.7,0.1128
1,fraud,1,1,1,0,0,2,759.31,154638.49,0.8723
0,legit,1,0,0,1,0,0,33772.34,3196.32,0.0268
1,fraud,1,0,1,1,1,2,28.06,32119.87,0.2615
0,legit,0,0,0,0,0,0,8984.64,1219.71,0.0151
1,fraud,1,1,1,1,0,0,4847.95,133117.86,0.886
0,legit,1,0,0,0,0,0,25972.22,37753.43,0.1994
1,fraud,0,0,0,1,1,0,2669.75,27580.98,0.188
0,legit,0,1,0,0,1,0,24472.0,2887.84,0.0576
1,fraud,1,0,1,1,1,0,984.2,32107.82,0.2487
0,legit,0,0,0,0,0,1,34403.43,4676.54,0.0439
1,fraud,1,1,0,1,0,2,3068.19,28101.31,0.2996
0,legit,1,1,0,0,0,0,246.89,4685.58,0.1807
1,fraud,1,1,1,0,0,1,3953.03,35853.42,0.9367
0,legit,0,0,0,0,0,0,435.58,33046.2,0.2484
1,fraud,1,1,1,1,1,0,4017.39,125069.85,0.6306
0,legit,0,0,0,0,0,0,1023.54,34249.75,0.2466
1,fraud,1,1,1,0,0,3,339.59,7466.78,0.0666
0,legit,0,0,0,0,0,0,1226.28,10947.26,0.153
1,fraud,0,1,1,0,0,0,11.19,74235.77,0.5441
0,legit,0,0,0,0,0,1,6240.01,8725.54,0.089
1,fraud,0,0,1,1,1,3,22.09,5448.58,0.0885
0,legit,0,1,0,0,0,0,5292.04,13910.33,0.0817
1,fraud,1,1,1,0,1,1,1321.74,75705.7,0.493
0,legit,0,1,0,0,0,0,2866.59,6377.05,0.1691
1,fraud,0,1,1,1,0,0,50.52,95745.87,0.7987
0,legit,0,0,0,0,0,0,16560.14,23068.37,0.1261
1,fraud,1,1,1,0,0,0,33.19,135863.29,0.7555
0,legit,0,0,0,0,0,0,26914.53,45193.13,0.3342
1,fraud,0,1,0,0,1,2,1.58,96266.26,0.8466
0,legit,0,1,0,0,0,0,25212.43,22347.67,0.1142
1,fraud,0,1,0,1,1,2,53.53,52139.35,0.5476
0,legit,0,0,0,0,0,0,71.56,1424.01,0.0296
1,fraud,1,0,0,0,0,0,37.78,40173.03,0.2041
0,legit,1,0,0,0,0,0,581.72,11174.94,0.1166
1,fraud,1,1,1,1,0,1,653.58,122729.78,0.757
0,legit,0,0,0,0,0,0,87.86,9951.6,0.0542
1,fraud,1,1,0,1,0,1,4342.16,33099.66,0.2319
0,legit,0,0,0,0,0,0,908.94,7271.05,0.0383
1,fraud,1,0,1,0,1,0,912.93,77802.78,0.6799
0,legit,0,0,0,1,0,0,1426.25,8663.75,0.0668
1,fraud,0,1,0,1,0,0,37.94,95912.61,0.7239
0,legit,0,0,0,1,0,0,614.63,1545.76,0.0314
1,fraud,1,0,0,0,1,1,15.85,88231.22,0.6971
0,legit,0,0,0,0,0,0,32464.29,4410.21,0.0368
1,fraud,0,1,0,1,1,0,2384.93,133184.97,0.699
0,legit,0,0,0,0,0,0,127.72,13963.54,0.0891
1,fraud,1,0,0,1,1,1,41.08,56626.28,0.4614
0,legit,0,0,0,1,1,0,977.01,6173.68,0.0871
1,fraud,1,0,0,0,1,1,4.73,50158.75,0.2936
0,legit,0,0,0,0,0,1,33997.98,7117.32,0.0445
1,fraud,1,0,1,1,1,0,4.78,178603.24,0.9819
0,legit,0,0,0,0,0,0,1417.93,37259.17,0.6178
1,fraud,1,0,0,1,1,1,345.54,63838.35,0.7344
0,legit,0,0,0,1,1,1,11712.96,3381.79,0.1443
1,fraud,1,1,1,1,1,0,8.58,98769.07,0.6668
0,legit,0,0,0,0,0,0,20801.49,15239.22,0.1318
1,fraud,1,0,0,0,1,1,4.94,2440.09,0.0726
0,legit,0,0,0,0,0,0,16337.3,12596.44,0.1977
1,fraud,1,1,0,0,1,2,1066.29,51639.09,0.9194
0,legit,0,0,0,0,0,0,5842.73,25216.91,0.2358
1,fraud,1,1,0,1,1,1,669.18,80861.81,0.8627
0,legit,0,0,0,0,0,0,1320.87,4529.54,0.0761
1,fraud,1,0,0,0,1,1,272.7,45475.53,0.6223
0,legit,0,0,0,0,0,0,217.59,183.4,0.0055
1,fraud,0,1,0,0,1,0,1.25,158739.58,0.8141
0,legit,0,0,0,0,0,0,5485.9,88077.19,0.635
1,fraud,1,1,0,0,1,2,2900.3,20102.89,0.2355
0,legit,0,0,0,1,0,0,4456.17,20255.44,0.116
1,fraud,1,0,1,1,0,2,37.6,96699.61,0.9921
0,legit,0,0,0,0,0,0,1169.55,6012.65,0.0366
1,fraud,1,1,0,0,1,1,7.78,42808.47,0.7064
0,legit,0,0,0,0,0,0,6979.74,562.1,0.0063
1,fraud,1,1,0,1,0,0,2429.24,66424.73,0.4493
0,legit,1,0,0,0,0,0,29687.58,6861.65,0.0425
1,fraud,1,1,0,0,1,0,777.29,15414.89,0.0791
0,legit,0,0,0,0,0,0,3907.93,18036.09,0.1257
1,fraud,1,1,1,0,1,2,48.59,177129.05,0.9506
0,legit,0,0,0,0,0,0,1365.26,2687.48,0.0633
1,fraud,1,1,1,1,1,1,38.14,15384.39,0.402
0,legit,0,0,0,1,0,0,35792.05,1476.06,0.0279
1,fraud,1,0,0,1,1,1,4956.42,62718.47,0.7191
0,legit,0,1,0,0,0,0,42358.93,1656.06,0.0595
1,fraud,1,1,0,1,0,0,2570.47,7098.06,0.1261
0,legit,0,0,0,1,0,0,1105.64,13288.28,0.0834
1,fraud,0,0,0,0,1,0,38.83,73726.16,0.7454
0,legit,0,0,0,0,0,0,17403.82,1662.81,0.0088
1,fraud,1,1,0,0,1,3,45.59,19520.86,0.1051
0,legit,0,0,0,0,0,0,389.98,97.42,0.0008
1,fraud,1,0,1,0,1,1,1228.19,26896.37,0.6461
0,legit,0,0,0,0,0,0,28317.2,43517.42,0.2933
1,fraud,1,1,1,1,1,1,2113.04,40046.52,0.4293
0,legit,0,0,0,0,0,0,26096.35,36125.53,0.2166
1,fraud,1,1,0,1,1,2,59.35,65615.72,0.5134
0,legit,0,0,0,1,1,0,26529.03,3338.27,0.0222
1,fraud,1,0,1,0,0,2,22.09,36271.76,0.2091
0,legit,1,0,0,1,0,0,78.68,2064.85,0.0945
1,fraud,1,1,0,1,0,0,28.74,90093.68,0.4675
0,legit,0,0,0,0,0,0,184.31,21829.03,0.173
1,fraud,1,1,1,1,1,0,25.67,7447.73,0.0798
0,legit,1,0,0,0,0,0,5765.79,117829.86,0.5923
1,fraud,1,1,0,1,0,3,11.9,56832.17,0.6644
0,legit,0,0,0,0,0,0,139.0,5931.64,0.036
1,fraud,1,1,1,0,1,0,967.48,28001.43,0.8311
0,legit,0,0,0,0,0,0,876.36,28866.04,0.3325
1,fraud,1,1,0,0,0,2,3400.39,51824.05,0.5711
0,legit,0,0,0,0,1,0,1240.79,10276.63,0.1297
1,fraud,1,0,1,1,1,0,46.99,82579.56,0.8456
0,legit,0,0,0,0,0,0,238.95,1950.69,0.0484
1,fraud,1,0,1,0,1,3,896.6,10051.12,0.0544
0,legit,0,0,1,0,0,0,9333.24,30262.22,0.2597
1,fraud,1,0,0,1,0,0,10.97,7174.67,0.0574
0,legit,0,0,0,0,0,0,24274.15,7696.68,0.0686
1,fraud,1,1,0,1,0,0,25.64,24437.37,0.2274
0,legit,1,0,0,0,0,0,4459.84,5962.24,0.0747
1,fraud,1,0,1,1,1,0,1.14,115268.76,0.9966
0,legit,0,0,0,1,0,0,3643.69,13645.0,0.113
1,fraud,1,1,1,1,0,0,2529.56,24321.13,0.5653
0,legit,0,1,0,0,0,0,1099.77,29740.71,0.3504
1,fraud,0,0,0,1,0,1,53.5,71913.31,0.7426
0,legit,0,0,0,0,0,0,10315.21,5956.24,0.1828
1,fraud,1,1,0,0,0,1,4735.91,62708.55,0.8031
0,legit,0,0,0,0,0,0,15255.24,2063.16,0.0138
1,fraud,1,1,1,0,1,1,771.67,41153.81,0.5506
0,legit,0,0,0,0,1,0,16356.32,22857.76,0.4219
1,fraud,1,0,1,0,0,0,47.5,46732.44,0.6488
0,legit,1,0,0,0,0,1,854.05,3738.8,0.0249
1,fraud,1,1,1,1,1,1,1098.75,96788.15,0.7716
0,legit,0,0,0,0,0,0,6759.34,18045.67,0.1496
1,fraud,1,1,1,1,1,0,35.6,80216.7,0.7527
0,legit,1,0,0,0,0,0,18621.26,21946.2,0.1531
1,fraud,1,0,0,1,0,0,22.96,37030.4,0.5016
0,legit,0,0,0,0,0,0,75.24,19717.98,0.0997
1,fraud,1,1,0,0,1,0,57.81,45300.4,0.5376
0,legit,0,0,0,0,0,1,855.02,22429.87,0.1592
1,fraud,1,1,1,1,1,1,1854.57,41475.68,0.418
0,legit,0,0,0,0,0,0,8469.64,3448.38,0.1496
1,fraud,1,1,0,0,1,0,45.41,89873.33,0.8221
0,legit,0,0,0,0,0,0,30306.41,6349.19,0.1759
1,fraud,1,1,0,1,1,1,50.31,26871.25,0.8861
0,legit,0,0,0,1,0,0,32847.71,226.7,0.006
1,fraud,0,0,0,0,0,2,45.33,30795.18,0.23
0,legit,0,0,0,0,0,0,14045.87,5001.0,0.0303
1,fraud,1,1,0,0,1,2,196.0,31940.81,0.5234
0,legit,0,0,0,0,0,0,1160.27,20425.31,0.1062
1,fraud,1,1,1,0,1,2,624.79,39257.29,0.4065
0,legit,0,0,0,0,0,0,893.96,2128.38,0.0268
1,fraud,1,1,0,1,0,0,51.61,76679.12,0.449
0,legit,0,0,0,0,0,0,11440.07,99374.68,0.5633
1,fraud,1,1,0,0,1,0,3087.35,142125.98,0.7686
0,legit,1,0,0,0,0,0,34151.86,1742.32,0.053
1,fraud,1,1,0,0,0,1,58.88,2560.01,0.0739
0,legit,0,0,0,0,1,0,42428.73,6940.72,0.0661
1,fraud,1,0,0,1,0,1,1197.65,39972.34,0.5964
0,legit,0,0,0,0,0,0,1325.9,19341.78,0.2142
1,fraud,1,0,0,0,1,0,41.2,94320.33,0.6696
0,legit,0,0,0,0,0,0,633.06,43398.94,0.3724
1,fraud,1,0,0,1,0,1,1145.57,16919.96,0.6031
0,legit,0,0,0,0,0,0,34307.93,35082.44,0.564
1,fraud,0,1,1,1,0,0,930.57,43566.23,0.2515
0,legit,0,0,0,0,0,0,35197.42,2194.66,0.0226
1,fraud,1,0,0,1,1,2,678.86,132868.73,0.78
0,legit,0,0,0,0,0,0,1107.13,2131.92,0.0673
1,fraud,1,1,1,1,1,1,3082.97,33150.26,0.8482
0,legit,0,0,0,0,0,0,752.87,8052.26,0.1352
1,fraud,0,1,0,0,0,0,51.88,21974.94,0.1791
0,legit,0,0,0,0,0,0,11376.7,129287.39,0.6495
1,fraud,1,1,1,1,0,0,39.7,128308.32,0.8048
0,legit,0,1,0,0,0,0,34592.84,18580.07,0.1581
1,fraud,1,1,1,0,1,2,15.46,19120.62,0.237
0,legit,0,0,0,0,0,0,35379.67,93081.86,0.6263
1,fraud,1,0,0,0,0,2,33.99,108718.11,0.7183
0,legit,1,0,0,0,0,0,2153.17,6692.83,0.1016
1,fraud,1,1,0,0,0,1,1.43,82279.53,0.8055
0,legit,1,0,0,0,0,0,1217.78,806.5,0.0142
1,fraud,1,1,1,1,1,2,48.01,138236.41,0.7312
0,legit,1,0,0,1,0,0,780.57,47207.71,0.5449
1,fraud,1,0,1,0,1,1,838.02,96007.32,0.8277
0,legit,0,0,0,0,0,0,36923.8,44478.43,0.308
1,fraud,1,1,0,1,1,2,42.2,14473.47,0.1815
0,legit,0,0,0,1,0,0,25959.57,41353.23,0.6282
1,fraud,0,0,0,1,0,2,1436.07,123232.89,0.701
0,legit,0,0,0,0,1,0,23542.47,7393.12,0.0375
1,fraud,1,0,1,1,1,0,32.41,120224.4,0.7839
0,legit,0,1,0,0,0,0,6748.73,8762.43,0.128
1,fraud,1,1,1,0,0,2,968.96,162824.19,0.9669
0,legit,1,0,0,0,0,0,23426.11,7797.61,0.2692
1,fraud,1,1,0,0,1,0,19.59,92715.3,0.6391
0,legit,0,0,0,0,0,0,38977.87,17601.97,0.0981
1,fraud,1,1,0,1,1,1,5038.35,34079.42,0.2449
0,legit,0,0,0,0,0,0,1409.72,1756.07,0.0183
1,fraud,1,1,1,1,1,1,290.2,13372.91,0.4049
0,legit,0,0,0,0,0,0,675.45,25453.3,0.1713
1,fraud,1,0,0,0,1,0,670.33,7563.91,0.0796
0,legit,0,1,0,0,0,0,12911.26,4745.15,0.0725
1,fraud,1,1,0,1,0,3,54.86,120055.45,0.7377
0,legit,0,0,0,0,0,0,21094.72,67846.27,0.559
1,fraud,1,1,1,0,1,0,5190.73,70897.62,0.6713
0,legit,0,0,0,0,0,0,1977.73,14601.67,0.0791
1,fraud,1,1,0,1,0,0,32.35,11129.46,0.5403
0,legit,1,0,0,0,0,0,21059.54,1609.91,0.0084
1,fraud,1,1,0,1,1,0,3467.41,37861.52,0.4754
0,legit,0,0,0,0,0,0,41550.0,2463.27,0.1079
1,fraud,1,1,1,0,0,0,39.62,38624.81,0.5044
0,legit,0,0,0,0,0,0,35867.01,9448.33,0.0708
1,fraud,1,1,1,0,0,0,666.34,48706.6,0.5374
0,legit,0,0,0,0,0,0,25776.2,10220.17,0.0921
1,fraud,1,1,1,1,1,1,28.68,22414.81,0.2692
0,legit,0,0,0,0,0,0,10366.06,70121.63,0.5093
1,fraud,1,1,1,0,1,0,3323.85,37459.02,0.2295
0,legit,0,0,0,0,0,0,37442.16,14740.45,0.1092
1,fraud,0,0,0,0,1,0,15.55,112101.33,0.6875
0,legit,0,0,0,1,0,0,760.94,7513.01,0.1107
1,fraud,1,1,1,1,1,0,44.12,23455.0,0.4614
0,legit,0,0,0,1,0,0,1063.97,1417.36,0.0285
1,fraud,1,1,1,1,1,0,466.27,122811.5,0.7729
0,legit,0,0,0,0,0,0,27476.32,59906.51,0.6646
1,fraud,1,1,1,0,0,0,35.21,65690.43,0.9326
0,legit,0,0,0,0,0,0,53.61,14792.4,0.1555
1,fraud,0,0,0,1,0,1,1156.8,42974.28,0.8702
0,legit,1,0,0,0,0,0,2520.48,12896.83,0.2815
1,fraud,1,1,0,1,0,0,23.88,37319.01,0.9486
0,legit,0,0,0,1,0,0,32028.35,700.44,0.0057
1,fraud,0,0,0,0,1,1,137.57,76883.94,0.6217
0,legit,0,0,0,0,0,0,1304.46,49202.51,0.6515
1,fraud,1,1,0,1,1,1,637.35,50570.49,0.9166
0,legit,0,0,0,0,1,0,7629.53,61730.93,0.4141
1,fraud,1,1,0,1,0,3,13.54,85964.87,0.5704
0,legit,0,0,0,0,0,0,1145.67,8192.81,0.0767
1,fraud,1,1,1,1,1,0,4.43,93640.74,0.7682
0,legit,0,0,0,0,0,0,25219.81,2903.49,0.0182
1,fraud,0,0,1,1,0,1,177.57,89975.71,0.4871
0,legit,1,0,0,0,0,1,17752.89,2447.86,0.0325
1,fraud,1,1,1,1,1,2,8.86,27817.76,0.2818
0,legit,0,0,0,0,1,0,945.76,2009.23,0.0342
1,fraud,1,1,0,1,1,0,17.0,69459.3,0.4428
0,legit,0,1,0,0,0,0,492.88,6041.97,0.0375
1,fraud,1,1,0,1,0,2,30.1,109899.68,0.6027
0,legit,1,0,0,1,0,0,15094.79,7295.54,0.1611
1,fraud,0,1,0,1,0,1,4296.25,51715.42,0.2797
0,legit,0,0,0,0,0,1,35028.83,4659.73,0.0432
1,fraud,1,1,1,1,0,0,161.6,10577.79,0.5214
0,legit,0,0,0,0,0,0,2176.77,28111.7,0.1603
1,fraud,0,1,0,1,0,1,3476.64,43068.93,0.6804
0,legit,0,0,0,0,0,0,1068.85,28746.89,0.2781
1,fraud,1,0,1,1,1,2,38.79,30452.76,0.167
0,legit,0,0,0,0,0,0,20145.31,24385.53,0.1336
1,fraud,1,1,0,1,0,0,187.07,42504.68,0.5319
0,legit,0,0,0,0,0,1,805.72,48305.8,0.4696
1,fraud,1,1,1,0,1,0,1220.8,113882.09,0.609
0,legit,0,0,0,0,0,0,41479.16,247.53,0.0027
1,fraud,1,1,0,1,1,0,15.15,47652.24,0.4345
0,legit,0,0,0,0,1,0,38431.43,21885.75,0.1851
1,fraud,1,1,0,1,1,2,3096.65,22449.84,0.1451
0,legit,0,0,0,1,0,0,1233.74,17325.65,0.092
1,fraud,0,1,0,0,1,1,23.69,104256.5,0.7878
0,legit,0,0,0,0,1,0,10084.61,3203.41,0.0295
1,fraud,1,0,1,0,1,0,32.02,123290.26,0.6701
0,legit,0,0,0,0,0,0,7435.56,13407.25,0.0893
1,fraud,1,1,0,1,1,0,49.95,95758.28,0.9377
0,legit,0,0,0,0,0,0,4078.74,13835.97,0.1866
1,fraud,1,1,1,0,0,1,2159.11,109785.01,0.6937
0,legit,0,0,0,0,0,0,3132.58,2064.19,0.0968
1,fraud,1,0,0,1,1,2,5693.28,12506.92,0.0871
0,legit,0,1,0,0,0,0,38560.94,18308.46,0.1215
1,fraud,1,1,1,0,0,0,5.14,139472.31,0.8478
0,legit,0,0,0,0,0,0,1301.35,4374.98,0.0883
1,fraud,1,1,1,0,1,1,1069.92,31777.76,0.549
0,legit,0,0,0,0,0,0,13888.33,2867.53,0.0388
1,fraud,1,1,0,1,0,1,4.72,149582.82,0.9794
0,legit,0,0,0,0,0,0,25788.09,26746.62,0.5704
1,fraud,1,0,1,1,1,0,35.5,4289.1,0.1319
0,legit,0,0,0,0,0,0,7245.25,7045.13,0.0571
1,fraud,1,0,1,0,0,0,454.95,77816.16,0.831
0,legit,0,0,0,0,0,0,29440.28,31881.45,0.1731
1,fraud,1,0,0,1,0,0,38.76,26570.03,0.5761
0,legit,0,0,0,0,0,0,1158.04,95.73,0.0035
1,fraud,1,1,1,1,1,1,4414.35,28914.05,0.4262
0,legit,0,0,0,0,0,0,43027.54,3227.88,0.0372
1,fraud,1,1,1,0,1,0,8.34,106035.29,0.8026
0,legit,0,0,0,0,0,0,34934.3,61842.39,0.5199
1,fraud,0,0,1,0,1,2,28.7,6802.71,0.287
0,legit,0,0,0,0,0,0,3504.82,14943.62,0.0754
1,fraud,1,1,1,0,1,1,173.33,29444.29,0.1828
0,legit,0,1,0,0,1,2,1974.21,17544.29,0.2161
1,fraud,1,1,0,1,1,2,362.21,114116.72,0.7353
0,legit,0,0,0,0,0,0,671.89,562.38,0.0074
1,fraud,1,0,0,1,0,0,56.73,82029.49,0.8979
0,legit,0,0,0,0,0,0,566.9,20426.71,0.1721
1,fraud,1,1,0,1,0,0,797.79,70144.4,0.4561
0,legit,0,0,0,0,0,0,22829.47,7990.93,0.0424
1,fraud,1,1,0,1,1,2,1131.61,22510.55,0.2462
0,legit,1,1,0,0,0,0,28662.47,671.37,0.0069
1,fraud,1,1,0,0,0,0,30.6,8961.26,0.242
0,legit,0,0,0,0,0,0,468.62,13724.78,0.116
1,fraud,1,1,1,1,1,2,43.74,15565.74,0.6402
0,legit,0,0,0,0,0,0,31106.23,39226.32,0.3001
1,fraud,1,1,0,1,1,3,22.87,35977.33,0.5712
0,legit,0,0,0,0,0,1,9316.37,82543.87,0.5252
1,fraud,1,0,0,1,1,0,8.18,16476.18,0.2554
0,legit,1,1,0,0,0,1,8848.55,23438.75,0.1297
1,fraud,1,1,1,0,1,0,2.13,46626.04,0.2872
0,legit,1,0,0,0,1,0,29206.24,24997.8,0.1589
1,fraud,1,1,0,0,1,2,40.9,27520.12,0.679
0,legit,0,0,0,0,0,0,188.56,20568.78,0.2257
1,fraud,1,1,0,0,1,1,5634.02,43947.33,0.5966
0,legit,0,0,0,0,0,0,16357.31,1400.04,0.0116
1,fraud,1,1,1,0,1,1,42.49,16714.61,0.4364
0,legit,1,0,0,0,0,0,21960.49,8493.6,0.2695
1,fraud,1,0,0,0,0,2,35.07,81926.42,0.588
0,legit,0,1,0,0,0,0,32.93,3338.69,0.1621
1,fraud,0,1,1,0,1,0,815.57,55953.11,0.2846
0,legit,0,0,0,0,0,1,25050.34,970.01,0.0107
1,fraud,1,1,0,1,1,0,5356.02,16200.85,0.4761
0,legit,0,1,0,0,0,0,22466.01,1438.79,0.009
1,fraud,1,1,1,0,0,3,32.71,113805.63,0.7291
0,legit,0,0,0,1,0,1,4070.92,42501.52,0.3229
1,fraud,1,1,1,0,0,1,33.59,25674.64,0.8227
0,legit,0,0,0,0,0,1,5557.36,31515.05,0.2804
1,fraud,1,1,1,0,1,2,1658.08,85344.49,0.5348
0,legit,0,0,0,0,0,0,9219.72,1562.96,0.0677
1,fraud,1,1,0,1,1,2,836.33,20126.49,0.7389
0,legit,0,0,1,0,0,0,830.3,41270.8,0.2745
1,fraud,1,1,0,0,0,1,25.14,74562.87,0.5825
0,legit,0,0,0,0,0,0,5112.35,22879.34,0.1219
1,fraud,1,1,0,0,1,0,32.24,63963.33,0.6459
0,legit,0,0,0,0,0,0,67.98,39681.77,0.6937
1,fraud,0,1,1,0,0,3,786.12,22310.76,0.8002
0,legit,0,0,0,0,0,1,6361.9,24574.11,0.24
1,fraud,1,0,0,1,1,1,27.2,13222.24,0.4365
0,legit,0,0,0,0,0,0,17710.3,14347.19,0.2297
1,fraud,1,1,0,1,0,3,1306.47,100042.03,0.5994
0,legit,0,0,0,1,1,0,2584.64,22412.84,0.4802
1,fraud,0,1,1,0,0,1,1652.2,13503.94,0.1808
0,legit,0,0,0,0,0,0,18030.59,683.74,0.0166
1,fraud,1,1,1,0,1,0,31.53,23796.49,0.6139
0,legit,0,1,0,0,0,0,9557.91,31882.0,0.1662
1,fraud,1,1,1,1,1,2,5.88,130421.48,0.8768
0,legit,0,0,0,0,0,0,660.28,1148.62,0.0118
1,fraud,1,1,1,0,0,0,40.67,84152.84,0.5717
0,legit,0,0,0,1,0,0,31606.68,19843.68,0.1919
1,fraud,1,0,0,0,1,2,52.94,48911.89,0.502
0,legit,0,0,0,0,0,0,32085.24,15987.94,0.1348
1,fraud,1,0,1,0,0,1,10.89,38422.79,0.7732
0,legit,0,0,0,0,0,0,349.73,9242.98,0.1181
1,fraud,1,1,0,1,1,1,36.25,29894.28,0.1679
0,legit,0,0,0,0,0,0,10012.13,80314.96,0.5702
1,fraud,1,1,0,0,0,0,332.1,23856.21,0.273
0,legit,0,0,0,1,0,0,33682.61,4958.51,0.1932
1,fraud,1,1,1,0,0,0,22.7,87031.45,0.7699
0,legit,0,0,0,0,0,0,38622.27,728.8,0.0079
1,fraud,1,1,0,0,1,0,157.87,19286.08,0.4134
0,legit,1,1,0,0,0,1,1243.45,6097.27,0.1049
1,fraud,1,1,1,0,0,0,35.21,123610.2,0.8866
0,legit,0,0,0,1,0,0,854.22,1718.22,0.0285
1,fraud,1,1,1,1,1,0,41.6,43568.59,0.6394
0,legit,0,0,0,0,0,0,28631.92,3456.33,0.0362
1,fraud,1,1,0,1,1,1,1395.21,102401.0,0.7101
0,legit,0,0,0,0,0,0,14646.17,35102.99,0.1768
1,fraud,1,1,0,0,1,0,32.48,54678.43,0.6305
0,legit,0,0,0,0,0,0,40281.42,83678.8,0.6561
1,fraud,1,1,1,1,0,0,374.12,109650.75,0.7163
0,legit,0,0,0,0,0,0,13780.15,8897.65,0.1531
1,fraud,0,1,0,1,1,0,24.7,130165.27,0.886
0,legit,1,0,0,1,0,0,730.89,20987.1,0.1543
1,fraud,1,1,1,1,0,1,27.68,97558.35,0.5427
0,legit,0,0,0,0,0,0,505.68,4071.0,0.165
1,fraud,1,1,0,0,1,0,1542.07,99048.35,0.8245
0,legit,0,0,0,0,0,0,41897.78,8955.47,0.1661
1,fraud,1,1,0,0,1,3,1010.58,113353.15,0.7856
0,legit,0,0,0,0,0,0,1023.52,60467.1,0.3245
1,fraud,1,1,1,1,1,0,3848.93,29174.47,0.4449
0,legit,0,0,0,0,0,0,17237.49,19938.5,0.1438
1,fraud,1,1,1,1,0,0,760.91,51219.75,0.51
0,legit,0,0,0,0,0,0,15998.48,49177.89,0.5
1,fraud,1,1,0,1,1,0,21.49,107730.43,0.5499
0,legit,0,1,0,0,0,0,41625.61,95399.52,0.4806
1,fraud,1,1,0,1,0,2,4998.85,124764.8,0.746
0,legit,1,0,0,0,0,0,42782.75,1253.03,0.0216
1,fraud,1,1,1,0,0,2,254.42,112824.59,0.8556
0,legit,0,0,0,0,0,0,952.03,17503.99,0.1219
1,fraud,1,1,1,1,1,1,14.56,195057.06,0.981
0,legit,0,0,0,0,0,0,726.99,2226.13,0.0176
1,fraud,0,1,1,1,1,1,1307.79,86438.8,0.4537
0,legit,0,0,0,0,0,0,872.81,19879.71,0.2557
1,fraud,1,1,1,0,1,3,19.64,57003.06,0.986
0,legit,0,0,0,0,0,0,381.87,14754.0,0.0841
1,fraud,1,1,1,0,0,1,2.48,51148.11,0.6555
0,legit,1,0,0,0,0,0,1350.06,23582.27,0.333
1,fraud,1,1,1,1,0,0,2699.09,47789.29,0.7939
0,legit,0,0,0,0,0,2,12398.17,17820.56,0.2004
1,fraud,1,1,0,0,0,3,845.35,34417.14,0.2363
0,legit,0,0,0,0,0,0,9920.07,163.61,0.0012
1,fraud,0,1,1,1,0,0,37.31,28056.41,0.9255
0,legit,0,0,0,0,0,0,25479.31,7994.83,0.093
1,fraud,1,1,1,1,1,1,4814.45,42632.01,0.2786
0,legit,0,0,0,0,0,0,8060.03,14717.3,0.0921
1,fraud,1,1,0,1,1,2,24.22,40264.55,0.8737
0,legit,1,1,0,0,0,0,4019.14,8449.65,0.0751
1,fraud,1,1,1,0,1,2,4.14,81267.81,0.45
0,legit,0,0,0,0,0,0,1036.9,3872.15,0.1642
1,fraud,1,1,0,0,0,1,0.59,23105.85,0.1571
0,legit,0,0,0,1,0,0,1374.85,19985.42,0.1205
1,fraud,1,0,1,0,0,0,404.79,25735.81,0.718
0,legit,1,0,0,1,0,0,31739.18,3956.96,0.0237
1,fraud,1,1,0,1,0,2,948.85,73260.51,0.5916
0,legit,0,0,0,0,0,0,1170.96,13349.08,0.1464
1,fraud,1,1,0,0,1,0,31.93,14828.1,0.1081
0,legit,0,0,0,0,0,0,39534.48,2905.25,0.0179
1,fraud,1,0,1,0,1,0,4649.86,33220.85,0.2817
0,legit,0,0,0,0,0,1,9781.68,23342.32,0.1347
1,fraud,1,1,0,1,0,2,529.25,168933.56,0.9676
0,legit,0,0,0,0,0,0,22330.77,4504.92,0.127
1,fraud,1,0,1,1,1,0,13.01,40857.16,0.7144
0,legit,0,0,0,0,0,0,8512.22,8739.83,0.054
1,fraud,1,0,0,0,1,1,28.41,94907.86,0.5914
0,legit,0,0,0,0,0,0,12172.81,7244.96,0.135
1,fraud,1,1,1,1,0,0,57.88,103008.05,0.5432
0,legit,0,0,0,0,0,0,20115.49,51713.02,0.4173
1,fraud,1,1,0,1,1,0,138.07,108475.33,0.8267
0,legit,0,0,0,0,0,0,34607.29,3889.59,0.0474
1,fraud,1,0,0,0,0,1,804.64,134758.88,0.7094
0,legit,0,1,0,0,0,0,40822.36,1644.86,0.0571
1,fraud,1,1,0,0,1,2,58.89,25155.34,0.1409
0,legit,0,0,0,0,0,1,32840.21,5021.06,0.043
1,fraud,1,1,1,1,0,1,4378.79,32076.73,0.4388
0,legit,0,0,0,0,0,0,848.19,13822.68,0.2114
1,fraud,1,1,0,0,0,2,29.61,106040.44,0.7625
0,legit,1,0,0,0,0,1,621.13,2394.77,0.086
1,fraud,1,0,0,1,1,1,40.41,79798.99,0.6885
0,legit,0,0,0,1,0,0,1213.47,44547.08,0.3003
1,fraud,1,1,0,1,1,0,1766.2,49434.95,0.647
0,legit,0,0,0,0,0,0,1239.01,1784.44,0.0172
1,fraud,0,0,1,1,0,1,1436.69,45230.25,0.4232
0,legit,0,0,0,0,1,0,2026.7,26860.19,0.2268
1,fraud,1,0,0,1,0,0,14.06,36230.56,0.5858
0,legit,0,0,0,0,0,0,33014.24,21512.64,0.1103
1,fraud,1,1,1,1,1,1,1826.01,17724.84,0.6846
0,legit,0,0,0,0,0,0,38992.56,31857.47,0.2728
1,fraud,1,1,1,1,1,1,1.14,28564.97,0.4212
0,legit,0,0,0,0,0,1,1205.32,17339.64,0.0987
1,fraud,1,1,0,1,0,1,1048.47,98174.74,0.876
0,legit,0,1,0,0,0,0,16805.16,988.15,0.006
1,fraud,1,1,0,1,0,0,41.0,15370.04,0.6198
0,legit,0,0,0,0,0,2,35424.9,2133.75,0.0903
1,fraud,1,1,1,1,1,2,749.29,124914.66,0.6313
0,legit,1,0,0,1,1,0,3193.85,3485.7,0.0371
1,fraud,1,1,0,0,1,0,52.47,176693.09,0.9414
0,legit,1,0,0,0,0,0,196.06,1740.89,0.0753
1,fraud,1,1,1,0,1,0,30.59,52994.58,0.6709
0,legit,0,0,0,0,0,0,29244.5,91763.9,0.5218
1,fraud,1,1,1,1,1,0,56.64,122507.08,0.8822
0,legit,0,0,0,0,0,0,521.07,21928.61,0.1653
1,fraud,1,1,0,0,1,2,664.18,72462.24,0.5908
0,legit,0,0,0,1,0,0,1253.2,43387.23,0.2693
1,fraud,0,1,1,1,0,2,3855.05,28875.14,0.2159
0,legit,0,0,0,0,0,1,171.39,55507.94,0.2884
1,fraud,1,1,1,1,1,1,22.39,56417.9,0.8725
0,legit,0,0,0,0,0,0,1086.56,4952.02,0.0461
1,fraud,1,1,1,1,1,2,597.43,61728.08,0.984
0,legit,0,0,0,0,0,0,32199.94,20577.99,0.1071
1,fraud,1,1,0,1,1,1,7.14,18510.14,0.5719
0,legit,1,0,0,0,0,0,90.3,8318.69,0.1531
1,fraud,1,1,0,0,1,0,12.49,54752.78,0.8239
0,legit,0,1,0,0,0,0,26410.16,2464.9,0.0522
1,fraud,1,1,1,0,1,0,59.26,105770.18,0.5413
0,legit,0,1,0,0,0,0,110.5,26658.76,0.2338
1,fraud,1,1,0,0,1,2,23.88,39650.56,0.6543
0,legit,0,0,0,0,0,1,18349.16,17207.03,0.094
1,fraud,1,0,0,1,1,1,14.51,89213.92,0.9164
0,legit,1,0,0,0,0,0,38703.91,7564.23,0.1124
1,fraud,1,0,0,1,0,0,2293.99,58392.44,0.6972
0,legit,0,0,0,0,0,0,958.43,14714.94,0.1039
1,fraud,1,1,0,1,1,1,1318.64,97017.28,0.7861
0,legit,0,0,0,0,0,0,30677.84,36139.11,0.5111
1,fraud,0,1,1,0,1,2,25.08,147294.84,0.9634
0,legit,0,0,0,0,0,1,1146.08,27433.68,0.2008
1,fraud,1,1,1,1,0,1,752.82,100930.21,0.7005
0,legit,0,0,0,0,1,0,933.08,3500.82,0.0447
1,fraud,1,1,1,1,1,2,23.97,3602.57,0.0863
0,legit,0,0,0,0,0,0,25670.49,109204.11,0.5505
1,fraud,1,1,0,0,1,3,2376.48,14532.35,0.1051
0,legit,0,0,0,0,0,0,999.11,39709.34,0.2245
1,fraud,1,0,1,1,1,0,3991.79,101647.21,0.8438
0,legit,0,0,0,0,0,0,1010.48,7972.62,0.0844
1,fraud,1,1,1,0,1,0,28.9,53701.08,0.8874
0,legit,0,0,0,0,0,0,21740.49,14185.75,0.1037
1,fraud,1,1,1,0,1,1,55.04,90510.62,0.7519
0,legit,0,1,0,0,0,0,814.93,7086.6,0.1346
1,fraud,1,1,0,0,1,2,2499.01,113421.07,0.7255
0,legit,0,0,0,0,0,0,3204.01,73284.74,0.4369
1,fraud,0,0,0,0,0,2,46.84,33887.98,0.5415
0,legit,0,0,0,0,0,0,1052.5,84519.01,0.5335
1,fraud,1,1,1,0,0,0,857.67,71666.53,0.518
0,legit,0,0,1,0,0,0,840.81,37499.95,0.4079
1,fraud,1,1,1,0,1,2,980.24,37879.26,0.9561
0,legit,0,1,0,0,0,0,11025.58,77600.31,0.6134
1,fraud,1,1,0,1,0,1,33.84,56649.82,0.8828
0,legit,0,0,0,1,0,0,1241.87,5654.78,0.1283
1,fraud,1,0,0,1,0,1,4865.7,104157.01,0.6854
0,legit,0,0,0,0,0,0,42451.42,7574.12,0.0619
1,fraud,1,1,1,1,1,0,786.42,14560.27,0.083
0,legit,0,0,0,0,0,0,2667.99,74096.58,0.5715
1,fraud,1,0,0,1,1,0,1173.24,27332.23,0.1757
0,legit,0,0,0,1,0,0,1215.23,5683.56,0.1469
1,fraud,1,1,1,0,1,1,4773.09,42869.76,0.2977
0,legit,0,0,0,0,0,0,898.42,3245.9,0.0275
1,fraud,1,1,0,1,0,1,2306.8,21320.19,0.7161
0,legit,0,0,0,0,0,0,506.68,16601.66,0.1368
1,fraud,1,1,1,1,1,2,2205.85,61483.14,0.4767
0,legit,1,0,0,0,0,0,153.98,14438.41,0.1087
1,fraud,1,1,0,1,1,2,12.4,21724.9,0.8952
0,legit,0,0,0,0,0,0,26549.7,1881.79,0.0788
1,fraud,1,0,1,1,0,0,23.4,67387.54,0.4262
0,legit,0,0,0,0,0,0,5694.56,62453.39,0.3575
1,fraud,1,1,1,0,1,1,42.67,77774.44,0.6253
0,legit,0,0,0,0,0,0,31592.48,2776.52,0.0162
1,fraud,0,1,0,0,1,0,951.57,93644.4,0.964
0,legit,0,0,0,0,1,0,1064.58,35325.28,0.1791
1,fraud,0,0,0,1,0,0,4451.83,22453.46,0.4348
0,legit,0,0,0,0,0,0,9812.72,38575.79,0.4776
1,fraud,1,1,1,0,1,3,903.96,32290.67,0.4467
0,legit,0,0,0,0,0,0,1404.4,14994.49,0.1227
1,fraud,1,1,0,1,1,0,321.37,83940.63,0.4488
0,legit,0,1,0,0,0,0,15311.82,58771.4,0.3054
1,fraud,1,1,0,0,0,1,1879.93,62693.24,0.4254
0,legit,0,0,0,1,0,0,12570.24,23710.92,0.1259
1,fraud,1,1,0,1,1,0,53.44,5076.38,0.0723
0,legit,1,0,0,1,0,0,279.65,8953.49,0.3737
1,fraud,1,0,1,0,1,0,15.85,80072.65,0.8301
0,legit,0,0,0,0,0,0,1270.42,9172.28,0.097
1,fraud,1,1,0,1,0,0,1362.89,29393.44,0.751
0,legit,0,0,0,0,0,0,33995.08,4133.72,0.0757
1,fraud,1,0,0,1,0,1,29.9,82879.25,0.4317
0,legit,0,0,0,0,0,0,23736.14,144.73,0.0014
1,fraud,1,1,1,1,1,2,609.27,119642.61,0.9176
0,legit,0,0,0,1,1,0,29608.49,7581.7,0.0709
1,fraud,1,1,0,1,1,2,25.82,73258.93,0.8263
0,legit,0,0,0,0,0,2,38281.9,2455.39,0.0432
1,fraud,0,1,0,1,1,1,44.17,64112.43,0.6166
0,legit,0,0,0,0,0,0,332.21,7155.88,0.2072
1,fraud,1,0,1,1,0,0,262.82,9397.17,0.1066
0,legit,0,0,0,0,0,0,615.02,11284.34,0.079
1,fraud,1,1,0,1,1,1,1237.04,38988.59,0.2414
0,legit,0,0,0,1,0,0,839.63,24820.37,0.1713
1,fraud,1,1,1,0,1,1,1.73,23148.19,0.7234
0,legit,0,0,0,0,0,0,6946.65,66486.68,0.356
1,fraud,1,1,1,1,1,0,22.74,61512.45,0.9362
0,legit,0,0,0,0,0,0,23153.49,3065.41,0.0194
1,fraud,1,1,1,1,0,1,55.77,4049.34,0.0582
0,legit,0,0,0,0,0,0,269.32,439.81,0.0038
1,fraud,1,1,1,0,1,0,12.9,94990.92,0.504
0,legit,0,0,0,0,0,0,1257.96,4887.6,0.1
1,fraud,1,0,1,1,0,1,31.83,71393.63,0.5256
0,legit,0,0,0,0,0,0,456.98,123587.81,0.6525
1,fraud,1,0,1,1,0,1,237.98,52018.16,0.445
0,legit,0,0,1,0,0,0,221.62,712.46,0.0143
1,fraud,1,1,0,0,1,2,1211.23,15552.26,0.4551
0,legit,0,0,0,0,0,0,25204.9,61214.7,0.3469
1,fraud,1,1,0,1,0,2,21.45,99020.91,0.8515
0,legit,1,1,0,0,0,0,6085.86,9076.41,0.0562
1,fraud,1,0,0,0,0,0,3043.0,112001.35,0.7688
0,legit,0,0,0,0,0,0,371.27,10444.81,0.4899
1,fraud,1,1,0,0,1,1,8.9,95680.51,0.7323
0,legit,0,0,0,0,0,0,384.43,21006.3,0.2403
1,fraud,1,1,1,1,0,2,5148.04,68230.18,0.8023
0,legit,0,0,0,0,0,0,10357.09,6675.68,0.0412
1,fraud,1,1,0,1,1,1,4776.31,120962.41,0.6553
0,legit,0,0,0,0,1,0,5522.14,64510.31,0.4272
1,fraud,1,1,1,1,1,2,451.52,65314.32,0.9717
0,legit,0,0,0,0,0,0,18523.57,3780.91,0.0454
1,fraud,1,1,1,0,1,0,3432.9,47341.54,0.5939
0,legit,0,0,0,0,0,0,1265.95,37506.93,0.399
1,fraud,1,1,0,0,1,2,16.79,140361.46,0.9697
0,legit,0,0,0,0,1,0,11439.03,52940.89,0.3127
1,fraud,0,0,0,1,1,1,22.57,87480.51,0.464
0,legit,0,0,0,0,1,0,657.1,565.59,0.0036
1,fraud,0,1,1,1,1,0,60.89,91700.03,0.5645
0,legit,0,0,0,0,0,1,8647.6,763.42,0.0045
1,fraud,1,0,1,1,0,1,710.67,72887.9,0.5022
0,legit,0,0,0,0,0,0,687.22,80.79,0.0028
1,fraud,1,1,1,1,1,1,1112.76,33123.07,0.5777
0,legit,1,0,1,1,1,0,35230.76,9005.73,0.107
1,fraud,1,1,1,0,1,3,454.93,131064.95,0.8348
0,legit,0,0,0,1,1,0,193.11,19016.51,0.3912
1,fraud,1,1,0,0,1,0,8.12,73673.49,0.8383
0,legit,0,0,0,1,0,0,5419.81,46631.98,0.5543
1,fraud,0,1,0,1,1,0,12.23,87914.67,0.5743
0,legit,0,0,0,0,0,0,14080.86,120962.56,0.6974
1,fraud,1,1,0,0,1,2,2872.89,130394.65,0.6854
0,legit,0,0,0,0,0,0,480.98,76247.16,0.6501
1,fraud,0,1,0,0,0,0,3346.63,91979.1,0.5786
0,legit,1,0,0,0,0,0,7341.44,2612.84,0.039
1,fraud,0,0,0,1,0,0,59.66,13215.18,0.0745
0,legit,0,0,0,0,0,0,11891.17,32525.67,0.1758
1,fraud,0,1,0,1,0,1,1351.97,60799.29,0.8865
0,legit,1,0,0,0,0,0,16728.69,13490.96,0.1023
1,fraud,1,1,0,0,0,0,5160.48,114318.7,0.5998
0,legit,0,0,0,0,0,0,28140.22,5032.72,0.0703
1,fraud,1,1,0,1,1,1,2493.74,86140.43,0.8277
0,legit,0,0,0,0,0,0,916.96,20001.93,0.1635
1,fraud,1,1,0,1,1,0,3100.79,7159.32,0.0575
0,legit,0,0,0,0,1,0,609.25,29512.65,0.1717
1,fraud,1,1,0,1,1,0,0.61,10053.71,0.0867
0,legit,0,0,0,0,0,0,6.22,52645.25,0.5028
1,fraud,1,1,0,1,0,0,912.76,65846.87,0.6605
0,legit,0,0,0,0,0,0,451.07,80608.96,0.6458
1,fraud,1,1,0,1,1,0,1706.29,35830.88,0.4363
0,legit,0,0,0,0,0,0,9844.88,18697.53,0.1081
1,fraud,1,1,1,1,0,2,4899.16,37105.22,0.2234
0,legit,0,0,0,0,0,0,997.34,4112.78,0.0866
1,fraud,1,1,0,0,1,0,40.46,42519.06,0.2223
0,legit,0,1,0,0,0,1,16917.08,4725.0,0.0382
1,fraud,1,1,1,0,1,0,2213.45,15881.9,0.2438
0,legit,0,0,0,0,0,0,11874.31,960.44,0.0388
1,fraud,1,1,0,1,0,2,1304.18,99123.35,0.76
0,legit,1,0,0,1,0,0,21675.51,3070.27,0.0634
1,fraud,1,1,1,1,0,2,41.28,187936.9,0.9483
0,legit,0,0,0,0,0,0,1642.76,2840.89,0.0663
1,fraud,1,0,0,1,0,1,6.72,8382.0,0.0746
0,legit,0,0,0,0,0,0,13128.16,3927.16,0.0223
1,fraud,1,1,1,1,0,1,1206.36,16463.16,0.7926
0,legit,0,0,0,0,0,0,211.76,1157.15,0.0261
1,fraud,0,1,0,0,1,1,13.03,10359.84,0.1661
0,legit,1,0,0,0,0,0,4230.72,697.02,0.0068
1,fraud,1,1,0,1,0,1,1417.09,38984.4,0.8182
0,legit,0,0,0,0,0,0,767.16,7060.82,0.0979
1,fraud,1,1,0,1,1,3,430.9,40549.6,0.8499
0,legit,0,0,0,0,0,0,496.34,1508.33,0.0313
1,fraud,0,1,1,1,0,0,1352.45,123272.23,0.7898
0,legit,0,0,0,0,0,0,2527.1,13751.76,0.0833
1,fraud,1,1,0,1,1,0,35.02,105634.25,0.6032
0,legit,0,0,0,0,0,0,1030.42,4849.28,0.056
1,fraud,0,1,0,0,0,1,58.3,56611.99,0.5519
0,legit,0,0,0,0,0,0,13272.63,115481.47,0.6107
1,fraud,1,1,0,1,1,1,32.33,7288.94,0.2743
0,legit,0,0,0,0,0,0,209.41,47024.93,0.2401
1,fraud,1,1,1,1,1,0,5075.39,22997.51,0.1963
0,legit,0,0,0,0,0,0,3857.61,96788.83,0.5419
1,fraud,1,1,1,0,1,0,1023.33,94315.82,0.5146
0,legit,1,0,0,0,0,0,39097.53,6521.61,0.0438
1,fraud,1,1,0,1,1,2,288.64,32831.09,0.7673
0,legit,0,1,0,0,0,0,40484.48,6510.62,0.0984
1,fraud,1,0,0,0,1,1,38.74,160375.1,0.8909
0,legit,0,0,0,0,1,0,38200.54,95913.81,0.4896
1,fraud,1,1,0,0,1,0,5309.82,120759.6,0.6089
0,legit,0,0,0,1,0,1,23373.05,15764.65,0.0967
1,fraud,1,1,0,0,1,0,44.15,75682.11,0.837
0,legit,0,0,0,0,0,0,12341.61,2948.64,0.0195
1,fraud,1,0,1,0,1,0,379.24,30693.91,0.9865
0,legit,0,0,0,0,0,0,585.48,9315.45,0.0745
1,fraud,0,1,0,1,1,0,4225.19,34705.23,0.4694
0,legit,1,0,0,0,0,0,35350.99,33856.37,0.5614
1,fraud,1,0,1,1,0,0,107.14,94224.71,0.5072
0,legit,0,0,0,0,0,0,17334.28,218.68,0.0023
1,fraud,1,1,0,1,1,0,48.82,56336.72,0.4795
0,legit,0,0,0,0,0,0,32283.23,9736.92,0.1702
1,fraud,1,1,0,1,1,1,17.83,171581.42,0.8874
0,legit,0,0,0,0,0,0,1267.57,1736.98,0.0263
1,fraud,1,0,1,1,1,0,608.07,156267.79,0.8218
0,legit,0,0,0,0,0,0,3723.93,47972.18,0.6326
1,fraud,0,1,0,0,1,2,35.9,54483.3,0.5194
0,legit,0,0,0,0,0,0,13758.22,49562.57,0.282
1,fraud,1,1,1,0,0,3,28.55,18894.72,0.1362
0,legit,0,0,0,0,0,0,7305.7,10000.35,0.0732
1,fraud,1,1,0,0,1,0,39.96,22140.8,0.8583
0,legit,0,0,0,0,0,0,10399.97,12229.8,0.1162
1,fraud,1,0,0,0,0,0,18.61,46211.85,0.9456
0,legit,0,0,0,0,1,0,979.16,49412.29,0.3837
1,fraud,1,1,0,1,1,3,20.16,46706.29,0.8114
0,legit,0,0,0,1,0,0,17903.46,26701.04,0.1478
1,fraud,1,0,1,0,1,1,15.43,60010.39,0.5479
0,legit,0,0,0,0,0,0,320.52,27353.83,0.1765
1,fraud,1,0,1,1,1,0,6.0,127184.93,0.7512
0,legit,0,0,0,0,1,0,34131.17,29787.47,0.1719
1,fraud,1,1,1,1,1,1,40.14,15879.12,0.7657
0,legit,0,0,0,0,0,0,1272.49,37903.37,0.3307
1,fraud,1,1,0,0,1,0,26.34,133477.95,0.9257
0,legit,0,0,0,0,0,0,9201.75,7485.0,0.0398
1,fraud,1,1,0,1,1,0,22.02,23475.19,0.8628
0,legit,0,0,0,0,0,0,4364.21,1142.08,0.0139
1,fraud,0,1,0,0,0,0,3908.24,20827.74,0.8781
0,legit,1,0,0,1,0,0,25644.69,17147.69,0.0873
1,fraud,0,0,0,1,1,1,31.31,22802.44,0.1334
0,legit,0,0,0,1,1,0,35845.49,2030.2,0.0497
1,fraud,1,1,1,1,1,0,56.93,44516.17,0.8791
0,legit,0,0,0,0,1,0,1194.55,6488.28,0.0945
1,fraud,1,1,0,1,1,0,1303.66,41617.28,0.9427
0,legit,0,0,0,0,0,0,16399.01,10304.8,0.0986
1,fraud,1,1,0,1,1,0,24.88,46011.28,0.4912
0,legit,0,1,0,0,1,0,17369.45,30212.11,0.3668
1,fraud,0,0,1,0,0,0,1107.19,20868.73,0.1371
0,legit,1,0,0,0,0,0,922.44,54010.2,0.4079
1,fraud,1,1,0,0,0,1,2887.49,30765.05,0.2214
0,legit,0,0,0,0,0,0,594.31,23293.15,0.374
1,fraud,1,0,0,0,0,1,44.12,22582.05,0.1515
0,legit,1,0,0,0,0,0,15989.64,74189.53,0.6969
1,fraud,1,1,1,1,1,0,49.73,101961.83,0.7346
0,legit,0,0,0,1,0,0,26301.79,21859.57,0.1178
1,fraud,1,1,0,1,1,1,1353.24,51681.77,0.5624
0,legit,0,0,0,0,0,0,32355.89,41703.14,0.213
1,fraud,1,1,1,1,1,1,21.75,108287.14,0.5646
0,legit,0,0,0,0,0,0,38483.63,3721.45,0.1778
1,fraud,0,1,0,0,1,0,1.16,59046.03,0.735
0,legit,0,0,0,0,0,0,309.9,93190.42,0.6008
1,fraud,0,1,0,0,0,1,4053.18,11064.54,0.1019
0,legit,0,0,0,0,0,0,568.57,2574.93,0.0176
1,fraud,1,1,0,1,0,1,54.66,117779.15,0.7434
0,legit,0,0,0,0,0,0,31949.86,11394.72,0.2411
1,fraud,1,1,0,1,1,1,35.68,116950.87,0.8984
0,legit,0,0,0,0,0,0,1335.5,1702.64,0.0172
1,fraud,1,1,1,1,1,2,1002.88,118395.7,0.7057
0,legit,0,0,0,0,0,0,27863.22,12075.93,0.0829
1,fraud,0,1,0,1,1,2,1001.89,57635.25,0.6162
0,legit,0,0,0,0,0,0,1427.71,25367.94,0.1543
1,fraud,0,1,0,0,1,2,2183.23,35920.47,0.932
0,legit,1,0,0,0,0,0,22298.0,13501.01,0.1476
1,fraud,1,1,1,0,1,0,3927.71,108791.45,0.6231
0,legit,0,0,0,0,0,1,40177.49,13373.02,0.1057
1,fraud,1,1,0,0,1,1,738.14,158512.69,0.9416
0,legit,0,0,0,0,0,0,13717.01,37248.79,0.6401
1,fraud,1,1,0,0,0,2,1059.14,42201.05,0.8992
0,legit,0,1,0,0,0,0,7642.2,1509.13,0.0228
1,fraud,1,1,1,1,0,3,33.46,11236.62,0.4095
0,legit,1,0,0,0,0,0,7036.48,4825.85,0.125
1,fraud,1,1,1,1,1,0,32.58,168259.07,0.9589
0,legit,0,0,0,0,0,0,19678.28,8455.12,0.0814
1,fraud,0,1,1,1,1,1,39.28,45574.93,0.4381
0,legit,1,0,0,0,1,0,17450.94,8315.65,0.061
1,fraud,1,1,1,1,0,0,4604.16,51339.52,0.6146
0,legit,0,0,0,0,0,0,42227.54,26937.49,0.1922
1,fraud,1,1,0,0,0,2,41.24,141624.55,0.9457
0,legit,0,0,0,0,0,0,214.81,4403.17,0.0371
1,fraud,0,1,1,0,1,2,23.33,114250.65,0.8744
0,legit,0,0,0,0,0,0,22309.3,6657.26,0.0884
1,fraud,1,1,0,1,1,1,52.91,66510.33,0.4105
0,legit,0,0,0,0,0,0,508.86,98.88,0.0043
1,fraud,1,1,0,1,1,0,3488.68,100541.21,0.5656
0,legit,0,0,0,1,1,0,5320.4,12253.11,0.1258
1,fraud,1,0,1,1,1,0,92.86,11239.11,0.4166
0,legit,0,0,0,0,0,0,6007.87,1610.39,0.0525
1,fraud,1,1,0,1,1,2,1035.18,76801.51,0.8218
0,legit,0,0,0,0,0,0,35320.75,7078.49,0.0582
1,fraud,1,1,0,0,0,1,979.26,135952.27,0.7279
0,legit,0,0,0,0,0,0,18789.23,54850.85,0.4222
1,fraud,1,0,0,0,1,0,20.11,55922.27,0.9119
0,legit,0,0,0,0,0,0,604.72,6344.51,0.1604
1,fraud,1,0,0,1,1,2,1988.85,87869.14,0.9396
0,legit,0,0,0,0,0,0,31928.37,2572.41,0.0688
1,fraud,1,1,1,0,0,1,822.34,80894.41,0.6964
0,legit,0,0,0,1,0,0,2011.26,44104.01,0.4246
1,fraud,0,1,1,1,1,1,11.39,143306.0,0.9823
0,legit,0,0,0,0,0,0,18868.48,16360.74,0.1617
1,fraud,1,0,0,1,0,2,39.61,90653.7,0.8373
0,legit,0,0,0,0,0,1,1431.78,5718.0,0.1183
1,fraud,1,0,0,1,0,0,41.52,114351.04,0.8278
0,legit,0,0,0,1,0,0,4962.17,120.49,0.0019
1,fraud,1,1,1,0,1,2,8.23,99237.42,0.9071
0,legit,0,0,0,0,0,0,817.64,1618.66,0.0365
1,fraud,0,0,0,0,1,1,22.7,100322.38,0.7023
0,legit,0,0,0,0,0,0,35647.17,2424.1,0.0567
1,fraud,0,1,0,0,1,0,32.57,3372.2,0.0991
0,legit,0,0,0,0,0,0,1045.69,6129.73,0.0957
1,fraud,0,1,1,1,1,1,38.81,41401.38,0.2164
0,legit,0,0,0,0,0,0,744.94,6899.25,0.0792
1,fraud,1,1,1,1,1,1,53.36,77352.94,0.4674
0,legit,0,0,0,0,0,1,1346.18,1022.0,0.0453
1,fraud,1,1,1,1,1,0,10.81,91938.24,0.5307
0,legit,0,0,0,0,0,0,679.9,6573.73,0.1314
1,fraud,0,1,1,0,1,0,22.11,46030.25,0.4646
0,legit,0,0,0,0,0,0,1274.98,43266.64,0.5061
1,fraud,1,1,0,1,0,0,2299.29,14775.85,0.1694
0,legit,0,0,0,0,0,0,673.06,21607.01,0.1142
1,fraud,1,1,0,1,1,1,1002.13,35635.71,0.5414
0,legit,0,0,0,0,0,0,937.03,3331.73,0.1215
1,fraud,1,0,1,0,0,0,14.85,129739.31,0.9314
0,legit,0,0,0,1,0,0,13326.46,10892.27,0.1133
1,fraud,1,0,1,1,1,1,3437.38,26842.12,0.4207
0,legit,0,0,0,0,0,0,18902.04,21002.76,0.2494
1,fraud,0,1,1,1,0,0,55.28,12086.45,0.4874
0,legit,0,0,0,1,0,0,19057.47,16183.19,0.1645
1,fraud,1,1,1,1,0,0,3.99,103839.47,0.7792
0,legit,0,0,0,0,1,0,586.31,10493.17,0.104
1,fraud,1,1,0,0,1,1,24.12,135267.69,0.8385
0,legit,0,0,0,0,1,0,1376.75,6088.82,0.0323
1,fraud,0,1,0,0,1,3,535.22,40290.26,0.824
0,legit,0,0,0,0,0,1,1156.06,9998.43,0.1124
1,fraud,1,1,1,0,0,2,15.9,25337.16,0.2734
0,legit,0,0,0,0,0,0,789.84,35563.49,0.2093
1,fraud,1,1,0,0,1,2,17.97,24454.17,0.4888
0,legit,1,1,0,0,0,0,1617.95,15662.56,0.1208
1,fraud,1,1,0,0,0,0,844.15,122236.22,0.7597
0,legit,0,1,0,0,0,0,23.04,15796.49,0.2557
1,fraud,1,1,0,0,1,1,10.26,137879.61,0.8668
0,legit,0,0,0,1,0,0,429.13,51595.37,0.66
1,fraud,0,1,0,0,1,0,49.34,69225.17,0.5352
0,legit,0,0,0,1,0,0,40113.28,17381.07,0.2277
1,fraud,1,1,1,1,0,2,5211.77,56839.63,0.4424
0,legit,0,0,0,1,0,0,29845.17,23951.91,0.1812
1,fraud,1,1,0,0,0,0,28.21,13119.21,0.5511
0,legit,1,0,0,0,1,0,4907.3,3091.27,0.0369
1,fraud,1,1,0,0,1,1,18.43,22237.72,0.6775
0,legit,1,0,1,0,0,0,26020.32,38557.2,0.5577
1,fraud,1,1,1,1,1,1,3044.83,72305.37,0.5105
0,legit,0,0,0,0,0,0,8251.2,5838.61,0.0425
1,fraud,1,1,0,1,1,1,2582.31,26773.52,0.1998
0,legit,1,0,0,0,0,0,897.23,5327.96,0.0366
1,fraud,1,0,1,1,0,1,1.6,37307.37,0.4206
0,legit,0,0,0,0,0,0,94.38,7931.67,0.042
1,fraud,1,1,1,0,1,2,1400.71,48230.94,0.4455
0,legit,1,0,0,1,0,0,700.72,11078.02,0.0593
1,fraud,1,0,1,1,0,2,3129.33,32220.22,0.7513
0,legit,1,0,0,1,0,0,1354.09,9945.09,0.1499
1,fraud,1,1,0,1,1,1,47.39,54790.61,0.6645
0,legit,0,0,0,0,0,0,17856.09,5172.84,0.0495
1,fraud,1,1,0,0,1,3,372.9,121634.98,0.8126
0,legit,0,0,0,0,0,0,1276.78,6576.05,0.0554
1,fraud,1,1,0,1,1,2,809.63,155419.96,0.8784
0,legit,0,0,0,1,0,0,7920.95,2799.42,0.0303
1,fraud,1,1,0,1,0,1,28.83,26930.74,0.1955
0,legit,0,0,0,0,0,0,27510.65,9017.17,0.1012
1,fraud,1,1,0,1,1,0,2011.15,146221.89,0.8695
0,legit,0,0,0,1,0,1,36519.99,2.07,0.0
1,fraud,1,1,1,0,1,0,1.66,98842.51,0.9674
0,legit,0,0,0,0,0,0,21976.61,4680.51,0.0278
1,fraud,1,1,0,1,0,1,24.87,88025.21,0.6504
0,legit,0,0,0,1,0,0,1390.56,39640.97,0.1983
1,fraud,0,1,1,1,1,2,16.31,15765.75,0.1021
0,legit,0,0,0,0,0,0,39513.99,8964.7,0.0464
1,fraud,1,1,1,0,1,0,415.22,26339.95,0.4473
0,legit,0,1,0,0,0,0,1323.44,17501.47,0.1643
1,fraud,0,1,1,1,1,0,44.94,37005.53,0.6495
0,legit,1,0,0,0,0,0,1434.78,21134.11,0.1502
1,fraud,1,1,0,1,1,0,49.89,141603.2,0.9456
0,legit,0,0,0,0,0,2,9.0,8721.35,0.0597
1,fraud,1,1,0,1,1,0,11.1,104394.42,0.7175
0,legit,0,0,0,0,0,0,11659.24,35559.27,0.2463
1,fraud,1,1,0,1,1,1,1214.17,74876.15,0.4445
0,legit,0,1,0,1,0,0,27232.91,13591.08,0.0816
1,fraud,1,1,1,0,1,2,53.84,10023.53,0.4292
0,legit,0,0,0,0,0,0,1287.95,1055.94,0.0325
1,fraud,1,0,0,0,1,2,313.4,139988.0,0.9405
0,legit,0,0,0,0,0,0,1341.17,5616.12,0.1931
1,fraud,1,1,1,1,0,1,26.43,131229.9,0.877
0,legit,0,0,0,0,0,0,12641.14,16464.05,0.117
1,fraud,1,0,0,1,1,1,63.25,20196.4,0.5704
0,legit,0,0,0,1,0,0,6051.77,3204.41,0.1088
1,fraud,1,1,1,0,0,3,24.35,16977.55,0.2763
0,legit,0,0,0,0,0,0,140.9,16442.22,0.1051
1,fraud,1,1,1,1,0,1,3913.22,34128.75,0.6336
0,legit,0,0,0,0,1,0,24642.58,74336.09,0.5701
1,fraud,1,1,0,1,0,0,645.26,18894.88,0.1737
0,legit,0,0,1,0,0,0,26447.98,2418.7,0.0398
1,fraud,0,1,1,0,0,2,56.02,132366.98,0.7745
0,legit,0,0,0,1,0,1,185.56,49866.27,0.355
1,fraud,1,1,0,0,0,1,324.72,31306.23,0.2307
0,legit,0,0,0,0,0,0,1172.62,13165.07,0.1201
1,fraud,0,1,0,1,1,0,1074.77,114695.88,0.8836
0,legit,0,0,0,0,0,0,705.68,43501.6,0.4578
1,fraud,1,1,1,1,1,0,11.98,25347.72,0.7713
0,legit,0,0,0,0,0,2,786.81,65.92,0.0004
1,fraud,1,1,0,0,1,0,1177.72,5738.15,0.062
0,legit,0,0,0,0,0,0,667.86,15469.33,0.1273
1,fraud,1,1,1,1,1,2,3869.67,154366.73,0.9122
0,legit,0,0,0,0,0,0,30858.53,22767.95,0.1468
1,fraud,1,1,0,1,1,1,1286.25,133097.72,0.9847
0,legit,1,0,0,0,0,0,6127.16,8493.82,0.1113
1,fraud,0,1,0,1,1,1,81.03,20009.72,0.9882
0,legit,0,0,0,0,0,0,9401.22,10525.47,0.1496
1,fraud,1,1,1,0,1,2,18.24,57422.95,0.6519
0,legit,0,0,0,0,0,0,678.16,11729.49,0.0923
1,fraud,1,1,0,1,1,0,477.63,157169.09,0.8689
0,legit,1,0,0,0,0,0,1298.79,9135.84,0.0758
1,fraud,0,1,1,1,0,0,22.2,115820.23,0.7153
0,legit,0,0,0,0,0,0,19851.79,4243.17,0.0801
1,fraud,0,1,1,0,0,0,4686.53,63751.86,0.6203
0,legit,0,1,1,0,1,0,27877.68,11007.83,0.0784
1,fraud,0,1,1,0,1,0,3203.22,94926.0,0.8852
0,legit,0,0,0,0,0,1,17742.14,25164.18,0.1342
1,fraud,1,1,0,0,1,1,56.65,7917.69,0.0575
0,legit,0,0,0,0,0,2,1317.91,5241.95,0.0945
1,fraud,1,1,1,1,0,1,1.45,151423.88,0.7614
0,legit,0,0,0,0,0,0,1114.68,2656.19,0.079
1,fraud,1,1,1,0,0,2,4772.61,23707.39,0.8676
0,legit,0,0,0,0,0,0,1022.67,27189.64,0.6216
1,fraud,1,0,1,0,0,0,1700.97,136401.77,0.7127
0,legit,0,1,0,0,0,0,487.09,6835.44,0.064
1,fraud,1,1,1,0,1,3,18.29,123821.83,0.7528
0,legit,0,0,0,1,0,0,1317.61,5049.42,0.031
1,fraud,1,1,1,1,1,2,424.63,36340.25,0.8049
0,legit,0,0,0,0,0,1,203.75,1927.31,0.0669
1,fraud,1,1,0,1,1,2,14.74,123143.94,0.6416
0,legit,0,0,0,0,1,0,42140.08,8095.04,0.3308
1,fraud,1,1,0,0,1,1,3354.62,68243.23,0.5273
0,legit,0,0,0,0,0,0,14387.1,3706.27,0.1356
1,fraud,1,0,0,0,1,1,782.58,101329.29,0.5582
0,legit,0,0,0,0,0,0,37612.46,11277.18,0.1215
1,fraud,1,1,1,1,1,2,754.51,38002.13,0.8792
0,legit,0,0,0,0,0,0,40096.83,97145.42,0.5767
1,fraud,1,1,1,1,0,0,2573.9,38864.6,0.616
0,legit,1,0,0,0,1,0,39658.08,62896.98,0.3596
1,fraud,1,1,1,0,1,1,8.3,56715.78,0.8111
0,legit,0,0,0,1,0,0,35536.33,57067.97,0.312
1,fraud,0,1,1,1,1,0,2196.34,12900.4,0.1103
0,legit,0,0,0,0,1,1,19305.18,6511.15,0.0462
1,fraud,1,1,0,1,0,0,4.55,39048.08,0.5116
0,legit,0,0,0,0,0,0,33186.39,8630.82,0.0672
1,fraud,1,1,1,0,1,2,22.04,168573.73,0.9074
0,legit,0,0,0,0,1,0,18440.17,33644.44,0.2186
1,fraud,1,0,0,0,1,0,352.2,10662.15,0.1654
0,legit,0,0,0,1,0,0,3889.5,1662.05,0.0355
1,fraud,1,1,0,0,1,0,9.3,46682.01,0.638
0,legit,0,0,0,1,0,1,479.72,69639.22,0.5865
1,fraud,1,1,0,1,1,0,2.49,120069.38,0.7376
0,legit,0,0,0,0,0,0,906.96,7034.03,0.1912
1,fraud,1,0,1,1,1,1,166.38,20327.74,0.4043
0,legit,0,0,0,0,0,0,246.72,23642.15,0.1529
1,fraud,1,1,0,1,1,0,25.05,34241.6,0.2907
0,legit,0,0,0,0,0,0,20985.5,5002.82,0.0365
1,fraud,0,1,1,0,1,0,26.4,38639.87,0.6374
0,legit,0,0,0,0,0,0,17141.97,3169.17,0.0386
1,fraud,1,1,0,0,1,1,90.47,31110.45,0.2486
0,legit,0,0,0,0,0,0,24171.84,1082.86,0.0206
1,fraud,1,0,0,0,1,0,1328.23,139698.25,0.8816
0,legit,0,0,0,0,0,0,22767.32,78114.54,0.6665
1,fraud,1,1,1,1,0,1,34.39,162801.92,0.9433
0,legit,0,0,0,1,1,0,25546.03,609.42,0.0138
1,fraud,1,1,0,0,1,2,54.22,16598.67,0.2668
0,legit,0,0,0,1,0,0,15291.56,5644.36,0.0714
1,fraud,1,1,0,0,0,0,4.62,16415.76,0.1978
0,legit,0,0,0,0,0,0,4088.5,23792.55,0.1284
1,fraud,1,0,0,1,1,0,39.0,18249.82,0.1038
0,legit,0,1,0,0,0,1,32167.48,8557.54,0.099
1,fraud,1,0,1,0,1,2,1507.18,4604.21,0.0511
0,legit,0,0,0,1,0,0,32.32,26204.15,0.605
1,fraud,1,1,1,0,0,0,44.78,164000.64,0.9735
0,legit,0,0,0,0,0,0,1243.56,6869.66,0.0469
1,fraud,1,1,0,1,1,1,56.24,134258.41,0.9228
0,legit,1,1,0,0,0,1,530.53,13662.17,0.1882
1,fraud,0,1,1,0,1,3,3242.66,49048.05,0.264
0,legit,0,0,0,0,0,1,21890.4,13154.9,0.0775
1,fraud,1,1,0,0,1,1,47.66,95001.75,0.9252
0,legit,0,0,0,0,0,0,32656.19,29931.45,0.2634
1,fraud,1,1,0,0,0,2,29.99,27887.2,0.6592
0,legit,0,0,0,1,0,0,721.81,17630.25,0.1163
1,fraud,1,1,0,0,1,0,1427.06,46555.51,0.4883
0,legit,0,0,0,0,0,0,23738.49,1459.52,0.0127
1,fraud,1,0,0,1,0,1,43.29,97053.67,0.5051
0,legit,0,0,0,0,0,0,1137.32,23282.86,0.1192
1,fraud,1,0,1,1,1,1,218.87,139518.08,0.9725
0,legit,0,0,0,0,0,1,21853.94,4222.72,0.0876
1,fraud,0,1,1,0,1,2,971.86,71104.12,0.8138
0,legit,0,0,0,0,0,0,483.32,4368.88,0.0393
1,fraud,1,1,1,1,0,2,595.65,151230.97,0.7969
0,legit,0,0,0,0,0,0,981.21,11384.91,0.368
1,fraud,1,1,1,0,1,0,5640.12,142433.02,0.8762
0,legit,0,1,0,0,0,0,24761.57,35823.15,0.2206
1,fraud,0,0,0,1,0,0,689.84,191046.77,0.9747
0,legit,0,0,0,0,0,0,27628.71,83695.22,0.475
1,fraud,1,1,0,1,1,0,582.01,52306.79,0.2702
0,legit,0,0,0,0,0,0,23817.85,9092.8,0.0469
1,fraud,0,0,1,1,1,0,15.07,80375.09,0.5846
0,legit,0,1,0,0,0,0,30975.74,11701.04,0.1497
1,fraud,1,1,1,1,1,0,84.07,46396.82,0.6651
0,legit,1,0,0,0,0,0,6497.53,93074.55,0.5366
1,fraud,0,0,0,0,1,1,1093.16,44377.9,0.5295
0,legit,1,0,0,0,0,0,999.66,3102.17,0.0672
1,fraud,1,0,0,1,0,0,5507.37,78244.26,0.9532
0,legit,0,0,0,0,0,0,19374.89,6678.38,0.0946
1,fraud,1,1,1,1,1,0,38.07,130815.66,0.9755
0,legit,0,0,0,0,0,0,622.99,19977.23,0.4549
1,fraud,1,1,0,0,1,0,10.52,67748.22,0.5479
0,legit,1,0,0,0,0,0,31066.98,5129.2,0.0842
1,fraud,1,1,0,1,1,0,4.07,177604.85,0.9584
0,legit,0,0,0,1,0,0,29377.29,3715.81,0.0746
1,fraud,0,0,1,0,1,1,2681.86,140500.51,0.9238
0,legit,0,0,0,0,0,0,18259.28,9714.34,0.0739
1,fraud,1,0,1,1,0,0,25.17,37872.95,0.1984
0,legit,0,0,0,0,0,0,30046.92,680.52,0.0152
1,fraud,1,1,1,0,0,1,30.12,85037.33,0.7056
0,legit,0,0,0,1,0,0,559.57,28563.49,0.2144
1,fraud,0,1,1,0,1,1,45.01,87259.95,0.595
0,legit,0,0,0,0,0,0,320.01,12932.93,0.1074
1,fraud,1,1,1,1,1,1,71.2,11268.31,0.0627
0,legit,1,0,0,0,0,0,1234.22,12284.43,0.0951
1,fraud,1,1,0,1,1,3,12.93,10065.32,0.0518
0,legit,0,0,0,1,1,0,12209.41,5331.35,0.2346
1,fraud,1,1,0,0,1,3,2.6,113066.12,0.915
0,legit,0,0,0,1,0,0,18849.52,14594.45,0.0837
1,fraud,1,1,0,0,0,0,4861.12,11997.62,0.5824
0,legit,0,0,0,0,0,0,6949.26,17899.01,0.2006
1,fraud,1,0,0,1,1,3,9.42,44862.71,0.413
0,legit,0,0,0,0,0,0,2264.53,9739.42,0.1289
1,fraud,1,1,0,1,1,3,47.6,42322.61,0.9994
0,legit,0,0,0,0,0,0,37607.17,3554.09,0.1038
1,fraud,1,1,1,1,1,1,1061.87,29530.64,0.9063
0,legit,0,0,0,0,0,0,29940.57,23401.35,0.5636
1,fraud,0,1,1,1,0,0,1567.46,98780.67,0.7669
0,legit,0,0,0,0,0,1,233.8,19189.28,0.5339
1,fraud,1,1,0,1,1,0,35.91,54525.94,0.4137
0,legit,0,0,0,1,0,0,32937.6,6514.8,0.0768
1,fraud,1,1,1,0,1,2,50.79,124235.75,0.7882
0,legit,0,1,0,0,0,0,447.23,3274.9,0.0853
1,fraud,1,1,1,0,1,2,1422.71,68385.23,0.4893
0,legit,0,0,0,0,0,0,447.88,1536.39,0.0266
1,fraud,1,1,0,1,1,1,32.1,13448.17,0.4105
0,legit,0,0,0,0,0,0,313.3,4366.77,0.1793
1,fraud,1,1,1,1,1,2,51.31,190687.41,0.9571
0,legit,0,0,0,0,0,0,770.45,21825.0,0.143
1,fraud,1,1,1,0,1,1,172.86,143898.97,0.8409
0,legit,1,0,0,0,0,0,42106.71,3108.96,0.0561
1,fraud,1,1,1,1,1,1,4252.19,24427.62,0.7517
0,legit,0,0,0,0,0,0,831.43,4198.11,0.0552
1,fraud,1,1,0,1,0,0,646.31,67556.2,0.7657
0,legit,0,0,0,0,0,0,38888.55,37456.41,0.2337
1,fraud,1,1,1,1,0,2,2610.46,15780.5,0.102
0,legit,1,0,0,0,0,0,505.97,604.3,0.0065
1,fraud,1,1,1,1,1,2,53.53,119011.07,0.6267
0,legit,0,0,0,0,0,0,18556.72,21728.57,0.3571
1,fraud,1,1,1,0,0,1,258.42,31592.24,0.228
0,legit,1,0,0,0,0,0,40053.0,6782.83,0.0752
1,fraud,1,1,0,0,1,2,4045.28,119653.41,0.9149
0,legit,1,0,0,1,1,2,19997.9,43337.99,0.2323
1,fraud,0,0,1,0,1,1,162.03,40541.11,0.7777
0,legit,0,0,0,1,0,0,269.99,48964.38,0.568
1,fraud,1,0,1,1,1,1,49.07,111918.59,0.9194
0,legit,0,0,0,0,0,0,17660.78,56003.84,0.3613
1,fraud,1,0,0,0,1,0,4560.21,38976.27,0.2689
0,legit,1,1,0,0,0,0,19181.63,34398.76,0.4648
1,fraud,1,1,1,1,1,1,32.2,1211.06,0.0589
0,legit,0,0,0,0,0,0,1253.92,5391.61,0.0469
1,fraud,1,1,1,1,0,0,49.81,31312.93,0.4899
0,legit,0,0,0,0,0,0,37990.63,7222.7,0.0519
1,fraud,1,1,0,0,0,1,22.64,84741.9,0.4855
0,legit,0,0,0,0,0,0,31188.03,1194.52,0.0075
1,fraud,1,0,1,0,0,1,3231.74,87938.43,0.6011
0,legit,0,0,0,0,0,0,528.56,16314.61,0.1173
1,fraud,1,0,1,0,0,1,37.83,118013.75,0.7555
0,legit,0,0,0,0,0,0,18200.5,44152.93,0.2225
1,fraud,1,0,1,1,1,1,19.69,86857.93,0.7479
0,legit,0,0,0,0,0,0,1163.98,8080.4,0.0647
1,fraud,0,1,0,1,1,1,73.8,40270.64,0.8436
0,legit,0,0,0,0,0,0,207.1,13415.21,0.121
1,fraud,1,1,0,1,1,1,23.47,116768.64,0.6793
0,legit,0,0,0,0,0,0,41413.74,5156.7,0.0316
1,fraud,1,1,1,1,1,1,15.72,19246.64,0.6841
0,legit,1,1,0,0,0,1,24662.03,2842.46,0.0235
1,fraud,1,1,0,1,1,2,57.71,24695.98,0.436
0,legit,0,0,0,0,0,1,1058.51,2855.11,0.0191
1,fraud,1,1,1,1,1,0,42.43,58199.57,0.9031
0,legit,0,1,0,0,0,0,509.03,1614.83,0.0204
1,fraud,1,0,0,1,0,2,36.77,6281.04,0.1132
0,legit,0,0,0,0,0,0,28786.39,3165.69,0.0445
1,fraud,1,1,1,1,0,0,31.39,21406.61,0.1263
0,legit,0,0,0,0,0,0,18221.39,1212.32,0.0086
1,fraud,1,1,0,1,1,0,1384.53,118154.73,0.9031
0,legit,0,0,1,0,0,0,39199.68,7126.81,0.3246
1,fraud,1,1,1,0,1,1,2.6,36004.11,0.5244
0,legit,0,0,0,0,0,0,9024.52,5407.22,0.129
1,fraud,1,0,0,0,1,1,52.85,88429.23,0.7719
0,legit,0,0,0,0,0,0,17225.54,2437.43,0.0517
1,fraud,1,1,1,0,0,0,53.7,7732.5,0.2972
0,legit,0,0,0,1,0,0,937.91,26681.61,0.1521
1,fraud,1,1,0,1,1,0,1045.56,171551.47,0.9509
0,legit,0,0,0,0,1,2,32382.02,26947.66,0.2657
1,fraud,1,1,0,0,1,0,10.87,83659.96,0.5431
0,legit,0,0,0,0,0,0,1036.17,1704.53,0.0131
1,fraud,1,0,0,0,1,1,13.21,94840.99,0.8
0,legit,0,0,0,0,0,1,31439.14,13274.49,0.0815
1,fraud,1,1,1,0,1,0,45.85,23862.44,0.5209
0,legit,0,0,0,0,0,0,196.46,26464.69,0.5306
1,fraud,1,1,0,0,1,0,52.22,17851.22,0.1932
0,legit,0,0,0,0,0,0,31926.74,19612.35,0.1062
1,fraud,0,1,0,1,1,0,15.38,132903.42,0.9636
0,legit,0,0,0,1,0,0,703.09,628.25,0.0174
1,fraud,0,1,1,1,1,2,947.78,5523.19,0.1821
0,legit,0,0,0,0,0,0,26207.57,13481.41,0.162
1,fraud,1,1,0,1,0,0,2641.43,31523.91,0.6614
0,legit,0,0,0,1,0,0,897.4,30176.91,0.1747
1,fraud,1,0,1,0,0,0,14.6,103537.3,0.6181
0,legit,0,0,0,0,0,0,28578.43,1276.51,0.0276
1,fraud,1,1,0,1,1,1,5.08,19284.67,0.6754
0,legit,0,0,0,0,0,0,14.87,19918.86,0.2191
1,fraud,1,0,0,1,1,1,46.55,43627.75,0.4191
0,legit,1,0,0,0,0,0,28162.22,24570.5,0.1938
1,fraud,1,1,0,1,1,0,43.89,5738.73,0.2227
0,legit,0,0,0,1,0,0,1404.34,11815.58,0.0689
1,fraud,1,1,0,1,0,0,3809.18,30263.41,0.4691
0,legit,1,0,0,0,0,0,9107.29,7816.48,0.3779
1,fraud,1,1,0,1,1,0,1090.41,18867.32,0.5932
0,legit,0,0,0,0,0,0,19080.26,2078.09,0.0324
1,fraud,0,0,1,1,1,2,14.09,114443.69,0.7924
0,legit,0,0,0,0,0,0,21920.36,11900.75,0.1016
1,fraud,0,1,0,0,1,0,1010.93,64352.72,0.5662
0,legit,0,0,0,0,1,0,1212.43,7458.78,0.0639
1,fraud,1,1,0,1,0,3,2.81,13083.17,0.1608
0,legit,0,0,0,0,0,0,1088.93,9973.84,0.0802
1,fraud,1,0,0,0,0,0,27.2,6048.44,0.0949
0,legit,0,0,0,0,0,0,12029.59,18312.88,0.1025
1,fraud,1,1,1,1,1,1,34.41,168051.04,0.8823
0,legit,0,0,0,0,0,0,25451.05,13093.52,0.2104
1,fraud,1,1,0,0,1,0,794.1,77185.79,0.9523
0,legit,0,0,0,0,0,0,674.31,11803.78,0.0882
1,fraud,1,1,1,1,0,1,1887.38,82993.81,0.4189
0,legit,0,0,0,0,0,2,944.72,2019.13,0.0259
1,fraud,1,1,0,0,1,1,2655.18,18643.84,0.6679
0,legit,0,0,0,0,0,0,9916.19,9467.01,0.1379
1,fraud,1,1,1,1,1,1,39.91,78766.98,0.8938
0,legit,1,0,0,0,0,0,36343.76,4377.39,0.0679
1,fraud,1,1,0,0,1,1,1214.75,37167.34,0.9549
0,legit,0,0,0,0,0,1,704.59,7980.76,0.068
1,fraud,1,1,0,1,0,2,13.16,156238.5,0.8994
0,legit,1,0,1,0,0,0,2473.33,30899.99,0.2065
1,fraud,1,1,0,1,1,0,11.05,160645.89,0.8374
0,legit,0,0,0,0,1,0,508.6,7887.83,0.0453
1,fraud,1,1,1,0,1,0,21.37,104091.78,0.9107
0,legit,0,0,0,1,0,0,3990.46,14240.26,0.1951
1,fraud,1,0,0,0,1,2,4872.37,132696.52,0.93
0,legit,0,0,0,1,0,0,73.04,15807.07,0.1649
1,fraud,1,1,1,1,1,2,3078.32,13566.15,0.1445
0,legit,0,0,0,0,0,0,13723.41,19478.97,0.1166
1,fraud,1,1,1,1,0,1,30.75,54255.19,0.965
0,legit,0,0,0,0,0,0,36324.48,7896.99,0.1613
1,fraud,1,1,1,1,1,2,1111.59,85193.8,0.6671
0,legit,1,1,0,0,0,0,976.65,5094.5,0.1161
1,fraud,1,1,0,1,1,0,5418.88,37467.98,0.5024
0,legit,0,0,0,0,0,0,14591.18,17753.01,0.0994
1,fraud,1,1,1,0,0,0,632.64,10832.36,0.5128
0,legit,0,0,0,0,0,0,239.85,5284.46,0.1776
1,fraud,0,1,1,1,1,2,1158.9,13991.45,0.2925
0,legit,0,0,0,0,1,0,520.3,18196.81,0.1382
1,fraud,1,0,1,0,1,2,1410.95,5311.67,0.1273
0,legit,0,0,0,0,0,0,11505.1,6032.44,0.1853
1,fraud,1,1,1,1,1,1,1294.77,48966.35,0.6848
0,legit,0,0,0,1,0,0,10122.66,13981.31,0.1575
1,fraud,1,1,0,1,1,1,8.06,71729.29,0.5701
0,legit,0,0,0,0,0,0,146.25,12927.96,0.0927
1,fraud,1,1,1,1,1,2,2644.41,121400.17,0.7241
0,legit,1,0,0,0,0,0,458.57,43479.32,0.248
1,fraud,0,1,0,1,0,1,50.31,10490.07,0.2958
0,legit,0,0,0,0,0,0,697.01,60993.61,0.5697
1,fraud,1,1,0,1,1,0,53.73,12985.67,0.1834
0,legit,0,0,0,1,0,0,40491.97,16109.6,0.1492
1,fraud,0,1,0,1,1,0,2222.95,185174.3,0.983
0,legit,1,0,0,0,0,0,849.53,35915.64,0.2382
1,fraud,1,0,1,1,0,1,27.92,68604.67,0.6934
0,legit,0,0,0,0,0,0,306.24,49494.26,0.2685
1,fraud,1,1,0,0,1,0,1671.1,85697.38,0.4675
0,legit,0,0,0,0,0,0,18396.88,93032.18,0.6889
1,fraud,1,1,0,0,1,3,17.19,151224.99,0.9427
0,legit,1,1,0,0,0,0,1438.19,34697.84,0.1794
1,fraud,1,1,1,1,1,2,2190.79,32046.26,0.7394
0,legit,0,0,0,0,0,0,29262.19,15447.05,0.176
1,fraud,1,1,0,1,1,2,7.85,47194.95,0.6119
0,legit,0,0,0,0,0,0,26788.88,87423.72,0.4598
1,fraud,1,1,0,0,1,0,1365.66,164261.03,0.9296
0,legit,1,0,0,1,0,0,1608.19,332.98,0.0018
1,fraud,1,1,0,1,1,2,21.77,70646.79,0.4356
0,legit,0,0,0,0,0,0,1296.21,2241.03,0.0248
1,fraud,1,1,1,1,1,2,434.23,46899.33,0.254
0,legit,0,0,0,0,0,0,30188.57,26111.31,0.3003
1,fraud,0,0,0,1,1,2,48.86,14776.11,0.158
0,legit,0,0,0,0,0,0,614.38,14358.24,0.1493
1,fraud,1,1,0,1,1,1,3160.12,127848.08,0.8995
0,legit,0,0,0,0,0,0,12143.48,2613.72,0.0373
1,fraud,0,1,1,1,0,1,359.49,120032.92,0.8855
0,legit,0,0,0,0,0,2,30056.35,39076.29,0.2107
1,fraud,1,1,0,1,1,0,23.51,122959.75,0.9461
0,legit,0,0,0,0,0,0,42080.1,37240.6,0.2774
1,fraud,1,1,1,0,1,0,835.44,72965.39,0.6167
0,legit,1,0,0,0,0,1,805.48,10881.69,0.0665
1,fraud,1,1,0,1,1,0,4509.93,139583.52,0.899
0,legit,0,0,0,0,0,0,24187.37,9862.03,0.1052
1,fraud,1,1,1,0,1,1,373.29,102802.34,0.5545
0,legit,0,1,0,1,0,0,17325.96,50890.37,0.6982
1,fraud,0,1,0,0,0,1,26.99,77176.52,0.4444
0,legit,0,0,0,0,0,0,41958.17,4299.2,0.1436
1,fraud,1,0,0,0,1,0,36.31,126047.61,0.9464
0,legit,0,0,0,0,0,0,29346.07,3939.8,0.1508
1,fraud,1,1,0,1,1,0,1.62,22156.86,0.284
0,legit,0,0,0,0,0,1,40522.49,61521.51,0.3435
1,fraud,1,1,0,1,1,0,48.9,85428.7,0.4311
0,legit,0,0,0,0,0,0,1338.98,11537.98,0.0622
1,fraud,0,1,0,1,0,2,454.77,48063.08,0.5338
0,legit,0,1,0,0,0,0,21282.82,34722.11,0.4745
1,fraud,1,1,0,1,1,1,1040.46,20264.25,0.1939
0,legit,0,0,0,0,0,0,616.22,1100.38,0.0079
1,fraud,1,1,0,1,1,0,10.55,131143.8,0.785
0,legit,0,0,0,1,1,0,572.98,10647.97,0.087
1,fraud,1,1,1,0,1,0,45.79,99215.44,0.5763
0,legit,1,0,0,0,1,0,18197.52,10394.54,0.0538
1,fraud,1,1,0,1,1,1,2987.84,17404.39,0.1496
0,legit,1,0,0,0,0,0,13004.83,22724.25,0.2285
1,fraud,1,1,1,0,1,0,739.83,92409.04,0.7059
0,legit,0,0,0,0,1,0,24167.67,3722.48,0.0243
1,fraud,0,1,0,0,1,0,2988.57,120423.8,0.8583
0,legit,0,0,0,1,0,0,232.68,42216.33,0.5344
1,fraud,1,1,0,0,1,0,57.78,163004.65,0.8994
0,legit,0,0,0,0,0,1,18465.61,27823.23,0.1744
1,fraud,0,1,1,1,0,2,53.38,31685.66,0.1754
0,legit,0,1,0,0,0,0,20416.56,50572.68,0.4687
1,fraud,1,0,0,1,0,2,2858.48,83525.89,0.5452
0,legit,0,1,0,1,0,0,236.33,761.66,0.023
1,fraud,1,0,0,0,1,1,555.58,16586.35,0.6261
0,legit,0,0,0,0,0,0,5363.14,32938.42,0.1751
1,fraud,1,0,1,0,0,2,3277.49,26510.13,0.2728
0,legit,0,0,0,0,0,0,14076.28,617.35,0.0249
1,fraud,1,0,1,0,1,1,372.05,60785.15,0.5025
0,legit,0,0,0,0,0,1,26.31,4970.85,0.1054
1,fraud,1,1,0,0,1,1,286.0,7169.48,0.2462
0,legit,0,0,0,0,0,0,26391.96,30578.9,0.514
1,fraud,0,1,1,1,1,1,50.02,5654.34,0.1498
0,legit,0,0,0,0,0,0,951.82,2798.44,0.0155
1,fraud,1,0,0,1,1,2,57.54,132712.15,0.7771
0,legit,0,0,0,0,0,0,31414.48,1870.7,0.0143
1,fraud,1,1,1,0,0,0,657.82,5391.73,0.0614
0,legit,0,0,0,0,0,0,25235.73,16510.46,0.2175
1,fraud,1,1,1,0,1,1,3157.91,27781.47,0.2056
0,legit,0,1,0,0,0,0,31683.57,9359.49,0.0579
1,fraud,1,0,1,0,0,2,5078.63,3257.45,0.0922
0,legit,0,0,0,0,0,0,616.05,4166.36,0.043
1,fraud,1,1,1,0,0,2,49.34,13855.36,0.5455
0,legit,0,0,0,0,0,0,393.72,21885.14,0.3847
1,fraud,1,0,1,1,1,0,4615.06,65617.7,0.5593
0,legit,0,0,0,0,0,0,11137.84,41390.15,0.2424
1,fraud,1,1,1,0,1,0,1168.99,50668.42,0.4032
0,legit,0,0,0,0,0,0,850.5,4795.53,0.061
1,fraud,1,1,0,1,1,0,1990.37,122109.1,0.8929
0,legit,0,0,0,0,0,0,539.33,11805.7,0.0735
1,fraud,1,0,1,0,1,1,4025.43,26899.16,0.458
0,legit,0,0,0,0,0,0,911.18,42695.21,0.2928
1,fraud,0,1,1,0,1,0,22.22,29005.52,0.4975
0,legit,0,0,0,0,0,0,3989.46,52508.31,0.2768
1,fraud,1,0,1,1,1,2,56.69,96608.96,0.5013
0,legit,0,0,0,0,0,1,595.89,15843.65,0.3476
1,fraud,1,1,1,1,0,3,3688.33,47266.31,0.62
0,legit,0,0,0,1,0,0,33449.25,13212.59,0.2653
1,fraud,1,1,0,0,0,2,32.79,30057.0,0.6209
0,legit,0,0,0,0,0,0,505.4,5106.79,0.0803
1,fraud,0,1,1,1,1,2,49.24,73218.55,0.7263
0,legit,0,0,0,0,0,0,24652.52,71960.41,0.3929
1,fraud,1,1,1,0,1,0,2340.76,1585.95,0.0735
0,legit,0,0,0,1,1,0,1044.06,8214.94,0.0553
1,fraud,1,0,0,0,1,2,46.45,108849.75,0.6309
0,legit,0,0,0,0,0,1,624.8,14371.29,0.0988
1,fraud,1,0,0,1,1,0,57.8,5490.5,0.0532
0,legit,0,0,0,0,1,0,14610.57,105348.05,0.5288
1,fraud,1,1,0,1,1,0,2900.93,43989.64,0.6844
0,legit,0,0,0,0,0,0,644.08,12150.8,0.156
1,fraud,0,1,0,0,0,0,2207.27,31437.76,0.5193
0,legit,1,0,0,0,1,0,3044.08,43804.91,0.4428
1,fraud,1,1,1,1,1,0,40.69,67688.21,0.8339
0,legit,0,0,0,0,0,1,863.3,5484.15,0.042
1,fraud,1,1,0,0,1,0,54.2,12383.58,0.1614
0,legit,0,0,0,0,0,0,9787.63,2554.43,0.033
1,fraud,1,0,0,0,1,1,52.55,38560.03,0.8325
0,legit,0,1,0,1,0,0,1163.61,1373.13,0.0327
1,fraud,1,1,0,1,1,1,58.25,26454.27,0.9489
0,legit,0,0,0,0,0,0,3942.29,3607.65,0.0311
1,fraud,1,1,0,1,1,0,22.02,110251.16,0.6975
0,legit,0,0,0,0,0,0,1417.96,38320.54,0.5878
1,fraud,1,0,1,1,1,2,2093.47,117492.0,0.9312
0,legit,0,1,0,0,0,0,245.38,4651.97,0.0622
1,fraud,1,1,0,1,1,1,56.5,104255.81,0.5389
0,legit,0,0,0,0,0,0,29108.61,12241.8,0.0811
1,fraud,1,1,0,1,0,1,58.13,32927.86,0.2322
0,legit,0,0,0,0,0,1,31290.51,855.56,0.0126
1,fraud,1,1,0,0,1,1,562.76,5955.32,0.0885
0,legit,1,0,0,0,0,0,24909.97,5813.25,0.1701
1,fraud,1,1,0,1,1,1,1364.69,38766.85,0.9647
0,legit,0,0,0,0,0,0,184.55,23339.7,0.1508
1,fraud,1,1,1,1,1,0,4687.12,71123.17,0.5814
0,legit,0,0,0,0,0,0,32790.19,4456.02,0.0635
1,fraud,1,1,0,0,0,0,20.89,55966.75,0.9738
0,legit,0,0,0,1,0,0,1078.23,6306.92,0.0466
1,fraud,1,0,1,0,0,0,1.89,57563.14,0.948
0,legit,0,0,0,0,0,0,25831.46,74998.13,0.5193
1,fraud,0,1,0,0,1,1,987.77,114378.01,0.9419
0,legit,1,0,0,0,0,0,31813.62,8947.7,0.0575
1,fraud,1,1,1,1,0,1,1265.03,99395.49,0.7124
0,legit,0,0,0,0,0,0,382.43,3207.35,0.0205
1,fraud,1,0,1,0,0,2,1239.35,87869.88,0.6781
0,legit,0,0,0,0,0,0,29.59,94926.69,0.6095
1,fraud,1,0,0,0,1,2,4964.7,56470.26,0.9859
0,legit,0,0,0,1,0,0,8187.3,18623.16,0.1752
1,fraud,1,0,1,0,1,0,125.15,90095.45,0.6777
0,legit,0,0,0,0,0,0,12144.58,83957.71,0.6247
1,fraud,1,1,0,1,1,1,1229.67,109925.24,0.6985
0,legit,0,0,0,0,0,1,1098.07,7832.05,0.1168
1,fraud,1,0,1,1,1,2,77.45,61406.48,0.4646
0,legit,0,0,0,0,0,0,25633.65,2567.54,0.0601
1,fraud,1,1,0,1,1,1,5029.32,147194.38,0.7407
0,legit,0,0,0,0,0,0,34046.39,7897.76,0.0538
1,fraud,1,1,1,1,1,1,48.42,41558.87,0.421
0,legit,1,0,0,0,0,0,740.21,40839.88,0.4743
1,fraud,1,1,1,0,1,0,22.75,54972.43,0.4023
0,legit,0,0,0,1,0,0,32622.55,3181.24,0.0632
1,fraud,1,1,1,1,0,1,0.83,26029.41,0.2932
0,legit,0,0,0,0,0,0,38126.77,4678.76,0.04
1,fraud,1,1,0,0,1,0,36.42,104359.13,0.5422
0,legit,0,0,0,0,0,0,6212.47,61223.55,0.5133
1,fraud,1,1,1,1,1,1,3427.86,72772.59,0.8309
0,legit,0,0,0,0,0,0,1182.8,34615.49,0.2535
1,fraud,1,1,0,1,1,0,911.23,62326.05,0.671
0,legit,0,0,0,0,0,0,29045.94,2760.67,0.0319
1,fraud,1,1,0,0,1,0,44.75,48998.42,0.2962
0,legit,0,0,0,1,0,0,11641.73,3089.8,0.027
1,fraud,1,1,1,1,0,0,1170.28,27216.66,0.5983
0,legit,0,0,0,0,0,0,34902.48,11364.05,0.0684
1,fraud,1,1,0,1,1,2,49.97,24440.06,0.1382
0,legit,0,0,0,0,0,0,19658.63,96217.29,0.5868
1,fraud,1,1,0,1,1,1,2981.53,100338.23,0.8095
0,legit,0,0,0,1,0,0,1362.72,3150.44,0.0335
1,fraud,1,0,0,1,0,2,37.57,79603.86,0.7283
0,legit,0,0,0,0,0,0,31475.84,3695.45,0.0312
1,fraud,1,0,0,1,1,2,1428.57,46064.55,0.7148
0,legit,0,0,0,0,0,0,13981.07,3754.94,0.1054
1,fraud,0,1,0,1,1,2,4248.92,80865.33,0.4243
0,legit,0,0,0,1,0,0,3.18,85392.05,0.4936
1,fraud,1,1,1,1,1,1,50.01,103724.11,0.81
0,legit,0,0,0,0,0,0,363.71,65166.57,0.4099
1,fraud,1,1,0,0,0,0,859.91,25677.01,0.2668
0,legit,0,0,0,0,0,0,13242.04,7837.43,0.1209
1,fraud,1,1,1,1,1,0,57.4,8605.86,0.2821
0,legit,0,0,0,0,0,0,31543.86,5064.4,0.1231
1,fraud,1,1,1,0,0,0,255.85,64915.66,0.6411
0,legit,0,0,0,0,0,0,984.73,15716.23,0.0906
1,fraud,1,0,0,0,0,0,19.96,72520.78,0.7397
0,legit,0,0,0,0,0,0,40707.51,5400.62,0.0791
1,fraud,1,1,0,0,1,0,611.53,45933.36,0.7897
0,legit,0,0,0,1,0,0,17508.77,3089.02,0.0554
1,fraud,1,1,0,1,1,2,3001.01,107720.11,0.8565
0,legit,0,0,0,0,0,0,636.51,17222.33,0.1441
1,fraud,1,1,1,0,1,3,5251.68,26034.83,0.7704
0,legit,0,0,0,0,0,1,42470.52,3132.72,0.096
1,fraud,1,1,0,1,0,0,43.07,15538.25,0.7245
0,legit,0,0,0,0,0,0,481.73,1226.32,0.0193
1,fraud,1,1,1,1,1,0,1172.67,114550.64,0.7393
0,legit,0,0,0,0,0,0,542.68,5012.33,0.1309
1,fraud,1,0,0,0,1,0,8.49,15430.43,0.2315
0,legit,0,0,0,0,0,0,173.81,38637.7,0.3099
1,fraud,1,1,1,0,1,0,1185.23,52379.13,0.6087
0,legit,1,0,0,0,0,0,770.44,108062.55,0.5628
1,fraud,1,0,0,1,1,0,1371.01,39163.36,0.4253
0,legit,0,0,0,1,1,0,43096.29,1748.07,0.0278
1,fraud,1,0,1,0,1,2,1135.01,83159.0,0.9288
0,legit,0,1,0,0,0,0,61.26,17315.54,0.1048
1,fraud,1,1,1,1,1,0,3921.49,25784.14,0.6281
0,legit,0,0,0,0,0,0,411.38,2164.66,0.0289
1,fraud,1,1,0,0,1,0,752.14,22220.14,0.4491
0,legit,0,0,0,0,0,0,517.55,5942.87,0.055
1,fraud,1,1,0,1,1,3,2325.19,78647.42,0.8204
0,legit,0,0,0,1,0,0,39641.57,118933.3,0.6339
1,fraud,1,1,1,1,0,1,46.36,126138.17,0.9485
0,legit,0,0,0,0,0,0,17553.96,14885.11,0.4679
1,fraud,1,1,0,0,0,2,3009.72,75670.95,0.9145
0,legit,0,0,0,0,0,0,782.07,35159.61,0.4918
1,fraud,1,1,1,1,1,1,56.61,73575.25,0.9875
0,legit,0,0,0,0,0,0,39902.69,78991.15,0.6543
1,fraud,1,1,0,0,0,0,39.08,20486.57,0.1354
0,legit,0,0,0,0,0,0,18785.34,79413.69,0.3999
1,fraud,0,0,0,1,0,0,40.31,68623.56,0.7251
0,legit,1,0,0,0,0,2,31660.88,12931.37,0.3663
1,fraud,1,1,0,0,1,3,13.95,84088.29,0.4647
0,legit,0,0,0,0,0,0,1163.68,12729.01,0.1048
1,fraud,1,0,1,1,1,2,53.05,73312.27,0.4351
0,legit,0,0,0,0,0,0,1322.97,58564.86,0.3966
1,fraud,1,1,1,0,1,3,240.4,162371.28,0.8184
0,legit,0,0,0,0,0,1,168.55,1904.09,0.0354
1,fraud,1,1,0,0,1,0,609.73,104251.46,0.939
0,legit,0,0,0,0,0,1,5952.77,67187.38,0.413
1,fraud,1,0,1,0,1,1,13.16,91030.67,0.7581
0,legit,1,0,0,0,0,0,8573.05,3883.63,0.0481
1,fraud,1,1,0,1,1,1,32.46,84641.59,0.5324
0,legit,0,0,0,0,0,0,883.32,17343.56,0.1525
1,fraud,1,1,0,0,1,0,3969.63,7824.97,0.2383
0,legit,0,0,0,0,0,0,32910.89,14850.11,0.1438
1,fraud,1,0,0,0,0,1,19.91,24737.8,0.5836
0,legit,0,0,0,0,0,0,22429.8,1730.07,0.042
1,fraud,1,0,1,1,1,1,16.78,17155.33,0.4212
0,legit,0,0,0,0,0,0,5467.23,68210.23,0.679
1,fraud,1,0,1,0,1,1,565.92,4812.15,0.1247
0,legit,1,0,0,0,0,0,5907.64,1625.53,0.0394
1,fraud,1,0,0,0,1,0,27.23,114163.84,0.857
0,legit,1,0,0,0,0,0,22633.82,26262.99,0.473
1,fraud,1,1,1,0,1,1,51.2,6403.18,0.0563
0,legit,0,0,0,1,0,0,30465.62,15417.12,0.2131
1,fraud,1,0,0,1,1,2,341.21,24548.16,0.1351
0,legit,0,0,0,0,0,0,23879.26,10956.35,0.0981
1,fraud,1,0,0,1,0,1,9.56,25534.14,0.1776
0,legit,0,0,0,0,0,0,505.31,5734.82,0.0863
1,fraud,1,1,1,1,1,1,217.23,56572.38,0.5555
0,legit,0,0,0,0,0,0,733.83,9402.77,0.15
1,fraud,1,1,1,1,1,1,302.52,85721.16,0.9902
0,legit,0,0,0,0,0,0,1049.71,87086.39,0.5894
1,fraud,1,0,0,1,0,0,12.52,40612.24,0.9809
0,legit,0,0,0,1,0,0,294.21,41042.49,0.5125
1,fraud,1,1,0,1,0,2,45.02,85303.45,0.449
0,legit,0,0,0,0,0,0,35769.16,1676.92,0.0463
1,fraud,1,1,0,1,1,1,313.86,80546.06,0.4544
0,legit,1,0,0,0,0,0,17028.81,57739.64,0.3849
1,fraud,1,1,1,1,0,1,1613.71,118908.28,0.8161
0,legit,0,0,0,0,0,1,16028.98,46533.64,0.4389
1,fraud,1,1,1,0,1,0,455.68,27794.95,0.1759
0,legit,0,0,0,0,0,0,630.32,6966.76,0.0555
1,fraud,1,1,0,1,0,0,1633.03,68112.52,0.6103
0,legit,0,0,0,1,0,0,203.48,18682.78,0.1757
1,fraud,1,1,0,1,0,0,307.64,3231.04,0.093
0,legit,0,1,0,0,1,0,1133.63,24521.66,0.1489
1,fraud,1,1,0,0,0,1,65.23,84831.68,0.8389
0,legit,0,0,0,1,0,1,16601.33,18508.31,0.4205
1,fraud,1,1,0,0,1,0,59.7,31162.27,0.5155
0,legit,0,1,0,0,0,0,19703.75,1266.18,0.025
1,fraud,1,0,0,1,0,2,33.69,111001.84,0.7729
0,legit,0,0,0,1,0,0,8992.11,20432.21,0.1271
1,fraud,1,0,1,1,0,1,32.9,47766.71,0.4645
0,legit,0,0,0,0,1,1,920.28,11800.95,0.0765
1,fraud,1,1,0,1,0,0,6.35,72628.04,0.7795
0,legit,0,0,0,1,0,0,1402.08,7681.54,0.0974
1,fraud,1,1,0,1,0,1,512.55,20464.92,0.2582
0,legit,0,0,0,0,0,1,20080.16,9262.92,0.0649
1,fraud,1,1,0,0,0,1,1335.83,8280.6,0.4019
0,legit,0,0,0,0,0,0,16427.61,4042.48,0.0386
1,fraud,1,1,0,1,1,0,38.88,157866.67,0.8474
0,legit,0,0,0,0,1,0,16975.66,7943.85,0.0427
1,fraud,1,0,1,1,0,1,3760.04,16202.78,0.6965
0,legit,0,0,0,0,0,0,21562.6,45274.88,0.3133
1,fraud,0,0,1,1,1,2,227.49,10045.21,0.1016
0,legit,0,0,0,0,0,0,1258.77,19418.94,0.1994
1,fraud,1,1,1,0,0,0,53.81,139788.03,0.8255
0,legit,1,0,0,0,0,0,43069.09,1973.27,0.0872
1,fraud,1,0,0,1,1,3,18.38,28339.37,0.5967
0,legit,0,0,0,0,0,2,17129.27,5580.57,0.2194
1,fraud,1,1,0,1,1,0,48.43,17648.7,0.2441
0,legit,0,0,0,0,0,0,127.04,6770.32,0.0505
1,fraud,1,1,1,0,1,0,1.56,176536.95,0.9469
0,legit,1,0,0,1,0,0,9214.12,4532.44,0.0731
1,fraud,1,1,1,1,1,0,835.13,124152.34,0.6627
0,legit,1,0,0,0,0,0,521.23,7104.12,0.0668
1,fraud,1,1,1,0,0,2,3877.24,134321.97,0.8715
0,legit,0,0,0,0,0,0,533.52,17558.74,0.1318
1,fraud,1,1,0,0,1,2,27.99,20918.1,0.4223
0,legit,0,0,0,0,0,0,14061.75,23376.49,0.1548
1,fraud,1,0,1,1,0,0,50.0,168389.91,0.9029
0,legit,0,0,0,1,0,0,17694.46,23127.96,0.2154
1,fraud,1,1,0,0,0,0,56.07,58366.39,0.4949
0,legit,0,0,0,0,0,0,33531.39,50938.24,0.5013
1,fraud,1,1,0,0,1,1,2.45,140017.53,0.7461
0,legit,0,1,0,0,0,0,5826.24,1918.12,0.0245
1,fraud,0,1,0,1,1,1,5.99,55250.16,0.9329
0,legit,1,1,0,0,0,0,1337.42,8.33,0.0
1,fraud,1,0,1,0,1,0,53.71,101896.64,0.5842
0,legit,1,0,0,1,0,0,1072.0,21967.08,0.1401
1,fraud,1,1,0,0,1,1,1984.4,10092.21,0.1322
0,legit,1,0,0,0,0,0,35461.49,82784.48,0.4164
1,fraud,1,1,0,0,1,1,78.94,78813.54,0.602
0,legit,0,0,0,0,0,0,5192.73,5624.97,0.0336
1,fraud,1,1,0,1,0,2,113.26,89675.93,0.6055
0,legit,0,0,0,0,0,0,75.06,1636.64,0.0503
1,fraud,1,0,1,0,0,0,5075.21,42392.87,0.9162
0,legit,0,0,0,0,0,0,873.94,16526.22,0.0917
1,fraud,1,0,0,0,1,2,271.63,144890.66,0.8562
0,legit,0,0,0,0,0,0,405.95,34930.47,0.3338
1,fraud,1,0,1,1,1,0,1383.5,55251.1,0.4481
0,legit,0,0,0,0,0,0,809.96,8656.75,0.0737
1,fraud,1,1,1,1,1,3,28.29,28184.87,0.1558
0,legit,0,1,0,0,0,0,8611.33,11406.38,0.3726
1,fraud,1,1,1,1,1,2,3031.03,50263.32,0.8546
0,legit,0,0,0,0,0,0,17488.42,2882.86,0.0869
1,fraud,1,1,0,0,0,2,56.59,110436.05,0.622
0,legit,0,0,0,0,0,0,568.22,7094.88,0.119
1,fraud,1,1,1,1,1,3,12.42,16580.15,0.2998
0,legit,0,0,0,0,0,0,17091.36,4255.32,0.0408
1,fraud,1,0,1,1,1,1,51.46,67747.95,0.64
0,legit,1,0,0,0,0,0,1045.12,11990.54,0.0609
1,fraud,1,1,1,0,1,1,10.71,90554.13,0.9921
0,legit,0,1,0,0,0,0,14129.65,14727.76,0.1638
1,fraud,1,1,0,1,1,1,43.98,92712.75,0.6521
0,legit,0,0,0,0,0,0,943.67,28771.98,0.6129
1,fraud,1,1,1,1,0,1,51.09,48964.41,0.4915
0,legit,0,0,0,0,0,0,477.01,15651.14,0.3879
1,fraud,0,0,0,1,1,0,47.54,40176.41,0.443
0,legit,0,1,0,0,0,0,38310.43,8453.93,0.049
1,fraud,0,1,0,1,0,3,3.62,48817.7,0.5613
0,legit,1,0,0,0,0,0,5648.55,16678.2,0.0992
1,fraud,1,1,0,1,0,0,4530.69,52622.61,0.7298
0,legit,0,0,0,0,0,0,40737.99,16296.45,0.0937
1,fraud,1,1,1,0,1,2,6.47,80762.78,0.5527
0,legit,0,0,0,0,0,0,20267.61,14953.7,0.1212
1,fraud,1,0,0,0,1,0,40.54,57186.7,0.8207
0,legit,0,0,0,0,0,0,2662.08,23905.1,0.1861
1,fraud,1,1,0,1,1,3,786.8,36777.24,0.9536
0,legit,0,0,0,1,0,0,1033.98,10791.9,0.0745
1,fraud,1,0,1,1,0,2,26.38,5703.53,0.1696
0,legit,0,1,0,0,0,2,39600.29,7734.29,0.0472
1,fraud,1,0,0,1,1,0,251.18,86958.38,0.9348
0,legit,0,0,0,0,0,0,488.17,87702.87,0.6551
1,fraud,1,1,0,1,1,1,1086.34,26255.73,0.7666
0,legit,0,0,0,0,0,0,628.95,6640.56,0.0414
1,fraud,0,1,0,0,1,0,46.35,59871.75,0.9104
0,legit,0,0,0,1,0,0,1161.97,3714.42,0.0476
1,fraud,1,1,0,1,1,0,27.79,28815.58,0.7708
0,legit,0,0,0,0,0,0,33912.46,103571.64,0.5684
1,fraud,1,1,1,1,1,2,44.57,46194.49,0.2918
0,legit,0,0,0,0,0,1,2360.34,6625.53,0.0822
1,fraud,1,1,1,0,0,0,83.75,45687.41,0.5063
0,legit,1,0,0,0,0,0,15841.28,2791.49,0.0283
1,fraud,1,1,1,0,0,1,33.49,75740.67,0.6555
0,legit,0,0,0,0,0,2,961.86,43017.38,0.4923
1,fraud,1,1,0,0,1,2,12.85,75673.34,0.894
0,legit,0,0,0,0,0,0,7230.43,8114.24,0.1312
1,fraud,1,0,0,0,1,3,45.46,18393.07,0.2073
0,legit,1,0,0,0,0,0,24609.91,26973.67,0.3504
1,fraud,1,1,0,1,0,2,708.06,68739.43,0.817
0,legit,0,0,0,1,1,0,1358.83,9864.56,0.2223
1,fraud,1,1,0,1,1,0,468.94,8188.65,0.0734
0,legit,0,0,0,0,0,0,12174.22,13356.35,0.201
1,fraud,1,1,0,1,1,2,5056.49,52050.68,0.9686
0,legit,0,1,1,0,0,0,3407.32,5454.37,0.0388
1,fraud,1,1,0,1,1,1,2203.74,108236.32,0.9154
0,legit,0,0,0,0,0,0,16247.97,4579.83,0.2142
1,fraud,1,1,0,0,0,0,908.63,115239.67,0.8583
0,legit,0,0,0,0,0,0,30450.64,47869.78,0.2695
1,fraud,1,1,1,1,1,0,20.21,133292.56,0.8102
0,legit,0,0,0,0,0,0,36176.37,3487.78,0.0221
1,fraud,1,1,0,0,1,0,25.82,14981.92,0.1515
0,legit,0,0,0,0,0,0,1056.69,6981.9,0.1759
1,fraud,1,1,1,1,1,2,1372.6,89200.47,0.4602
0,legit,0,0,0,1,1,1,39057.33,33106.82,0.3791
1,fraud,0,1,0,1,1,0,60.89,114995.17,0.7977
0,legit,0,0,0,0,0,0,432.86,15905.3,0.1224
1,fraud,1,1,0,1,1,2,17.59,9991.87,0.2852
0,legit,0,0,0,0,0,0,18491.41,23223.25,0.1497
1,fraud,1,1,1,0,0,1,5215.95,33139.62,0.5175
0,legit,0,0,0,0,0,0,12688.66,14811.27,0.5085
1,fraud,1,1,0,0,1,0,852.41,158610.91,0.9348
0,legit,0,0,0,0,0,0,31743.18,5636.74,0.0878
1,fraud,1,1,0,0,0,1,427.96,37830.29,0.6764
0,legit,0,0,0,0,1,0,29289.05,1850.79,0.0125
1,fraud,1,0,1,0,1,0,2034.24,47306.28,0.456
0,legit,0,0,0,0,0,0,12759.12,2507.95,0.0262
1,fraud,1,1,0,0,1,2,389.65,68714.73,0.5852
0,legit,0,1,0,0,0,0,32911.67,3792.26,0.0471
1,fraud,1,0,0,1,0,0,3692.03,41316.28,0.8014
0,legit,0,0,0,0,0,0,34957.57,28669.75,0.2136
1,fraud,1,1,0,1,1,3,578.68,26427.45,0.8668
0,legit,0,0,0,0,0,0,1309.33,65109.52,0.6502
1,fraud,1,1,0,1,1,1,997.89,159790.78,0.8527
0,legit,0,1,0,0,0,0,478.42,2536.67,0.0311
1,fraud,1,1,1,1,0,0,46.51,72549.58,0.7465
0,legit,0,0,0,0,0,0,1248.45,1482.65,0.0278
1,fraud,1,1,0,1,1,2,0.35,84239.13,0.9349
0,legit,1,0,0,0,0,0,42287.01,71085.23,0.5054
1,fraud,1,1,0,1,1,1,3299.13,31716.89,0.6404
0,legit,0,0,0,0,0,0,14681.91,5385.22,0.0418
1,fraud,1,1,1,0,1,1,2204.34,99748.7,0.538
0,legit,0,0,0,0,0,0,34680.3,24295.53,0.143
1,fraud,1,0,0,0,1,2,46.28,18840.1,0.1754
0,legit,0,0,0,0,0,0,36217.03,1693.67,0.0095
1,fraud,1,0,0,1,0,1,904.36,74187.48,0.7804
0,legit,0,0,0,0,0,0,24781.15,8448.42,0.0717
1,fraud,1,1,0,1,1,1,58.64,1604.07,0.0553
0,legit,0,0,0,0,0,0,11311.66,59902.14,0.5794
1,fraud,1,1,0,1,1,0,58.37,63671.05,0.7488
0,legit,0,0,0,1,0,0,851.15,1120.7,0.0104
1,fraud,1,1,0,1,1,1,27.43,84236.29,0.4535
0,legit,1,0,0,0,0,0,484.44,9961.7,0.0801
1,fraud,1,1,1,1,0,0,121.4,88307.43,0.5223
0,legit,0,0,0,0,0,0,653.47,2452.19,0.0584
1,fraud,1,1,0,1,0,0,172.06,83905.54,0.7296
0,legit,1,0,0,0,1,0,701.91,12733.65,0.0861
1,fraud,1,0,1,0,1,0,34.0,98494.6,0.9089
0,legit,1,0,0,0,0,1,529.17,29717.08,0.2188
1,fraud,1,1,0,0,0,2,16.0,127654.28,0.976
0,legit,0,0,0,0,0,0,30445.17,1690.93,0.0122
1,fraud,1,0,1,1,0,1,4429.71,17206.82,0.5782
0,legit,0,0,0,0,0,0,1243.78,81871.18,0.4403
1,fraud,1,1,0,0,1,0,823.83,23012.76,0.1893
0,legit,0,0,0,0,0,1,961.94,39488.21,0.5776
1,fraud,1,1,1,0,1,1,336.59,75393.31,0.6204
0,legit,1,1,0,0,0,0,20788.17,3693.87,0.1341
1,fraud,1,1,0,1,1,0,2520.51,67219.52,0.7886
0,legit,0,0,0,0,0,0,410.77,8937.73,0.085
1,fraud,1,0,0,1,0,0,54.11,16981.45,0.1219
0,legit,1,0,0,0,0,0,13217.94,2856.76,0.0434
1,fraud,1,1,0,0,1,0,2403.26,136509.99,0.8055
0,legit,0,0,0,0,0,0,97.18,106608.44,0.6885
1,fraud,1,0,1,0,1,1,14.42,48192.28,0.5814
0,legit,0,0,0,0,0,0,9426.62,25684.4,0.4912
1,fraud,1,0,0,0,1,0,14.83,82456.13,0.4536
0,legit,0,0,0,0,1,0,928.69,61751.45,0.4064
1,fraud,1,1,0,0,0,1,42.39,31786.65,0.4008
0,legit,0,0,0,0,0,0,19780.78,5141.67,0.196
1,fraud,1,0,0,1,1,1,2.78,14779.9,0.7232
0,legit,1,0,0,0,0,0,11445.94,82998.46,0.4304
1,fraud,1,1,1,0,1,0,47.65,19609.72,0.4453
0,legit,1,0,0,0,0,0,3268.82,30287.21,0.1768
1,fraud,1,1,1,0,0,0,49.12,91924.12,0.791
0,legit,0,0,0,0,0,1,5897.63,425.95,0.0027
1,fraud,1,1,1,0,1,0,1121.78,98332.89,0.9639
0,legit,0,0,0,0,0,0,895.52,17490.72,0.1097
1,fraud,1,0,0,1,0,1,587.78,38561.49,0.5715
0,legit,0,0,0,1,0,0,24215.94,83590.22,0.5579
1,fraud,1,1,0,1,0,1,39.08,128710.32,0.686
0,legit,0,0,0,0,0,0,19734.67,3042.84,0.0375
1,fraud,0,1,1,0,1,2,796.3,39067.83,0.9089
0,legit,0,0,0,1,0,0,188.9,8834.29,0.1757
1,fraud,0,1,1,1,1,0,37.47,98674.07,0.7033
0,legit,0,0,1,0,0,0,20359.14,23186.84,0.1339
1,fraud,1,1,1,0,1,0,5682.99,46753.82,0.447
0,legit,0,0,0,0,0,0,492.73,23506.69,0.4946
1,fraud,1,1,1,1,1,0,2447.91,10656.27,0.2498
0,legit,0,0,0,0,0,0,1111.51,7622.83,0.0813
1,fraud,1,1,1,1,0,2,25.1,78754.77,0.6165
0,legit,0,0,0,0,0,0,904.37,5431.76,0.1019
1,fraud,1,1,1,0,1,2,41.04,73070.53,0.5049
0,legit,0,0,0,1,0,0,31294.8,35508.52,0.1916
1,fraud,1,1,0,1,1,0,23.15,4722.14,0.1307
0,legit,0,0,0,0,1,0,30804.53,11593.0,0.0981
1,fraud,1,0,1,1,1,0,1120.11,22392.16,0.4142
0,legit,0,0,0,0,0,0,19158.11,12691.48,0.1457
1,fraud,1,1,0,1,1,0,15.97,4041.28,0.1313
0,legit,0,0,0,0,0,0,1297.53,15195.35,0.0983
1,fraud,1,1,0,1,1,1,17.28,19773.96,0.1754
0,legit,0,0,0,0,0,1,10359.27,12.78,0.0003
1,fraud,1,1,0,1,1,1,680.6,87726.15,0.6402
0,legit,0,0,0,0,0,0,276.9,21810.73,0.2997
1,fraud,1,1,0,0,0,1,1391.34,89165.61,0.4688
0,legit,1,1,0,0,0,0,542.52,100803.83,0.5712
1,fraud,1,0,0,1,1,1,1835.26,20798.87,0.2436
0,legit,0,0,1,0,0,0,109.25,12010.92,0.1035
1,fraud,0,1,0,1,0,2,4409.78,69409.52,0.7523
0,legit,0,0,0,0,0,0,942.28,22080.76,0.1248
1,fraud,1,1,0,1,0,2,860.0,10838.58,0.5141
0,legit,0,0,0,0,1,0,1465.18,1389.71,0.0538
1,fraud,1,1,0,0,0,0,2183.17,108971.65,0.5634
0,legit,0,0,0,0,0,2,17633.73,2365.47,0.0153
1,fraud,1,1,0,1,1,0,565.87,54688.75,0.5219
0,legit,0,0,0,0,0,0,23401.06,1348.8,0.009
1,fraud,1,1,1,1,1,0,1247.59,39085.1,0.2072
0,legit,0,0,0,0,0,0,46.6,11574.92,0.1775
1,fraud,1,1,0,1,0,2,4834.42,114181.8,0.7338
0,legit,0,0,0,0,0,0,11597.26,49464.88,0.3019
1,fraud,0,1,0,0,1,2,1417.62,44566.47,0.797
0,legit,0,0,0,1,0,0,22408.58,2855.44,0.0222
1,fraud,1,1,1,0,1,2,27.19,44672.63,0.8201
0,legit,0,0,0,1,0,0,1240.19,16955.84,0.3604
1,fraud,1,1,1,0,0,0,48.16,16828.64,0.1322
0,legit,0,0,0,0,1,0,29495.58,8319.06,0.1059
1,fraud,1,0,1,1,1,0,5728.93,32216.86,0.2842
0,legit,0,1,0,0,0,0,1025.4,30703.64,0.1842
1,fraud,1,1,0,1,0,0,799.36,54893.48,0.563
0,legit,0,0,0,0,0,0,23202.91,4917.7,0.0335
1,fraud,1,1,0,1,1,1,163.03,11420.7,0.0625
0,legit,0,0,0,0,0,0,4443.94,11781.35,0.1234
1,fraud,1,1,1,0,1,1,45.35,29985.46,0.6323
0,legit,0,0,0,0,0,0,38018.74,9217.19,0.0678
1,fraud,1,1,1,0,0,1,45.7,80954.8,0.5029
0,legit,1,0,0,0,0,0,30888.21,1779.35,0.0306
1,fraud,1,1,0,1,1,2,5.05,29342.03,0.2696
0,legit,0,0,0,0,1,0,1028.8,2958.23,0.0637
1,fraud,1,1,0,0,1,1,423.43,16636.88,0.6843
0,legit,0,0,0,0,0,0,28895.78,21523.27,0.1874
1,fraud,1,0,0,1,0,2,37.16,71521.25,0.6651
0,legit,0,0,0,1,0,0,28887.73,8931.1,0.0646
1,fraud,1,0,1,0,1,3,1345.18,34757.51,0.4192
0,legit,0,0,0,0,0,2,1341.42,23811.31,0.4711
1,fraud,0,1,0,1,1,1,37.52,14631.06,0.5651
0,legit,0,0,0,0,0,0,325.72,19982.39,0.1272
1,fraud,0,1,0,1,0,1,51.11,153326.91,0.9209
0,legit,0,0,0,0,0,0,14723.84,5100.56,0.0324
1,fraud,1,1,0,0,1,1,9.86,1345.22,0.0576
0,legit,0,0,0,0,0,0,42471.24,15798.74,0.2722
1,fraud,1,1,1,0,0,0,32.23,74249.49,0.4545
0,legit,0,1,0,0,0,0,849.94,5101.39,0.0303
1,fraud,1,1,1,1,0,1,967.06,53486.11,0.519
0,legit,1,0,0,0,0,0,40760.46,424.12,0.005
1,fraud,1,1,0,1,1,1,22.28,106942.05,0.9892
0,legit,0,0,0,1,1,0,21372.32,29271.16,0.3713
1,fraud,1,1,0,0,0,0,24.33,68162.65,0.4832
0,legit,1,0,0,0,0,1,1.37,5056.04,0.0811
1,fraud,1,1,1,1,1,1,1437.24,113703.5,0.5756
0,legit,1,0,0,1,0,0,17692.5,2913.34,0.0308
1,fraud,1,1,0,0,1,2,48.2,14920.76,0.7182
0,legit,0,0,0,0,0,0,20940.36,4887.93,0.0843
1,fraud,1,0,0,0,1,0,3053.35,68838.52,0.7805
0,legit,1,0,1,1,0,1,328.42,24062.16,0.5881
1,fraud,1,0,0,1,1,1,3594.1,91220.22,0.6407
0,legit,0,0,0,0,0,0,30158.06,26756.07,0.155
1,fraud,0,1,0,1,1,2,2.25,33084.85,0.4645
0,legit,0,0,0,0,0,0,789.18,70975.08,0.3655
1,fraud,1,1,1,1,0,1,11.22,43578.72,0.2811
0,legit,1,1,0,0,0,0,14685.71,5099.23,0.0342
1,fraud,1,1,1,1,1,0,47.63,63137.1,0.5688
0,legit,0,0,0,0,0,1,633.06,39362.0,0.4632
1,fraud,1,1,1,1,1,0,1135.44,14000.15,0.1082
0,legit,0,1,0,0,0,0,7805.21,9427.51,0.0976
1,fraud,1,1,0,0,0,0,58.34,80742.74,0.6609
0,legit,0,0,0,0,0,0,10.47,3027.6,0.0294
1,fraud,1,1,0,0,1,1,1337.1,19075.37,0.2075
0,legit,0,0,0,0,0,0,1335.05,9731.33,0.0537
1,fraud,1,1,1,0,1,0,3577.1,165410.54,0.9346
0,legit,0,0,0,0,0,0,28813.82,3420.86,0.0424
1,fraud,1,1,0,1,1,2,25.9,33775.15,0.9526
0,legit,0,0,0,1,0,0,11346.07,2157.31,0.0535
1,fraud,1,0,1,0,1,0,602.65,55633.03,0.7145
0,legit,0,0,0,0,0,0,269.23,1127.57,0.0157
1,fraud,0,1,0,1,1,1,874.87,62350.06,0.6469
0,legit,0,0,0,0,0,0,697.11,21645.63,0.1405
1,fraud,1,1,1,1,1,2,180.1,61428.07,0.8104
0,legit,0,0,0,0,0,0,1394.45,11508.27,0.0738
1,fraud,1,1,0,1,1,2,28.39,15150.62,0.1324
0,legit,0,0,0,0,0,0,556.94,52638.27,0.3315
1,fraud,1,1,0,1,0,0,4933.61,60564.56,0.8326
0,legit,1,0,0,0,0,0,666.85,3915.86,0.0938
1,fraud,1,1,0,1,1,1,828.61,97612.84,0.6261
0,legit,0,0,0,0,1,0,960.74,34452.87,0.3574
1,fraud,1,1,1,1,0,0,22.1,127042.37,0.8591
0,legit,0,0,0,1,0,0,18506.52,3262.25,0.0259
1,fraud,1,0,1,1,1,1,18.41,151165.33,0.8363
0,legit,0,0,0,0,0,0,15988.0,2121.14,0.0255
1,fraud,0,1,1,1,0,0,1137.62,121229.87,0.7838
0,legit,0,0,0,0,0,0,1339.34,34700.3,0.2192
1,fraud,1,1,0,0,1,2,47.26,16645.58,0.7296
0,legit,0,0,0,1,0,0,1215.35,31076.77,0.1594
1,fraud,1,0,0,0,1,1,2746.06,23881.99,0.2913
0,legit,0,0,0,0,0,0,5688.83,6136.14,0.0758
1,fraud,1,1,0,0,1,2,58.06,11409.27,0.4011
0,legit,0,0,0,0,0,0,1874.27,29256.27,0.4917
1,fraud,1,0,0,0,1,1,1953.59,6225.88,0.073
0,legit,0,0,0,0,0,0,101.54,35058.6,0.3814
1,fraud,1,1,1,0,0,0,46.48,20377.61,0.6096
0,legit,0,0,0,0,0,0,3582.41,41795.27,0.2648
1,fraud,1,1,0,1,1,0,646.92,34947.46,0.1782
0,legit,0,0,0,0,0,0,1393.53,6849.11,0.1008
1,fraud,1,0,0,0,1,0,5628.16,84745.83,0.7068
0,legit,0,0,0,0,0,1,198.84,5018.79,0.0768
1,fraud,0,1,1,0,1,0,1170.66,85125.84,0.8692
0,legit,0,0,0,0,0,0,42589.18,28492.87,0.1454
1,fraud,1,0,1,1,1,0,8.07,38949.97,0.5488
0,legit,0,0,0,0,0,0,117.51,2774.14,0.0739
1,fraud,1,0,0,1,0,0,667.63,107304.06,0.9582
0,legit,0,0,1,0,0,0,28608.41,25215.61,0.1545
1,fraud,1,1,1,0,1,0,17.4,2629.7,0.065
0,legit,1,0,0,0,0,0,25887.63,4430.87,0.0744
1,fraud,1,1,1,1,1,1,1053.7,86198.69,0.8123
0,legit,0,0,0,0,0,0,105.52,5017.07,0.074
1,fraud,1,1,0,1,1,2,0.71,99850.81,0.7094
0,legit,0,0,0,0,0,0,38785.44,12016.76,0.0708
1,fraud,1,1,1,1,1,1,774.64,10632.15,0.23
0,legit,0,0,0,0,0,0,39943.51,26026.6,0.1944
1,fraud,1,1,1,1,0,2,25.72,29691.41,0.2879
0,legit,1,0,0,0,0,0,125.8,13985.61,0.1981
1,fraud,1,1,0,1,0,2,43.34,97721.77,0.5953
0,legit,0,0,0,0,0,0,1296.54,684.82,0.0037
1,fraud,1,1,1,0,0,1,4208.94,31011.21,0.2513
0,legit,0,0,0,0,0,1,1139.25,7539.49,0.1039
1,fraud,0,1,1,0,1,1,57.73,24905.76,0.5866
0,legit,0,0,0,0,0,0,600.38,5485.82,0.1764
1,fraud,1,1,1,1,1,0,9.93,29596.1,0.9312
0,legit,0,0,0,0,1,0,14262.78,10045.65,0.057
1,fraud,1,1,1,1,0,3,1295.17,90428.62,0.739
0,legit,0,1,0,1,0,0,512.1,3222.35,0.0767
1,fraud,1,1,0,1,1,2,5080.94,21678.2,0.6828
0,legit,0,0,0,0,0,0,11109.0,3412.51,0.1578
1,fraud,1,1,0,1,0,1,27.99,107582.18,0.7186
0,legit,1,0,0,0,0,0,992.98,25338.52,0.1653
1,fraud,1,1,0,1,0,1,3586.4,12578.51,0.1695
0,legit,0,0,0,0,0,0,2148.77,3461.08,0.0898
1,fraud,1,1,0,1,0,0,984.58,17927.24,0.247
0,legit,0,0,0,0,0,0,1280.28,11200.76,0.1758
1,fraud,0,0,1,1,0,0,44.17,53694.84,0.9556
0,legit,0,0,0,0,0,0,807.5,6961.54,0.1192
1,fraud,1,0,1,1,1,2,916.53,71555.69,0.6581
0,legit,0,0,0,0,0,0,7867.22,447.33,0.0106
1,fraud,1,0,0,1,1,1,2.44,158241.75,0.8984
0,legit,0,1,0,1,1,0,821.94,9878.18,0.0621
1,fraud,1,1,1,1,1,1,1002.14,134793.16,0.7352
0,legit,0,0,0,0,0,0,733.85,607.63,0.0187
1,fraud,1,1,1,1,1,1,577.99,151149.87,0.7841
0,legit,0,0,0,0,0,0,19703.76,28512.94,0.3279
1,fraud,1,1,0,1,1,0,458.07,99783.02,0.7095
0,legit,0,1,0,0,0,0,1381.96,11076.41,0.1038
1,fraud,1,1,0,0,1,0,12.02,81234.87,0.6499
0,legit,0,0,0,0,0,1,143.41,706.44,0.005
1,fraud,0,1,0,1,0,1,52.61,160723.58,0.9831
0,legit,0,0,0,0,0,0,35834.48,8251.6,0.05
1,fraud,1,1,0,0,1,0,114.16,18278.59,0.729
0,legit,0,0,0,1,0,1,706.85,22027.33,0.1388
1,fraud,0,1,1,1,1,0,31.12,27962.58,0.1595
0,legit,0,0,0,0,0,0,324.2,76767.79,0.5339
1,fraud,0,0,0,1,1,2,815.46,16684.25,0.8139
0,legit,0,0,0,0,0,0,31362.8,1024.52,0.0167
1,fraud,1,1,0,1,1,0,1774.8,42213.02,0.2592
0,legit,0,0,0,0,0,0,1140.22,1674.23,0.0336
1,fraud,0,0,0,0,0,2,1033.94,16983.93,0.2248
0,legit,0,0,0,1,0,0,630.25,9953.09,0.4537
1,fraud,1,0,1,1,1,1,5743.49,45391.1,0.6809
0,legit,0,0,0,0,0,0,22947.88,67959.1,0.3771
1,fraud,1,1,1,1,0,2,4.29,27675.14,0.4539
0,legit,0,0,0,0,0,0,411.31,43390.84,0.2522
1,fraud,1,1,0,0,1,2,3265.53,111819.24,0.7007
0,legit,1,0,0,1,0,0,5607.31,2881.68,0.0152
1,fraud,1,1,1,1,0,0,3664.67,115893.57,0.6781
0,legit,0,0,0,1,0,0,1334.79,2170.51,0.0803
1,fraud,1,1,1,0,1,0,9.26,54110.47,0.4177
0,legit,0,0,0,0,1,0,334.88,53917.8,0.6866
1,fraud,1,1,0,1,1,1,55.4,15207.05,0.1326
0,legit,0,0,0,0,0,0,379.47,11843.1,0.064
1,fraud,1,1,1,1,0,0,1368.12,26949.01,0.6044
0,legit,0,0,0,0,0,0,26927.97,33143.26,0.4851
1,fraud,1,0,1,0,0,1,31.32,32986.39,0.2528
0,legit,0,0,0,0,0,0,12139.96,9358.07,0.0647
1,fraud,1,1,1,1,0,1,35.85,118605.73,0.6068
0,legit,0,0,0,0,0,0,1095.7,7428.28,0.1574
1,fraud,1,1,0,1,0,1,220.8,38582.76,0.9974
0,legit,0,0,0,0,0,0,36940.86,2534.86,0.0647
1,fraud,0,0,1,0,0,2,1027.92,19030.31,0.5843
0,legit,0,0,0,0,0,0,25951.41,39307.94,0.2003
1,fraud,0,1,0,0,1,0,19.91,59644.74,0.8523
0,legit,0,0,0,0,0,0,42500.05,29203.22,0.2278
1,fraud,0,1,0,1,0,3,2.1,91995.82,0.5468
0,legit,0,0,0,0,0,0,7413.2,2476.77,0.0578
1,fraud,1,1,0,1,1,0,257.9,96145.69,0.7837
0,legit,1,0,0,0,0,1,960.22,16228.78,0.1119
1,fraud,1,1,0,1,1,1,839.63,66234.35,0.5049
0,legit,0,1,0,0,0,0,11911.98,17577.31,0.2167
1,fraud,1,0,0,1,1,0,889.94,91795.38,0.5813
0,legit,0,0,0,0,0,0,319.04,991.67,0.0104
1,fraud,1,1,0,1,1,0,1201.32,25582.55,0.8694
0,legit,0,0,0,0,0,2,791.28,29124.04,0.1476
1,fraud,0,1,0,0,1,1,47.07,53162.2,0.7101
0,legit,0,0,1,0,0,0,16974.43,16632.68,0.0908
1,fraud,1,1,1,0,1,1,9.56,92974.12,0.6121
0,legit,0,0,0,0,0,0,29307.62,16115.02,0.0912
1,fraud,1,0,0,0,0,0,20.8,25045.56,0.615
0,legit,0,0,0,0,0,0,1108.03,635.53,0.007
1,fraud,1,1,1,1,1,0,36.85,159736.87,0.8266
0,legit,0,0,0,0,1,0,971.11,7969.71,0.0778
1,fraud,0,1,1,0,0,1,17.89,64736.85,0.611
0,legit,0,0,0,0,0,0,473.19,48202.68,0.6337
1,fraud,1,1,0,0,0,1,946.67,26300.87,0.153
0,legit,0,0,0,0,0,0,16079.38,66841.18,0.4257
1,fraud,1,0,1,1,1,2,585.61,161850.68,0.8801
0,legit,1,0,0,1,1,0,9005.01,4866.07,0.0647
1,fraud,0,0,1,0,1,0,192.85,90372.83,0.9385
0,legit,0,0,0,0,1,0,1971.1,21443.92,0.1185
1,fraud,1,1,1,0,1,3,53.93,15619.84,0.6917
0,legit,0,0,0,1,0,0,340.53,14904.02,0.2008
1,fraud,1,1,0,1,1,1,3386.77,130844.43,0.7668
0,legit,0,0,0,0,0,0,1430.83,10164.02,0.0705
1,fraud,0,0,0,1,1,0,20.53,24363.27,0.8951
0,legit,0,1,0,0,0,1,209.72,14409.03,0.0889
1,fraud,1,0,1,1,0,0,1115.95,17400.74,0.4791
0,legit,0,0,0,0,0,0,1208.52,4990.45,0.0459
1,fraud,1,1,0,1,0,0,2349.43,120135.95,0.9402
0,legit,0,0,0,0,0,0,39886.88,21341.12,0.1903
1,fraud,1,0,0,1,1,0,1885.94,138250.01,0.7508
0,legit,0,0,0,0,0,0,576.01,12084.83,0.0805
1,fraud,1,1,1,1,1,0,19.77,6472.65,0.2294
0,legit,0,0,0,0,0,0,40.03,13416.09,0.119
1,fraud,0,0,0,1,1,0,455.5,15885.49,0.1033
0,legit,0,0,0,0,1,0,1104.01,4958.52,0.084
1,fraud,1,1,0,0,0,3,38.91,50571.39,0.6012
0,legit,0,0,0,0,0,0,3656.15,68163.21,0.6691
1,fraud,0,1,0,0,1,1,50.58,7954.29,0.0641
0,legit,0,0,0,0,0,0,34476.59,102481.36,0.5262
1,fraud,1,1,1,0,1,0,4670.76,106457.1,0.8941
0,legit,0,0,0,0,0,0,36553.87,5479.35,0.0712
1,fraud,1,1,0,1,0,2,50.53,49943.34,0.4078
0,legit,1,0,0,1,0,1,34516.26,375.62,0.0066
1,fraud,1,0,0,1,1,2,690.38,35076.62,0.4912
0,legit,0,0,0,1,0,0,9803.83,32585.25,0.2919
1,fraud,1,0,0,0,0,1,16.85,68521.74,0.4785
0,legit,1,0,0,0,1,0,1161.79,87280.05,0.468
1,fraud,1,0,1,1,0,0,39.4,51177.07,0.8095
0,legit,0,0,0,0,0,0,1204.8,14682.24,0.3352
1,fraud,0,0,1,0,1,1,1.37,42884.22,0.516
0,legit,0,0,0,0,0,0,18897.34,34554.5,0.4952
1,fraud,1,0,0,0,1,3,4188.14,137128.06,0.7013
0,legit,0,0,0,0,0,0,34404.69,102573.51,0.6872
1,fraud,1,1,0,0,1,0,3305.72,184044.99,0.9884
0,legit,0,0,0,0,0,0,41115.32,112307.64,0.6204
1,fraud,1,0,0,1,1,0,40.74,158781.03,0.8538
0,legit,0,0,0,0,0,0,29527.79,18830.06,0.2135
1,fraud,1,1,1,0,0,0,634.87,80833.32,0.6811
0,legit,0,0,0,0,1,1,2314.3,2388.68,0.0224
1,fraud,1,1,1,0,1,1,3246.76,127041.4,0.6455
0,legit,0,0,0,0,0,0,18284.79,1368.96,0.0108
1,fraud,1,1,0,0,1,2,35.8,36505.49,0.2128
0,legit,1,1,0,0,1,0,1373.59,3365.66,0.0712
1,fraud,1,0,0,1,0,2,27.52,51875.12,0.2903
0,legit,0,0,0,1,0,0,30099.32,3046.15,0.1218
1,fraud,1,1,1,0,1,0,43.43,47819.34,0.7947
0,legit,0,1,0,0,0,0,661.57,38475.58,0.366
1,fraud,1,0,1,1,1,2,4131.9,154041.99,0.7775
0,legit,0,0,0,0,0,0,6034.1,80432.95,0.4315
1,fraud,1,0,1,1,1,0,2320.17,76224.22,0.4998
0,legit,1,0,0,1,0,0,6161.13,20997.16,0.6528
1,fraud,1,1,1,0,0,0,2484.16,10746.09,0.1801
0,legit,1,0,0,0,0,0,35136.25,8789.73,0.1205
1,fraud,1,1,0,1,1,1,1427.16,88054.7,0.4911
0,legit,0,0,0,0,0,1,28670.44,1514.87,0.0104
1,fraud,1,1,1,0,1,2,686.58,56838.8,0.73
0,legit,0,0,0,1,0,0,1341.43,10648.49,0.0637
1,fraud,1,0,0,1,1,1,3713.05,38847.81,0.8567
0,legit,0,0,0,0,0,0,1321.0,7286.5,0.0435
1,fraud,0,0,0,0,0,1,57.81,56126.35,0.4703
0,legit,0,0,0,0,0,1,28592.51,7196.74,0.0954
1,fraud,1,1,1,1,1,2,37.89,13759.85,0.4264
0,legit,0,0,0,0,0,0,2902.01,32946.96,0.3444
1,fraud,1,1,1,1,1,1,39.58,89266.16,0.8243
0,legit,0,0,0,0,0,0,11675.31,18407.68,0.1137
1,fraud,0,1,1,0,1,0,22.21,85620.16,0.8965
0,legit,0,0,0,0,0,0,1369.57,3122.58,0.0195
1,fraud,1,1,0,1,1,2,5136.83,43111.16,0.875
0,legit,0,0,0,0,0,0,712.7,30983.03,0.2538
1,fraud,0,1,1,1,1,2,3571.41,64147.48,0.6943
0,legit,0,1,0,0,0,0,24860.84,9339.9,0.0522
1,fraud,1,1,0,0,0,0,739.15,14394.28,0.1199
0,legit,1,0,0,0,0,1,1052.69,24447.85,0.2075
1,fraud,1,1,0,1,1,1,1088.26,6034.28,0.2299
0,legit,0,0,0,0,0,0,33594.4,53124.96,0.6474
1,fraud,1,1,0,0,1,0,427.72,24183.3,0.1578
0,legit,0,0,0,1,0,0,39359.56,258.15,0.0025
1,fraud,1,1,0,1,1,0,1056.13,61994.26,0.9708
0,legit,0,0,0,0,0,0,1059.84,10343.73,0.1497
1,fraud,1,0,0,0,0,1,33.36,116834.76,0.8268
0,legit,0,0,0,0,0,0,31025.65,10231.16,0.1222
1,fraud,1,1,1,1,1,0,974.79,89298.77,0.9476
0,legit,0,0,0,0,0,0,19977.93,4108.22,0.0546
1,fraud,1,1,0,0,0,0,464.48,63764.63,0.6284
0,legit,0,0,0,1,1,0,211.05,4599.98,0.0551
1,fraud,1,0,1,1,1,1,5.37,146308.39,0.8028
0,legit,0,0,0,0,0,1,18570.06,2601.73,0.0393
1,fraud,1,0,0,1,1,0,2520.91,35307.78,0.2997
0,legit,0,0,0,0,0,0,656.96,9273.17,0.047
1,fraud,1,0,1,0,1,0,0.61,49035.23,0.6565
0,legit,1,0,0,0,0,0,21858.94,37138.02,0.2337
1,fraud,1,1,0,0,1,1,3983.02,181684.12,0.9629
0,legit,0,0,0,0,0,0,5826.6,6932.25,0.1368
1,fraud,1,1,1,0,0,2,52.72,152426.38,0.9933
0,legit,0,0,0,0,0,0,514.88,28338.51,0.1522
1,fraud,1,1,0,1,1,0,31.4,55575.48,0.2835
0,legit,0,0,0,0,0,0,11477.77,15111.02,0.1745
1,fraud,1,1,1,0,1,0,18.72,98001.68,0.75
0,legit,0,0,0,0,0,0,17379.46,1321.78,0.0283
1,fraud,1,0,1,1,1,0,432.57,67977.9,0.6516
0,legit,0,0,0,0,0,0,40232.04,1920.85,0.046
1,fraud,0,1,0,0,1,1,430.66,57102.62,0.6366
0,legit,0,0,0,0,0,2,302.59,2806.18,0.0238
1,fraud,1,1,0,0,0,2,59.62,100160.71,0.8042
0,legit,0,0,0,0,1,0,954.93,41229.82,0.3331
1,fraud,1,1,0,0,0,1,746.6,102841.12,0.6711
0,legit,0,0,0,0,1,0,32351.42,35659.69,0.2182
1,fraud,0,1,1,1,1,1,50.26,82331.79,0.8782
0,legit,0,0,0,0,1,0,42707.73,7235.77,0.0634
1,fraud,0,1,1,0,1,1,5724.34,121477.91,0.7407
0,legit,0,0,0,0,0,0,427.65,34119.36,0.2432
1,fraud,1,1,1,0,0,0,1058.62,36413.29,0.283
0,legit,0,0,0,0,0,0,1275.45,8955.95,0.0669
1,fraud,0,1,1,0,0,0,867.61,115777.94,0.6509
0,legit,0,0,0,0,1,0,1022.71,22021.42,0.1295
1,fraud,1,1,1,1,1,1,29.23,68722.92,0.5342
0,legit,0,0,0,0,0,2,934.72,7488.84,0.1611
1,fraud,1,1,0,0,1,1,26.57,174263.8,0.8839
0,legit,1,0,0,0,0,0,1136.48,5506.76,0.0897
1,fraud,1,1,0,0,0,1,39.03,38394.66,0.6711
0,legit,0,0,0,0,0,0,838.81,724.37,0.0119
1,fraud,1,1,0,1,1,0,35.12,93624.18,0.9538
0,legit,0,0,0,0,0,0,39318.87,10854.54,0.1236
1,fraud,1,1,0,0,1,1,42.68,103197.0,0.5202
0,legit,0,0,0,0,0,0,726.02,4542.48,0.0425
1,fraud,1,1,1,1,0,0,908.15,90495.86,0.5725
0,legit,0,0,0,1,0,0,11502.95,1703.74,0.0253
1,fraud,1,1,0,1,1,1,509.3,61305.86,0.6342
0,legit,0,0,0,0,0,2,2267.65,324.08,0.0018
1,fraud,1,1,1,0,0,2,2220.05,13348.34,0.1107
0,legit,0,0,0,0,0,1,39202.49,3841.74,0.0759
1,fraud,0,1,0,1,1,1,1252.38,36527.19,0.7751
0,legit,0,0,0,0,0,0,3512.72,2687.41,0.0318
1,fraud,1,1,0,1,1,1,2.57,82967.87,0.8479
0,legit,0,1,0,1,0,0,34310.82,1107.21,0.0188
1,fraud,1,1,1,0,1,1,22.6,26184.89,0.746
0,legit,0,0,0,0,0,0,25917.05,12887.55,0.1353
1,fraud,1,1,1,1,0,0,4.1,45969.68,0.2753
0,legit,0,0,0,0,0,0,209.47,22109.18,0.1549
1,fraud,1,1,0,1,1,2,797.49,55125.14,0.6155
